CNPJ,RAZAO_SOCIAL,DDD1,TELEFONE1,DDD2,TELEFONE2,EMAIL,,,
59332751000158,HB JUNIOR CONTABIL SP,61,81317133,11,17059189,HBJUNIORCONTABILSP@GMAIL.COM,,,
59368525000127,MERAKI,11,33445137,11,33445137,CONTATO@MERAKICONTABIL.COM,,,
59515340000106,FOGAROLLI & CONSULTORES,11,47229015,,,FOGAROLLI.CONSULTORES@GMAIL.COM,,,
59672921000143,CENTRAL LATINA CONTABIL,11,52713935,11,42184505,ADV.LUIZDIAS@GMAIL.COM,,,
59747455000118,ANDRADE PERICIAS CONTABEIS LTDA,11,97549791,,,MARCELO@ANDRADEPERICIAS.COM.BR,,,
59443225000165,PROVERBS CONTABILIDADE DIGITAL,11,21102749,11,86429610,CONTATO@PROVERBSCONTABIL.COM.BR,,,
59771975000166,CONTABILIDADE MACKENZIE,11,98472393,16,97423809,CONTABILIDADE_MACKENZIE@YAHOO.COM,,,
59849993000113,,11,32556547,,,JLTEMPRESARIOS@GMAIL.COM,,,
60347198000106,JR EXPERTISE CONTABIL & CONSULTORIA,11,64695980,,,ROBSON@JREXPERTISECONTABIL.COM.BR,,,
60363626000194,,11,50844943,11,99047403,TELMAESPINOSA@UOL.COM.BR,,,
60374322000122,DIGIDOCTOR,35,30256308,,,DIGIDOCTOR@DIGIDOCTORCONTABIL.COM.BR,,,
60406771000105,PREVISIONAL CONTABILIDADE CONSULTIVA,11,40153979,,,RADAMES@MENEGHETTI.COM.BR,,,
60407051000164,,11,55563355,,,AKRONOCONTABIL@GMAIL.COM,,,
60727538000124,TAXMIND INSIGHTS & SOLUTIONS,11,85170247,,,CONTATO@TAXMIND.COM.BR,,,
19276152000220,,21,35530747,,,ADMISTRATIVO@PRAMEX.COM,,,
60759606000137,,11,33849931,,,SOLUTTYASSESSORIA@GMAIL.COM,,,
60776403000159,,11,40153979,,,RADAMES@MENEGHETTI.COM.BR,,,
61083680000149,ODONTO MANAGER,11,55295608,,,CONTATO@ODONTOGESTOR.COM.BR,,,
61239381000150,,11,59798383,,,E.G.CONTABIL@OUTLOOK.COM,,,
61254495000170,,11,30359895,,,SFM.CONTABIL@GMAIL.COM,,,
14243715000260,VALENTIM CONTABILIDADE,83,86606028,,,ANDERSON@VALENTIMCONTABILIDADE.COM.BR,,,
61451594000141,,11,25328059,,,PAULISTANA@PAULISTANACONTABIL.CNT.BR,,,
61462342000118,,11,35871449,,,ESCRITORIO@RBY.COM.BR,,,
61618908000158,SL ASSESSORIA CONTABIL,11,39376386,,,SLASSESSORIA17@GMAIL.COM,,,
28234832000353,,31,34277584,,,LEGALIZACAO@LABORUMCONTABILIDADE.COM.BR,,,
13714599000258,,11,39333939,,,STYLLUS@STYLLUSCONTABIL.COM.BR,,,
61898583000104,,11,45623900,,,GABRIELLA@LUZCONSULTORIA.CNT.BR,,,
61268609000211,BERTONI & REZOLUTI CONTADORES CONSULTIVOS,16,88465005,,,FABIANA.BERTONI@BERTONIREZOLUTI.COM.BR,,,
45098557000145,SMARTSOLVE CONTABILIDADE DOS PUBLICITARIOS,11,40841022,,,LEGALIZACAO@SMARTSOLVE.COM.BR,,,
58422608000194,,11,23062621,,,VALOR@VALORCONTABILIDADE.COM.BR,,,
52514687000187,EBJ,11,92950189,0,0,BUZAM@UOL.COM.BR,,,
55523356000100,,11,39005005,,,LEGALIZACAO@TOMAZELI.CNT.BR,,,
46384516000188,METTA ASSESSORIA E SERVICOS,11,41022728,,,CONTATO@METTAASSESSORIACONTABIL.COM.BR,,,
54691205000190,GABRIEL ANTUNES,11,61751286,,,GABRIELSD399@HOTMAIL.COM,,,
61990879000150,AQIF,11,84177148,,,EDISON.C.FERNANDES@GMAIL.COM,,,
62123331000176,SIXCONTABIL,11,91824999,,,CONTATO@SIXCONTABIL.COM.BR,,,
62221955000126,,11,69201475,11,69201475,LILIAN.ESTEVAM@HOTMAIL.COM,,,
62501600000190,,11,31701313,,,SOCIETARIO@PRIME-CONTABILIDADE.COM,,,
62514255000120,MELLO CONTABILIDADE,11,54661693,,,CGSMELLO@OUTLOOK.COM,,,
62571924000103,VVAI ASSESSORIA CONTABIL,11,79942200,,,VVAICONTABILIDADE@GMAIL.COM,,,
62588676000103,,11,40446667,,,CONTATO@CONTABILIDADEMB.COM.BR,,,
62597770000110,C&S SERVICOS,11,46818963,11,46818885,CAROLINESOUZA32@YAHOO.COM.BR,,,
62830564000109,AUDIMAR AUDITORIA,11,36721754,11,50512009,WMAR@AUDIMAR.COM.BR,,,
62913580000165,TRC CAPP,11,38363122,,,TALITACAPP@GMAIL.COM,,,
63017048000122,RHOGAN CONTABILIDADE,11,78036866,,,RHOGANWEB@RHOGAN.COM.BR,,,
63350321000136,,11,20904570,,,PARALEGAL@AGORADEULUCRO.COM.BR,,,
63504998000181,MADIZ CONTABILIDADE,11,94928586,11,94928586,CONTATO@MADIZCONTABILIDADE.COM.BR,,,
63737230000158,TARGET GESTAO CONTABIL,11,71221180,,,ANALUIZA@TARGETGESTAOEFINANCAS.COM.BR,,,
43330000000243,JFGRANJA CONTABILIDADE,11,30535568,,,SOCIETARIO@JFGRANJA.COM.BR,,,
63972000000173,MA2,11,31116050,,,ADMINISTRACAO@LIFECONT.COM.BR,,,
63978336000143,COOPERCONT,11,71896719,11,71896719,LIDIANE@COOPERJURI.COM,,,
64035212000197,ESCRITORIO DE CONTABILIDADE CHM,11,73317531,11,73317531,HENRIQUE.CHMCONTABIL@GMAIL.COM,,,
64333061000153,DCOST CONTABILIDADE E BPO FINANCEIRO,11,85108254,11,85108254,DANIELAHOC@GMAIL.COM,,,
64337295000179,,11,95945114,,,GILBERTOHMOREIRA@YAHOO.COM.BR,,,
64346753000136,JP CONTABIL LTDA,11,27497580,,,CONTATO@JPCONTABILSP.COM.BR,,,
11107122000360,,69,32121001,,,DYEGO@DEVCONTABILIDADE.COM,,,
64551832000189,FIDERE,11,44140107,11,44140107,LECHEMERLY@GMAIL.COM,,,
64604003000117,R7N,11,45390966,,,R7NCONTABILIDADE@GMAIL.COM,,,
64683515000116,,11,21490500,,,RAFAEL.RENART@HONDATAR.COM.BR,,,
64728847000170,LUCAS PEREIRA SOLUCOES CONTABEIS LTDA,11,27421369,,,LUCASDTLC88@GMAIL.COM,,,
64744009000190,RN BEZERRA CONSULTORIA CONTABIL,11,85209096,11,85209096,RAFAELANASCIMENTOB@HOTMAIL.COM,,,
64756583000168,SPX ADVISORY,11,53443403,11,53443403,FELIPESOUSA01@OUTLOOK.COM,,,
64786322000190,AXIS MED CONTABIL,11,28727444,,,AXISMEDCONTABIL@GMAIL.COM,,,
64809339000116,KG CRUZ CONTABILIDADE,11,69491916,11,96949191,KGCRUZCONTABILIDADE@GMAIL.COM,,,
64833685000130,LM PRIME PAULISTA,11,84739729,,,CONTATO@LMPRIMEPAULISTA.COM.BR,,,
64845900000112,,11,67454280,11,67454280,ELTONDESOUZA.EDSV@GMAIL.COM,,,
64988032000120,,11,22012848,,,GAZOLABR@HOTMAIL.COM,,,
65038616000105,MAVAL,11,68719025,11,68719025,MAVALASSESSORIACONTABIL@OUTLOOK.COM,,,
65117341000197,,11,32249139,11,39314543,PAULO.LOPES@ECDASSESSORIA.COM.BR,,,
64732147000159,,11,98164335,,,ROSELICARNEIRO.CONTABILIDADE@GMAIL.COM,,,
65220938000162,,11,11960477,,,CONTATO@ARKADCONTABIL.COM.BR,,,
65316848000170,,11,73474372,11,73474372,ANAP.FELIX07@GMAIL.COM,,,
65332824000104,CONTABIL PROSPERARE,11,81471324,11,81471324,MARCELO.CASSIANO@OUTLOOK.COM.BR,,,
65420766000170,EXCELENTE CONSULTING LTDA,11,96145044,,,ERIBEIRO@EXCELENTEGESTAO.COM,,,
65443091000185,PIOTTO AUDITORIA E ASSESSORIA CONTABIL,11,98233712,11,98233712,CONTABFISCALPIOTTO@UOL.COM.BR,,,
65517581000189,,11,25774560,,,ASCEF@ASCEF.COM.BR,,,
65559657000139,RL ASSESSORIA E CONSULTORIA,11,51780074,11,51780074,REL@RELASSESSORIA.COM.BR,,,
65756503000137,MJ E R ASSESSORIA E CONSULTORIA CONTABIL,11,58378608,11,58378608,ROBERTALAYSE88@GMAIL.COM,,,
65768786000137,PRIME HUB SOLUCOES TRIBUTARIAS,11,94491357,11,94491357,CONCEICAO_A_BARROS@HOTMAIL.COM,,,
65896416000185,PRONTO CONTABIL,11,40708070,11,53598315,MARCELOMUSACHI@GMAIL.COM,,,
65974920000156,LEAND ASSESSORIA CONTABIL,11,49334877,11,49334877,CAMILLAAPDFS33@GMAIL.COM,,,
65978455000121,TRENTINI ASSESSORIA CONTABIL,11,75119067,11,75119067,LEANDRO.TRENTINI@GMAIL.COM,,,
65981350000121,MIGITA ADVISORY,21,95936417,,,RAISA.MIGITA@OUTLOOK.COM,,,
65992587000108,,11,57814771,11,57814771,KA.SS18@ICLOUD.COM,,,
66008270000157,KR ASSESSORIA CONTABIL,11,47736486,11,47736486,ASSESSORIACONTABILKR@OUTLOOK.COM,,,
66170438000126,ZAMFER CONTABILIDADE,11,46708329,,,NAIARAFERREIRA460@GMAIL.COM,,,
66377240000118,PR ROMANELLI CONTABILIDADE,11,49945436,,,ROMANELLICONTABILIDADE@GMAIL.COM,,,
66395723000145,CONEXAO CONTABILIDADE,11,88137170,,,ELIASSILVASP@YAHOO.COM.BR,,,
66442262000114,SOSSECORP,11,82776683,,,SOSSECORP.GESTAO.EM.FINANCAS@GMAIL.COM,,,
66585044000139,ATENA CONTABILIDADE E ASSESSORIA EMPRESARIAL,11,27760200,,,LEONARDOCARDOSOOLIVEIRA159@GMAIL.COM,,,
66718302000108,,11,26935141,11,26935143,VANESSA@CONTALABAETE.COM.BR,,,
66745765000169,F&M CONSULTORIA E CONTABILIDADE,11,85991325,11,85991325,FCANDIANI92@GMAIL.COM,,,
66795927000173,,11,98842820,11,99999999,MARGARETH.COLOMBO2882@GMAIL.COM,,,
66911551000115,TMZ SERVICOS E ASSESSORIA CONTABIL,11,99530743,,,IVANATHOMAZ@HOTMAIL.COM,,,
66961353000166,,11,32303040,,,CAMILA.TOLEZI@HOTMAIL.COM,,,
66985357000184,,11,20505320,,,FINANCEIRO@CLAGLOBAL.COM.BR,,,
67217832000135,CC&O AUDITORES E CONSULTORES,11,88630671,11,88630671,CARLOS.SOUZAECOSTA@GMAIL.COM,,,
67252574000128,MISTER CONT ECOMMERCE,11,45643336,,,SOCIETARIO@MISTERCONT.COM.BR,,,
67310997000157,,11,60553062,11,60553062,RAFAELZORZETTI@GMAIL.COM,,,
67602418000140,AMS ASSESSORIA CONTABIL,11,48737033,,,AMCONTABIL2017@HOTMAIL.COM,,,
67647673000109,CONTE + CONTABILIDADE,11,98224519,,,CONTABILIDADECONTEMAIS@GMAIL.COM,,,
67693707000100,EFOLHA RJSP CONTABILIDADE,11,81068608,,,CONTADOR@RJSPCONTAB.COM.BR,,,
67819642000198,,11,99999999,,,ADEMIR.CAMPOS@PLENACONSULT.COM.BR,,,
67820681000105,SAMPAIO CONTABILIDADE,11,99999999,,,CONTATO@SAMPAIOCONTABILIDADE.COM,,,
68102749000183,KN ASSESSORIA EMPRESARIAL,11,95789578,12,98165209,GESTAO@KNASSESSORIA.COM.BR,,,
68153586000168,TMCONT CONSULTORIA,11,34321616,,,CONTATO@FAWZCONTABILIDADE.COM.BR,,,
68392825000132,LABORA CONTABILIDADE E GESTAO,11,75006267,,,LABORACONTABILIDADE@GMAIL.COM,,,
68460568000129,,11,74031088,,,HELIOBIR@YAHOO.COM.BR,,,
13000160,SSC ASSESSORIA CONTABIL,11,36444211,,,CONTATO@SSCBRASIL.COM.BR,,,
325000174,,11,47809875,11,47809876,TERGEC@TERGEC.COM.BR,,,
2777000195,,11,39763672,,,CONTATO@OLIVEIRACASTROCONTABIL.COM.BR,,,
4964153000100,,11,59085300,,,F.ANDRADE@CONTWARE.COM.BR,,,
74920000154,,,,,,,,,
5035032000146,,11,69015573,,,,,,
1744356000100,,11,32580538,,,DIRECIONALCONTABIL@UOL.COM.BR,,,
3411993000182,MARK,11,23065009,,,GILBERTO@MARK.COM.BR,,,
3413540000195,,11,55057879,,,gilberto@globalfinance.com.br,,,
3470344000152,COELHO ASSESSORIA,11,99571586,,,COELHOEA@TERRA.COM.BR,,,
214771000181,,11,32557708,,,CONTABILIDADE@HARDCORECONSULTORIA.COM.BR,,,
5165167000126,,,,,,,,,
1850140000111,,11,38584141,,,WV@WVCONTABIL.COM.BR,,,
1850376000158,MELLO CONTABILIDADE,11,55418343,,,LILIAN@MELLOBOX.COM.BR,,,
1896093000147,,11,55053324,11,55053324,ivan.peppe@planerj.com.br,,,
5239226000163,,11,51052271,,,KATIA@EXAMCONTABIL.COM.BR,,,
5239426000116,,11,38138768,,,jksantos@terra.com.br,,,
3588434000142,DM & ASSOCIADOS CONTABIL,11,56335300,,,JUNIOR@DMASSOCIADOS.COM.BR,,,
296212000168,DONA & SEPPI,,,,,,,,
5276242000126,IVMA,11,50162701,,,,,,
315683000176,J R P,11,35633901,,,PAULO@JRPCONTABILIDADE.COM.BR,,,
3616591000114,CONTABILIZII,11,22156565,,,CONTATO@CONTABILIZII.COM.BR,,,
3620799000107,ASSTIL SERVICOS CONTABEIS E EMPRESARIAIS,11,22332614,,,asstil@asstil.com.br,,,
334811000129,CONFIL,11,31056388,11,31052946,marcilinos@uol.com.br,,,
96514799000103,CONCEITUAL,11,50411170,,,CONCEITUAL@CONCEITUAL.CNT.BR,,,
5319416000190,ESCRITORIO CONTABIL NASCIMENTO,11,23410111,11,23410442,escritorionascimento@terra.com.br,,,
5339330000120,TGS - BRASIL,11,51852733,,,LH@TGS-ORCANSA.COM.BR,,,
379590000105,,11,55735330,,,,,,
385058000109,,11,38510417,,,sebastiaopessoa@ig.com.br,,,
3700831000164,,11,31060097,,,srocha@ssinfo.com.br,,,
2032391000151,ESTRELA CONTABILIDADE,,,,,,,,
416756000116,ORCCAP,11,27830787,,,ORCCAP@ORCCAP.COM.BR,,,
5420940000153,CUNHA ASSESSORIA CONTABIL,11,33378615,11,32227881,CUNHACONTABIL@UOL.COM.BR,,,
5446239000103,,11,36678241,,,VENEGAS@VENEGASCONTABIL.COM.BR,,,
483238000115,ALFIERI,,,,,,,,
483484000177,CARVALHO ACCOUNTING,11,95787333,,,ROCONTABEIS10@GMAIL.COM,,,
5501553000141,BESSA PERICIAS JUDICIAIS,11,33934946,,,A4.PERICIAS@UOL.COM.BR,,,
5505065000102,,11,39256076,,,fbascont@gmail.com,,,
3852049000160,HEC,11,38738151,,,HEC@HECCONTABIL.COM.BR,,,
3891865000183,ADVENTURE - CONTABILIDADE E ASSUNTOS FISCAIS LTDA,11,22952733,11,20911004,FISCAL@ADVENTURECONTABILIDADE.COM.BR,,,
3905485000150,INFORME CONTABILIDADE,11,69109090,,,,,,
639053000157,FS ASSESSORIA,,,,,,,,
645493000117,,11,2760742,,,,,,
2383087000159,OPCAO 1,11,37331511,,,opc1@terra.com.br,,,
764689000120,,,,,,,,,
793229000120,,,,,,,,,
4140629000198,,11,38755478,,,,,,
2442373000148,SANTOS ASSESSORIA EMPRESARIAL,7107,6920601,11,28843777,,,SOCIETARIO@SANTOSASSESSORIA.COM.BR,
5852458000192,,11,33723700,11,33723701,FISCAL@GLOBALCONSULTING.COM.BR,,,
5861098000195,,11,32564807,,,contabilidade@account.com.br,,,
880549000118,,,,,,,,,
881882000141,BASE CONTABIL,11,38531444,11,38531445,BASE@BASECON.COM.BR,,,
2547351000142,,11,38075721,11,38075716,MOISES@GESCORE.COM.BR,,,
935356000117,NET WORTH,11,51829882,11,51813373,networth@globo.com,,,
5954486000110,,11,32296727,11,32289898,ITAUNA@ITAUNACONT.COM.BR,,,
5999078000185,,11,55490199,,,brasilaccounting@uol.com.br,,,
980001000140,,11,32299205,11,33137841,ADRIANO.DIAS@ADEPP.COM.BR,,,
982065000180,,11,32554567,,,atendimento@bontempocontabil.com.br,,,
6022216000134,,11,29593722,11,29593722,comercial@contabilnorte.com.br,,,
6031434000135,,11,66840708,11,91592500,ADM.ACK@ACKSAITOCONTABILIDADE.COM.BR,,,
2640939000146,DMR ASSESSORIA & CONSULTORIA.,11,31070192,,,dmr@dmrconsultoria.com.br,,,
6055064000176,,11,22767052,,,CONTAIBI@TERRA.COM.BR,,,
6055071000178,,11,39767821,,,,,,
2667901000167,,11,33232244,,,RIGLIAS.CONTABILIDADE@GMAIL.COM,,,
2683393000100,,11,20917885,,,AUGUSTO@TRUNPHO.COM.BR,,,
2698325000115,,11,42248444,,,DANIEL@CONTABILBILLALTA.COM.BR,,,
4466216000106,,,,,,,,,
1101370000188,,11,55496406,,,,,,
4476525000159,TRIX CONTABIL,11,23842641,11,23852641,ROBSON@TRIXCONTABIL.COM.BR,,,
6159908000129,DINIZQ CONSULTORES ASSOCIADOS,11,69499690,,,apdm@uol.com.br,,,
4490321000172,PPKK,11,69463450,,,,,,
55578249000170,GIRAO CONTABIL,11,32232848,,,LEGALIZACAO@GIRAOCONTABIL.COM.BR,,,
6174886000176,,11,30907510,,,SOCIETARIO@PMCCONTABILIDADE.COM.BR,,,
1151510000122,,,,,,,,,
6199369000151,,11,23062621,,,VALOR@VALORCONTABILIDADE.COM.BR,,,
55946750000142,,11,55893597,11,55893769,incoplan@terra.com.br,,,
73950388000165,,11,32592919,,,sales@salesassessoria.com.br,,,
2822977000110,N.M. ASSESSORIA EMPRESARIAL,11,32554006,,,NM-ASSESSORIA@NM-ASSESSORIA.COM.BR,,,
56462708000119,,,,,,,,,
1218669000117,DL,11,61525061,,,,,,
74636572000106,,11,56687988,,,coslyne@terra.com.br,,,
2889663000134,DATA PATRONUS,11,23382482,11,23382483,SOCIETARIO@ISMPH.COM.BR,,,
4660938000199,TAVARES CONTABILIDADE,11,33312051,11,32223138,ROSANGELA@TAVARESCONTABIL.COM.BR,,,
57185365000155,,11,22398527,,,TERUYA@CONTABILTERUYA.COM.BR,,,
4665275000103,,11,37140037,11,37144237,AGOSTO.BR@UOL.COM.BR,,,
6353423000171,,11,22271593,,,SOUZADIASCONTABIL@TERRA.COM.BR,,,
1288783000113,,,,,,,,,
1294526000194,,11,31202573,11,91525882,MELLOVEI@TERRA.COM.BR,,,
57860090000108,,11,38753082,,,PROSISCONT@PROSISCONT.COM.BR,,,
58107293000190,,11,38814550,,,CONTROLW@CONTROLW.COM.BR,,,
58369935000120,ESCRITORIO DE CONTABILIDADE IMIRIM,,,,,,,,
4788243000197,,,,,,,,,
6965278000180,,11,37212104,11,37212114,RUBENS@GRUPOROMA.COM.BR,,,
58493180000170,,,,,,,,,
6970692000187,ATITUDE ASSESSORIA CONTABIL,11,37338191,,,contato@atitudecontabil.srv.br,,,
58628082000101,,11,56319123,,,TEROL.CONTABILIDADE@GMAIL.COM,,,
6982776000130,MF CONTADORES ASSOCIADOS,11,22112650,11,29169033,CONTATO@MFCONTADORES.COM.BR,,,
58728924000199,,11,56412045,11,56414173,,,,
1419836000198,ISOCON CONTABILIDADE & LEGALIZACAO DE EMPRESAS,11,38001567,,,ADM1.ISOCON@GMAIL.COM,,,
58873894000104,NOVA COMPUTABILE,11,20929902,11,20983644,NOVACOMP@TERRA.COM.BR,,,
7010581000191,AB CONTABILIDADE,11,29672888,,,SOCIETARIO@KRSCONTABIL.COM.BR,,,
59088419000190,,11,56320518,11,56319916,CONTALEX@CONTALEX.COM.BR,,,
7042076000129,,11,38315353,,,ATENDIMENTO@SELCYR.COM.BR,,,
7042376000108,,11,31712400,11,31712403,,,,
4882638000154,,11,23389218,11,99465630,MAUROMILITAO@HOTMAIL.COM,,,
7078304000110,,11,31016602,,,MARCIO@ACTOSERV.COM.BR,,,
7101618000197,GVLCONT,11,33994273,,,GVLCONT@UOL.COM.BR,,,
59948067000103,,11,21458850,,,LUCILIA.DIRETORIA@CONTABILNICOLINI.COM.BR,,,
59948851000103,,11,33922284,11,33925149,carivan@uol.com.br,,,
7135749000195,,11,82467992,,,CRIS.BARROS.GOES@TERRA.COM.BR,,,
1537617000103,,11,90225288,,,CONTABILOLIVEIRA@TERRA.COM.BR,,,
60261021000192,,11,29555585,11,38073676,FABIO@GABARITOCONTABIL.COM.BR,,,
7167792000132,,11,21760250,11,21760254,,,,
1571252000133,,,,,,,,,
60533460000107,,,,,,,,,
60536935000119,,,,,,,,,
60907698000155,,11,21710800,,,LEGAL@VRSCONTABIL.COM.BR,,,
7221925000101,,11,55418534,11,56862727,JOILSON.OLIVEIRA@SINAICONTAB.COM.BR,,,
3273332000138,,11,32263880,,,CONTATO@CAPSERV.COM.BR,,,
61197257000170,,11,38715520,,,OLIVEIRAENOGUEIRA@OLIVEIRAENOGUEIRA.COM.BR,,,
61313318000117,,11,30355200,,,CIOLA@CONTABILCIOLA.COM.BR,,,
61385183000103,,11,39741173,,,ABERTURA@RDMCONTABIL.COM.BR,,,
61389805000163,,,,,,,,,
61406815000160,,,,,,,,,
61412755000198,,,,,,,,,
43027028000125,,,,,,,,,
43085547000140,,11,55819550,11,96276955,paulo@reaudicontabil.com.br,,,
43224617000101,,11,33353510,,,,,,
61581724000160,,0,0,,,admiconta@uol.com.br,,,
43456664000172,,11,32718367,11,84560491,EYOSHIDA@SOMACONT.COM,,,
61859179000121,,11,26925204,11,26925263,CONTABEL@TERRA.COM.BR,,,
44018547000190,,11,32219140,11,22926052,CONTAF@TERRA.COM.BR,,,
44409381000132,CHARLIE,11,38710325,11,38645714,SAC@CHARLIECONTABIL.COM.BR,,,
62461124000121,,,,,,,,,
62490198000196,,11,36415588,,,MAURICIO.ZOPPI@ZOPPI.COM.BR,,,
62571252000128,,11,32423468,,,ventura@venturanet.com.br,,,
62601893000188,LIBER,11,22151311,,,CONTABILIDADE@LIBERASS.COM.BR,,,
62757778000105,CONTABILIDADE SAGRES,,,,,,,,
45547189000175,,11,50446677,,,SECONTABIL@SECONTABIL.COM.BR,,,
45705233000128,,,,,,,,,
47291703000180,,11,26511286,,,ROBERTO.JALBERTO@TERRA.COM.BR,,,
47437033000167,,11,37982960,,,RODRIGO@ANDRACON.COM.BR,,,
64724446000141,COWORKING CAMPO BELO,11,31818180,11,31818183,MARCOS@MCLUCHINI.COM.BR,,,
64910136000111,,11,30611307,,,,,,
64911613000163,,11,35963144,,,SANCOR@UOL.COM.BR,,,
65035867000128,,11,69592969,,,rafro@uol.com.br,,,
65082752000194,,11,70566645,,,EDISON@INTERCONTABIL.COM.BR,,,
65505760000104,,11,67812853,11,67836935,nippcont@terra.com.br,,,
66054909000130,,11,50443594,,,FELIPEMINGUE.CONTABIL@EVICONT.COM.BR,,,
66066416000110,,11,66056165,,,stilot@terra.com.br,,,
66662990000131,,11,38868977,,,SILENE.MENDONCA@BR.GT.COM,,,
66664392000100,,11,29765992,11,29769021,ABERTURA.EMPRESA@KONTHEL.COM,,,
66855883000120,,11,22962122,,,FABIANO@FISCOTEC.COM.BR,,,
66860529000193,,11,50874899,,,BINAHAUDITORES@TERRA.COM.BR,,,
50202449000100,,11,50711620,11,25770463,equipcontab@uol.com.br,,,
50300987000138,,,,,,,,,
67117416000165,DAVID CONTABIL,11,38761281,,,JORGE.ALEX88@HOTMAIL.COM,,,
50675115000154,OSFE,12,39500100,,,LEGALIZACAO@GRUPOINNOVACON.COM.BR,,,
50712082000175,,,,,,,,,
67643106000184,,,,,,,,,
67833889000169,,11,35629465,11,51811910,MPATRICIO@MPATRICIO.COM.BR,,,
67970855000116,,,,,,,,,
67976639000188,SOMMA-NEGOCIOS,,,,,,,,
67976035000131,,11,91335573,11,92783754,CONTABILFRANCISCO@UOL.COM.BR,,,
51552933000122,,,,,,,,,
68473529000166,,11,34765521,,,CONTABILKM@TERRA.COM.BR,,,
68970045000122,,11,33417422,,,CONTABIL-LIBERDADE@UOL.COM.BR,,,
68970375000118,,,,,,,,,
52797784000124,CONTASP,,,,,,,,
52839511000103,,11,26935141,11,26935142,,,,
52843166000173,HFS,6920601,11,38136933,,,HFS@HFSCONTABILIDADE.COM.BR,,
53376794000159,CONTABIL CASTILHO,11,38879743,11,26674013,LFNCASTILHO@USP.BR,,,
53497723000104,,11,20818800,,,CONTATO@ESRCONTABIL.COM.BR,,,
71743827000133,,11,22398224,,,MEDEIROS@PGREGORIO.COM,,,
71843221000170,RVL CONTABILIDADE,11,17549894,,,CONTATO@RVLCONSULTORIA.COM.BR,,,
7577551000161,,11,61042778,,,wlconsult@ig.com.br,,,
1378226000193,,11,26436400,,,EVERALDO@ACESP.COM.BR,,,
60267101000155,,11,2209656,,,,,,
2868226000134,,11,39911393,11,99002118,ROBSON.SOUZA@DIFERENCIALCTB.COM,,,
60973526000180,CONFISCO CONTABIL,11,30325510,11,30325510,andre@hopenconsult.com.br,,,
7694123000119,RCH CONSULT,11,32631226,11,32851629,rch@rchconsult.com.br,,,
7719509000138,HOLY ENERGY BUSINESS,11,55894930,11,55897665,contato@solidacontabil.com,,,
7792378000114,IMPACTA,11,20817050,11,38049715,CRISTINA@IMPACTACONT.COM.BR,,,
7889763000184,,11,35003500,,,FINANCEIRO@SETECO.COM.BR,,,
7903469000180,,11,22154191,11,22155568,DIEGO@NOVAORIZON.COM.BR,,,
7962382000183,,11,36750294,,,jrgusmao@terra.com.br,,,
8108465000172,ORGANIZACAO CONTABIL ARCA,11,22114126,,,ctarca@terra.com.br,,,
8113851000152,SOUZA MELLO CONTABIL,11,30316806,,,ALESSANDRA@SOUZAMELLOCONTABIL.COM.BR,,,
3343487000101,AICITEL,11,8133002,,,,,,
4136896000191,AUGE,11,58412186,11,58412130,consultoria.auge@uol.com.br,,,
5362168000160,,11,50710838,11,50710704,CONTANET@CONTANETCONTABIL.COM.BR,,,
715960000138,J T ASSESSORIA CONTABIL S/C LTDA,11,56660311,,,JTCONTABIL@UOL.COM.BR,,,
6932969000187,,11,80728805,11,43017724,FELIPEBRAGION@ALLCOUNT.COM.BR,,,
58720632000100,,11,34764478,,,thomesc@thomesc.com.br,,,
1507897000107,AMPLITUDE,11,66470544,,,,,,
52579554000199,,11,31074771,11,32427927,CONTATO@NOVAERAORGANIZACAOCONTABIL.COM.BR,,,
7760271000194,,11,38160841,11,38160843,SOCIETARIO@EFFORTS.COM.BR,,,
382675000142,,,,,,,,,
58623190000183,,,,,,,,,
58725607000119,,,,,,,,,
6995404000149,PGM SERVICOS,11,56666001,,,PGM@PGMSERVICOS.COM.BR,,,
5865513000189,RESOLUCAO - CONTABILIDADE E ADMINISTRACAO DE IMOVEIS,11,31059358,,,alvesjulio@terra.com.br,,,
3045112000157,AJJAC,11,32284524,,,ajjac@terra.com.br,,,
7739043000132,,11,55811704,,,rubens@coinvalores.com.br,,,
59592790000194,UNIAO SERVICOS CONTABEIS,11,58517403,,,RIBEIRO.ASSIS@TERRA.COM.BR,,,
66665621000100,ABOIM CONTABILIDADE,11,25911191,,,ECABOIM@UOL.COM.BR,,,
52443827000173,,11,50846144,,,,,,
55075923000102,,11,29160460,,,ZUPO.AUDITORIA@TERRA.COM.BR,,,
7792454000191,CMX CONTABIL,11,22833115,11,22833229,RITA.MEDEIROS@CMXCONTABIL.COM.BR,,,
7913495000199,LPM CONTABIL,11,35422005,,,CONTATO@LPMCONTABIL.COM.BR,,,
59938415000153,,11,32275840,,,CONTATO@ACVILLELA.COM.BR,,,
7426841000104,UNIVERSO CONTABIL,11,32284974,,,UNIVERSOC2009@HOTMAIL.COM,,,
585000140,,,,,,,,,
4946250000170,,,,,,,,,
3318179000118,,11,31017931,,,PHENRIQUE@AUDITCONSULT.COM.BR,,,
5063626000160,,11,50213880,11,50710030,JOAQUIM@JOKASSESSORIA.COM.BR,,,
5164891000135,CONTABIL ROSASILVA,11,66517121,,,rosasilvacont@ig.com.br,,,
96501440000100,BUCK,11,36443299,,,VALTIER@ACCOUNTINGAE.COM.BR,,,
3721922000186,CALLTEC TRIBUTARIA,11,22111714,,,CALLTEC_CONTABILIDADE@YAHOO.COM.BR,,,
4084424000132,,11,46378899,,,EGOMES@P18CONSULTORES.COM.BR,,,
5744557000150,,11,21718898,,,KATIASAK2004@YAHOO.COM.BR,,,
852050000105,S.M.CONTABIL,11,22913451,11,20815192,SMCONTABIL1970@GMAIL.COM,,,
4216242000178,,11,66926308,,,lopespereira@ig.com.br,,,
4234923000169,,11,28843777,,,REGULARIZACAO@SANTOSASSESSORIA.COM.BR,,,
4299312000107,,11,42320198,,,AJESUS@COTIA.COM.BR,,,
73639312000113,,,,,,,,,
56320849000105,,11,22012000,,,CONTATO@CONTABILMADEIRA.COM.BR,,,
6347521000104,AFRA,11,22588905,11,22350708,afra.contabil@uol.com.br,,,
57354458000166,,11,40448199,,,HAPOIO@HAPOIO.COM.BR,,,
57814535000113,,11,31072647,11,31076519,sao-martinho@uol.com.br,,,
2991895000107,CONSULTUR,11,21499595,11,21499595,contabilidade@consultur.com.br,,,
1408460000116,,11,33846964,,,SAC@CONSULTORIAHERA.COM.BR,,,
4837105000150,ESCRITORIO CONTABIL FERNANDES,11,22014492,11,22018895,contabilidade.fernandes@ig.com.br,,,
59943662000148,,11,23445252,,,SAC@PROGRESSOCONTABIL.COM.BR,,,
60529690000100,FRANCO CONTABILIDADE,11,33110888,,,TALITA.DIRETORIA@FRANCONTABIL.COM.BR,,,
60563400000137,,,,,,,,,
61602306000102,,11,38485880,,,CONTABILIDADE_INTERNA@BDO.COM.BR,,,
43562495000155,,,,,,,,,
62024864000109,,11,51030181,,,LOGICA.CONTABIL@UOL.COM.BR,,,
44019586000101,ETC ESCRITORIO TANAKA DE CONTABILIDADE,11,32597746,,,tanaka.adv@uol.com.br,,,
7377363000190,AUTTORIA,11,32973956,,,AUTTORIA@AUTTORIA.ADM.BR,,,
64914963000183,,11,32555677,,,MARCELO@DEJALMADECAMPOS.COM.BR,,,
48912406000177,,11,32213517,,,havercont@uol.com.br,,,
66657529000190,,11,22096858,11,29835719,awal@awalassessoria.com.br,,,
86724630000124,,11,55061062,,,QUALIFY@SNET.COM.BR,,,
68159276000150,CIPRIANO ASSESSORIA,11,58410107,,,ciprianoassessoria@ciprianoassessoria.com.br,,,
68472869000172,PARCO,11,25968886,,,PARCO@PARCOCONTABILIDADE.COM.BR,,,
53379541000139,ESTUDIO 281 ASSESSORIA CONTABIL,11,29404039,,,CONTATO@ESTUDIO281.COM.BR,,,
71736995000100,PARADIGMA,11,50116935,11,50117610,COMERCIAL@PARADIGMACONTABIL.COM.BR,,,
3505624000159,,11,55650771,,,PREVISAO@PREVISAOCONTABIL.COM.BR,,,
7794028000197,,11,41050010,,,CONTATO@TARTER.COM.BR,,,
7022710000161,LIMA CONTABILIDADE,11,29522220,,,LEGALIZACAO@LIMA.COM.BR,,,
3939348000137,SN BELLA BRASIL,11,56113549,11,94275418,HELENO@SNBRASILCONTABIL.COM.BR,,,
4021984000148,PIETRINI ASSESSORIA EMPRESARIAL,11,69199090,,,pietrini@uol.com.br,,,
2806262000173,KARLLOS ESCRITORIO CONTABIL E FISCAL,11,22010925,,,KONTABILIDADE@TERRA.COM.BR,,,
43871789000169,,,,,,,,,
7921997000161,,11,96151261,,,MARCIO@MEDCONT.COM.BR,,,
48874390000155,,11,5427728,,,,,,
6532059000107,,11,23666221,,,ANDREIA@MCLL.COM.BR,,,
5912466000187,,11,25579490,,,COMERCIAL@OLIVEIRATELLES.COM.BR,,,
4671431000130,,11,28884747,,,GLAUCO@AFIXCODE.COM.BR,,,
1951236000176,,11,55067774,,,DENISE@LAHAMCONSULTORIA.COM.BR,,,
1802078000192,SAEX,11,67219344,,,sabio@sabiocontabil.com.br,,,
1811110000104,RESULT CONTABIL,11,37986515,11,29786500,PAULO@RESULTCONTABIL.COM.BR,,,
2169698000107,,11,99827139,,,,,,
3887435000198,META SOLUCAO,11,29776850,,,sac@metasolucao.com.br,,,
5551207000178,ROSSI & BARROS,11,50321062,,,barros_rb@msn.com,,,
4074140000165,,11,38815301,,,MARIO@MOURACONSULTORES.COM.BR,,,
863610000119,,11,22965479,11,22957748,org.cristo.rei@uol.com.br,,,
56171481000152,,11,99305926,,,PEDRO@MARIANOCONTABIL.COM.BR,,,
57282220000172,,11,23648741,,,,,,
3236050000160,,11,26986899,,,CONTATO@MIBSERVICOS.COM.BR,,,
43808005000158,,11,21433811,,,COMERCIAL@SILVERIO.COM.BR,,,
43872829000197,,11,39041800,,,CONTATO@ORGANDRADE.COM.BR,,,
64037443000130,,,,,,,,,
48776215000125,,,,,,,,,
67835181000147,,11,29940354,,,ARAUJOCONT@UOL.COM.BR,,,
67836551000160,,11,69503924,11,69503924,constec@constec.com.br,,,
69041895000109,MANA CONTABILIDADE SOCIAL,11,33268819,,,TERCEIROSETOR@MANACONTABILIDADE.COM.BR,,,
5775921000140,FALCON ORG CONTABIL,11,35827321,,,CONTATO@FALCONTABIL.COM.BR,,,
73732125000180,,11,50967540,,,CONTALEDI@TERRA.COM.BR,,,
67843607000104,,,,,,,,,
7771999000111,FATOR CONTABIL,11,32640080,11,32894593,NEIDE@FATORCONTABIL.COM,,,
66663501000166,,11,29490648,,,GACONT@TERRA.COM.BR,,,
6005051000192,CONTBYZA,11,40841022,,,LEGALIZACAO@SMARTSOLVE.COM.BR,,,
62461884000139,APRESS CONSULTORIA CONTABIL,11,23488499,,,DIRETORIA@APRESS.COM.BR,,,
177332000146,,11,26411069,11,26411123,MRABOSS@HOTMAIL.COM,,,
61188819000119,,11,55883004,11,55884007,FISCAL@RESSUL.COM,,,
5651173000193,BETA,11,22137215,11,22166892,LEGALIZACAO@CONTABILIDADEBETA.COM.BR,,,
5265587000184,,11,55350199,11,55351113,-SOCIETARIO@RGMCONSULTORIA2.COM.BR,,,
52028446000128,SPARTA CONTABIL,11,32285777,,,LEGALIZA@SPARTACONTABIL.COM.BR,,,
52633526000102,,11,38321598,,,EXPANSAO@TERRA.COM.BR,,,
7930293000155,ALPHA SERVICOS,11,58412420,,,ALPHA@ALPHACONTABILIDADE.COM,,,
68473305000154,,0,0,,,ALEXANDRA@CONTABILIDADELB.COM.BR,,,
46567947000180,CONTAUDI CONTABILIDADE,11,22252525,,,CONTAUDI@CONTAUDI.COM.BR,,,
8157975000130,CSRCONT ASSESSORIA CONTABIL,11,36152297,,,cesaraugustocont@hotmail.com.br,,,
8178118000116,,11,36997115,,,JEAN@VEJACONTABILIDADE.COM.BR,,,
8225975000120,NSN ASSESSORIA CONTABIL,11,30556964,11,30556955,satriano@adv.oabsp.org.br,,,
8233135000109,,11,55363337,,,CREPALDI@AASCONTABIL.COM.BR,,,
8250365000186,D'PAULA CONT,11,56210325,,,INTIMACOES@ADVOGADOSDM.COM.BR,,,
8251735000108,,11,34991637,,,CONTABILIDADELOPES@HOTMAIL.COM,,,
8257944000150,,11,69773488,,,sula@asteco.com.br,,,
8304122000183,,11,21827548,,,ATENDIMENTO@ATTENTIVECONTABILIDADE.COM.BR,,,
8310513000100,AMARAS,11,23681139,,,AMARASCONTABILIDADE@GMAIL.COM,,,
8393554000108,,11,87666670,,,MARCELO@MSTRIBUTARIO.COM.BR,,,
8411660000177,ORCEF ORGANIZACAO CONTABIL EFICAZ,11,38510167,,,ORCEF@ORCEF.COM.BR,,,
8486598000182,BONETTI & ASSOCIADOS CONSULTORIA EMPRESARIAL,11,32620655,,,alessandra.juridico@bonettiassociados.com.br,,,
8546213000125,KAPCON SERVICE GROUP OFFICE,11,55632375,,,CONTABILIDADE@KAPCON.COM.BR,,,
8745712000141,,11,20556867,,,ANDERSON@GRUPOCONSULTORES.COM.BR,,,
9120525000135,MSSANTINI CONSULTING,11,37573527,,,atendimento@mssantini.com,,,
20231126000184,SIM ASSESSORIA CONTABIL E FINANCEIRA,11,88126631,,,SILVIA@SIMASSESSORIACONTABIL.COM.BR,,,
9337889000171,EACON SERVICOS,11,55485584,11,56850913,EACON@EACON.ADM.BR,,,
9343515000169,,11,30321070,,,CJULIEN@CJULIEN.COM.BR,,,
9348520000164,MULTI ASSESSORIA CONTABIL,11,39781028,,,MULTICONTABILIDADE@UOL.COM.BR,,,
9419274000194,CONTINBOX CONTABILIDADE INOVADORA (MONTEZZI),11,33926213,,,MARCIO.MONTEZZI@MONTEZZICONSULTORIA.COM.BR,,,
9468988000192,,11,36743540,11,36742484,calf.brasil@br.pwc.com,,,
9498285000107,DELREI CONTABILIDADE,11,22892024,11,20828517,FISCAL@DELREICONTABILIDADE.COM.BR,,,
9516408000195,GONDIM CONTABILIDADE,11,67219423,,,,,,
9547994000135,ALLEANZA SERVICOS CONTABEIS,11,31429867,,,FISCAL@ALLEANZA.COM.BR,,,
9585029000157,MENDES E LEAL CONSULTORIA E ASSESSORIA CONTABIL LTDA,11,20843697,11,61284003,mendeseleal@gmail.com,,,
20246744000106,CELIMA ASSESSORIA,11,59223424,,,CELIMACONTABILIDADE@GMAIL.COM,,,
9634946000184,CC6 CONSULTORIA EMPRESARIAL,11,35244500,11,35244559,,,,
9665749000122,,11,33319134,,,CONTABILBARAO@UOL.COM.BR,,,
10284499000160,GENESE SERVICOS CONTABEIS,11,26139559,11,36759253,MARLENE@GENESECONTABIL.COM.BR,,,
10354303000166,,11,38142346,11,99739982,ivetefava@gmail.com,,,
10417165000117,SOLIDER CONSULTORIA CONTABIL,11,39412270,11,39434083,CONTATO@SOLIDERCONSULTORIA.COM.BR,,,
10144304000186,,11,30192928,,,CAMIRE@CAMIRE.COM.BR,,,
10466986000143,CTJ - ASSESSORIA EMPRESARIAL,11,47348062,,,ADM@CTJCONTABILIDADE.COM,,,
10474576000144,,11,32251010,,,SAVIANCONT@TERRA.COM.BR,,,
10575927000103,CONTABILIDADE RANDNY,11,20934595,,,CONTATO@RANDNY.COM.BR,,,
10648257000108,,11,22922049,11,22922707,CONTATOCOMCRB@GMAIL.COM,,,
10658937000102,,11,87825212,,,,,,
10694598000110,,11,32540666,,,OPERACIONAL4@CENTERGROUP.COM.BR,,,
10842760000108,SIGMA FISCAL,11,32833767,,,COMERCIAL@HERACORP.COM.BR,,,
10847418000192,JUMP AUDITORIA E PLANEJAMENTO CONTABIL,11,23385125,,,CONTATO@JUMPAP.COM.BR,,,
10885063000126,,11,22978233,,,ATIVAIUNES@GMAIL.COM,,,
10925052000122,EDUARDO APARECIDO ASSAD SERVICOS CONTABEIS EMPRESARIAIS,11,22127722,,,exatuss@ig.com.br,,,
9340636000157,GAC CONTABILIDADE,11,63418773,11,63414597,gac@contabilidadegac.com.br,,,
10941838000133,S.M.A CONTABILIDADE E ASSUSTOS FISCAIS,11,26428567,11,26420775,smcontabeis@hotmail.com,,,
10964267000152,ITER NOTUS ASSESSORIA CONTABIL,11,25072895,11,33415335,ITERCONT@TERRA.COM.BR,,,
10980615000185,ROMAO CONSULTORIA EMPRESARIAL,11,20768489,,,bandcontabil@yahoo.com.br,,,
11000967000190,CONSILVA CONTABILIDADE,11,58733797,,,consilva@uol.com.br,,,
11009085000195,,11,27967464,11,89605302,ROENTINI@GMAIL.COM,,,
11009095000120,CAMPAROLLI CONTABILIDADE,11,32221113,11,10136248,ELAINECAMPOS@CAMPAROLLI.COM.BR,,,
11012203000114,SOS CONTABILIDADE,11,25862392,11,25812482,KENED-GOMES@BOL.COM.BR,,,
11013194000186,CONTARPE ESCRITORIO DE CONTABILIDADE,11,20330351,11,34767477,FISCAL@CONTARPE.COM.BR,,,
11022934000140,BORSOI CONSULTORIA,11,36418910,,,MARCOS@BORSOICONSULTORIA.COM.BR,,,
11054974000174,,11,38571094,,,ENEOENE@UOL.COM.BR,,,
11110662000130,CONTABILIDADE KAIROS,11,39295032,,,ELIOMARTINSROSA@HOTMAIL.COM,,,
11143316000159,,11,20154955,11,20184807,CONTATO@CONTABILIDADEPORTOLEMES.COM.BR,,,
8611245000167,CD CONTABILIDADE,11,20117757,,,cdcontabilidade@uol.com.br,,,
11163273000173,,11,32031818,,,NANCI@ASSESSORIAHL.COM.BR,,,
11204279000141,,11,55747770,,,FINANCEIRO@GRUPOSKILL.COM.BR,,,
11210981000118,CONTABILIDADE SUZUKI,11,50449185,,,CONTAGS@GLOBO.COM,,,
11215814000160,,11,26540081,11,26540081,claudia@angelotti.com.br,,,
11325136000198,,11,99163132,11,20486466,vfb@uol.com.br,,,
11509150000141,JM ASSESSORIA CONTABIL,11,37315023,,,JOAQUIM@JMCONT.COM.BR,,,
11579211000147,MULTIFIDAM,11,32855300,,,jpedro@multifidam.com.br,,,
11579862000137,B & F CONTABILIDADE,11,32213982,11,83320321,dp@boyadjianfernandes.com.br,,,
11653617000122,LOTUSPRIME,11,40172915,,,LOTUSPRIME@OUTLOOK.COM.BR,,,
11685563000187,STAFF CONTABILIDADE,11,23611499,,,STAFF@STAFFCONTABILIDADE.COM.BR,,,
11698528000100,,11,88811606,,,GREGORIOLUCENA@UOL.COM.BR,,,
11711965000109,RHUMO,11,29508467,11,29775458,MAURO@RHUMONET.COM.BR,,,
11682626000141,MEDICALCONT - CONTABILIDADE PARA SUA CLINICA,11,85310909,,,MARCOS@MEDICALCONT.COM.BR,,,
11745927000177,NEO-CONT,11,38771018,11,38770993,demarcris@uol.com.br,,,
9099879000145,SGM CONSULTORES ASSOCIADOS,11,30789626,11,31687715,PARAFISCAL@SGMCONSULTORES.COM.BR,,,
12009968000168,,11,22017723,,,LEGAL1@FLCONTABIL.COM.BR,,,
10833653000105,AGILITY PRESTACAO DE SERVICOS CONTABEIS,11,31297423,,,info@agilitycon.com.br,,,
12083086000142,,11,39013000,,,maxima@maxima.cnt.br,,,
12402439000120,BETA ASSESSORIA,11,22561528,,,betaass@uol.com.br,,,
12441562000150,,11,31410605,11,31701313,CONTATO@PRIME-CONTABILIDADE.COM,,,
12501179000140,MURILO CONTABILIDADE,11,25611909,11,25662535,MURILOCONT@IG.COM.BR,,,
12576541000141,,11,32293810,,,MADUREIRA@MADUREIRA.CO,,,
12577553000190,CONTFLEX,11,26827644,,,ESCRITORIO@CONTFLEXCONTABILIDADE.COM.BR,,,
12584083000192,,11,55833634,,,PRESIDENTE@CONTABILPRESIDENTE.COM.BR,,,
12816923000103,COUTINHO CONTABILIDADE,11,22959561,,,ACCOUT@UOL.COM.BR,,,
12936525000112,ANNIBALES CONTABIL,11,74476595,,,ANNIBALES@ANNIBALESCONTABIL.COM.BR,,,
13068138000174,HOUSE CONTABILIDADE,11,26133622,,,CONTATO@HOUSECONTABILIDADE.COM.BR,,,
13159469000110,ECAB CONTABILIDADE,11,31164090,11,31164091,richen.neusen@ecb.cnt.br,,,
13204993000165,R.R ASSESSORIA CONTABIL,11,99290471,,,OLIVEIRA.ROSE529@GMAIL.COM,,,
13236647000169,,11,40636135,,,PHATORSP@TERRA.COM.BR,,,
13279860000158,MDV CONTABIL,11,73149621,,,lolavill@hotmail.com,,,
13307791000149,CROLIVE CONTABIL,11,22130887,,,CROLIVE@TERRA.COM.BR,,,
13311916000104,,11,36193122,,,VAGNER@VFMCONSULTING.COM.BR,,,
13352710000122,,11,87475854,,,AAGESTAOCONTABIL@OUTLOOK..COM,,,
13375807000150,OMEGA,11,38313914,,,CONTATO@OMEGAC.COM.BR,,,
12109451000140,ASC ASSESSORIA CONTABIL,11,25521609,,,NERICI@HOTMAIL.COM,,,
13449271000170,IMPACTAR CONTABILIDADE,11,96791682,,,ALESSANDRA.SOARES@SUPERACAOCONTABIL.COM.BR,,,
13477106000122,W.A.D. - CONTABILIDADE,11,36215441,,,WAD@WADCONTABILIDADE.COM,,,
10397307000121,NOVA GERACAO,11,31042573,11,31042573,ANTONIOJDM@YAHOO.COM.BR,,,
13915989000105,,11,95044497,,,ROBERTOBAGATELO@GMAIL.COM,,,
13938346000187,TRANQUILYS CONTABILIDADE,11,36213147,,,tmjesus1@gmail.com,,,
13964167000114,,11,96758578,,,carlos_hanada2005@yahoo.com.br,,,
14021458000131,MANVAZQUEZ,11,45626717,11,21465865,ROBERVAZQUEZ@YAHOO.COM,,,
14031226000164,ADOTT ASSESSORIA CONTABIL,11,29731760,,,adottcontabil@uol.com.br,,,
14038876000131,CONTABIL MARRETTI,11,37666744,,,contabilmarretti@yahoo.com.br,,,
8708847000137,MATTOS & MATTOS,11,61194534,11,81035565,agmaisje@uol.com.br,,,
14144308000115,,11,36415314,,,claudete@mbooks.com.br,,,
14186286000156,CATU CONTABILIDADE,11,39691446,,,catucontabil@uol.com.br,,,
14260948000190,N.ALVES CONSULTORIA,11,22581787,,,rinioka@terra.com.br,,,
14277836000142,,11,26917169,,,WALTERSICILIANO@WSICILIANO.COM.BR,,,
14339542000106,ORCONT CONTABIL,11,33150000,,,ORCONTROSE@BOL.COM.BR,,,
14368840000116,,11,27826900,,,ITAMARATHY@GRUPOITAMARATHY.COM.BR,,,
14428591000107,DEFATTO ASSESSORIA EMPRESARIAL,11,50128116,11,99186713,gerson@defattocontabil.com.br,,,
14458578000109,,11,32584657,11,95099996,MIGUELTAUIL@YAHOO.COM.BR,,,
8108538000207,A PARCERIA,11,35717920,11,35716690,falecom@aparceriacontabil.com.br,,,
14521565000129,,11,83846452,,,caperez@ig.com.br,,,
14575173000142,PAULINO,11,39312785,11,39319392,PAULINO.ANTONIO@GLOBO.COM,,,
14784072000181,,11,55061431,,,PARALEGAL@A2CONSULTORES.COM.BR,,,
14799922000115,CENTRAL CONTABIL,11,33133164,11,33267009,CESAR@CENTRALASSESCON.COM.BR,,,
14897461000113,,11,81389471,,,CONTATOMOTIVA6@GMAIL.COM,,,
15076670000169,CODIGO BR ASSESSORIA EMPRESARIAL,11,38045660,,,CONTATO@CODIGOBR.COM,,,
15088393000104,LUFER CONTABALIDADE E ASSUNTOS FISCAIS,11,35360235,11,71711468,lufercont@ig.com.br,,,
15215271000131,,11,24955601,,,deniseanjoscarvalho@ig.com.br,,,
15352394000114,ADF CONSULTING,11,37910208,,,PARALEGAL@ADFCONSULTING.COM.BR,,,
15389147000192,GLOBAL 7 CONTABIL,11,23625719,11,23625739,RENATA@GLOBAL7CONTABIL.COM.BR,,,
9391526000114,LOADING ASSESSORIA,11,29593610,,,CONTATO@LOADING.SRV.BR,,,
9490151000140,ASH ASSESSORIA CONTABIL,11,86370153,,,ALEXANDRE@ASH.CNT.BR,,,
10280330000131,TFAPOIO CONSULTORIA CONTABIL E EMPRESARIAL,11,27719591,11,74386889,contato@tfapoio.com,,,
10568658000158,TALES CONTABILIDADE,11,35821249,,,CICERO@TALESCONTABILIDADE.COM.BR,,,
10606768000167,,11,56658590,,,robson.altino@itelefonica.com.br,,,
10849720000180,MRHENRIQUE ASSESSORIA CONTABIL E AVALIACOES PERICIAIS,11,27477208,,,ATENDIMENTO@MRHENRIQUECONSULT.COM.BR,,,
11188057000182,DIAS CONTABILIDADE,11,83155974,,,DIASCONTABILIDADE@GMAIL.COM,,,
11233062000160,SIMALCONN CONTABILIDADE,11,50511609,,,SIMALCON@UOL.COM.BR,,,
11371547000110,IPAVA CONTABIL,11,58957878,,,EDSON@IPAVACONTABIL.COM.BR,,,
11466633000106,AGUA VIVA CONTABILIDADE,11,36752730,11,36752730,mlorelli@terra.com.br,,,
11525637000118,RAMOS ASSESSORIA EMPRESARIAL,11,26450804,,,FOCUS102030@HOTMAIL.COM,,,
11606314000159,RAMIREZ ACCOUNT,11,38961335,11,95355358,admhosp.roberto@gmail.com,,,
11830518000179,,11,29112412,,,rafa_ass@ig.com.br,,,
12031434000138,MARQUES CONTABILIDADE,11,55944879,,,marques-alexandre@uol.com.br,,,
12033888000148,CONTABITAX CONTADORES ASSOCIADOS,11,47865658,11,85478787,FLAVIO.NASTARI@CONTABITAX.COM.BR,,,
12073341000176,JPL CONTABILIDADE,11,20823672,,,jailsonpessoalima7@gmail.com,,,
12219905000136,G. S. CONT@GLOBOMAIL.COM,11,34410290,11,34410290,g.s.cont@globomail.com,,,
12543959000152,,11,31336700,11,31336780,SIDNEY@CONTABILCB.COM.BR,,,
13779051000105,ENDO CONTABIL,11,32299299,,,ENDOCONTABIL@ENDOCONTABIL.COM.BR,,,
13790073000176,FK ACCOUNTING AND BUSSINES CONSULTING,11,43232212,,,DIRETORIA@FEKCONTABILIDADE.COM.BR,,,
15075830000155,LEGAL TAXES ASSESSORIA & CONSULTORIA EMPRESARIAL,11,76232978,,,CLAUDIO@LEGALTAXES.COM.BR,,,
15467732000163,KAIROS CONTABILIDADE,11,26196405,,,CONTABILIDADE.AGKCONTATO@GMAIL.COM,,,
15613178000185,,11,41931518,,,roberto@culturalnova.com.br,,,
15733358000109,,11,29252507,,,allegrini.mei@gmail.com,,,
16643437000183,,11,28345889,,,,,,
16747876000136,ACERTE CONTABILIDADE,11,29766531,11,34776531,contabilidadeacerte@uol.com.br,,,
10585863000121,,11,31051439,,,,,,
16912181000162,,11,33992288,,,LEGAL@MECACONT.COM.BR,,,
11188779000137,NOVA CONTABILIDADE,11,58211927,11,58230901,acorteznova@uol.com.br,,,
12335913000148,MM CONTABILIDADE,11,85708492,,,marcbern2@zipmail.com.br,,,
17258981000174,BR ACCOUNTING,11,32555413,11,79903727,newton_galvao@yahoo.com.br,,,
17289145000157,ORGANIZACAO CONTABIL ARIES FISH,11,23064835,,,DIRETORIA@CONTABILARIESFISH.COM.BR,,,
17337717000126,PROCEDE CONTABILIDADE,11,27292633,11,27292733,PROCEDE@PROCEDECONTABIL.COM.BR,,,
17405876000110,,11,59396259,,,GRSCONTABIL@GMAIL.COM,,,
17422441000184,CONTABILIDADE CRISTAL,11,98766052,,,JDBATISTA01@GMAIL.COM,,,
17465664000129,SELOC IMOBILIARIA,11,89801006,,,SELOCONTABIL@GMAIL.COM,,,
17526318000103,MEDEIROS ORG CONTABIL,11,56118389,,,medeiros.org@uol.com.br,,,
17494736000166,,11,26910610,11,26910609,SERGIOCARNEIROSILVA@IG.COM.BR,,,
17703168000166,PACHECO CONTABILIDADE,11,38765637,,,EDUPACHECO.CONTABILIDADE@GMAIL.COM,,,
17724478000167,,11,26091451,,,guilherme_calamari@hotmail.com,,,
17792514000120,SANTANA CONTABILIDADE,11,59715084,11,80840078,ras.rafa_santana@hotmail.com,,,
17837445000123,JDIAS,11,82658561,,,janio.dias@gmail.com,,,
12024679000138,NOVA OPCAO ASSESSORIA CONTABIL,11,32717382,,,LEGAL@NOPCONTABILIDADE.COM.BR,,,
18108389000159,ATHENA CONTABILIDADE,11,23376852,,,ATHENACONTAB@GMAIL.COM,,,
18227750000166,,11,32120095,11,32120161,ALBERTO@AUDICORP.COM.BR,,,
10754770000183,C & T CONTABILIDADE,11,95795568,,,ALBUQUERQUECONTABILIDADE@GMAIL.COM,,,
11132803000116,ASSEBRASCON - ASSESSORIA BRASILEIRA DE CONTABILIDADE,11,39790434,,,ASSEBRASCON@YAHOO.COM.BR,,,
13454237000194,F&R,11,23012917,,,MARTA@FRASSESSORIACONTABIL.COM.BR,,,
13759382000183,,11,20432867,11,96546227,leogordinha@globo.com,,,
10706255000209,MEIRA CONTABILIDADE,11,20230075,11,75416030,ediomeira@meiracontabilidade.com.br,,,
15104019000155,L C A DE ALMEIDA,11,50614197,11,20953119,luizcarlos@celmar.com,,,
15834055000174,VALIM LEGALIZACOES,11,26536135,11,71380847,CONTATO@VALIMLEGALIZACOES.COM.BR,,,
18514792000188,EXACTUS CONTABILIDADE E CONSULTORIA,11,45622555,,,EXACTUSCONTABILIDADE1@GMAIL.COM,,,
18777923000110,FILIPO CONTABILIDADE,11,70933471,,,CFILIPO09@GMAIL.COM,,,
18870746000111,,11,35073579,11,35074483,CONTABILIARUSSI@YAHOO.COM.BR,,,
18923957000175,,11,99506866,,,ANA@CIACONTABILMAEF.COM.BR,,,
18931447000140,J SANTOS CONTABILIDADE,11,55211471,11,55488304,contactus@contactus.cnt.br,,,
19218539000140,,11,30440446,11,30442858,PARALEGAL2@INVISTIA.COM.BR,,,
19395065000101,G2 ASSESSORIA CONTABIL,11,23647350,,,GIRLENE.G2CONTABIL@GMAIL.COM,,,
19400697000116,,11,31857100,,,FISCAL@GRIFFECONTABIL.COM.BR,,,
16898497000147,BFX CONTABEIS,11,35710020,,,,,,
19577853000119,NOVA M&S CONSULTORIA CONTABIL,11,30312747,,,PAULOSEVERO@NOVAMSCONTABIL.COM.BR,,,
19612186000168,,11,32975934,,,LOURENCO@JCOLDEBELLA.COM.BR,,,
19888082000180,CAN,11,50819487,11,50819499,CLAUDIOALEXANDR@HOTMAIL.COM,,,
20058227000103,NEW SOLUTION,11,25585386,,,CONTADORNILTON@GMAIL.COM,,,
20182082000140,MACRAT CONTABIL,11,23080427,,,CONTATO@MACRAT.COM.BR,,,
20656071000154,,11,50857182,,,MARIO@INTERCONT.COM.BR,,,
20690690000165,RC ASSESSORIA CONTABIL,11,22429338,,,FISCAL.RENATABARBOSA@UOL.COM.BR,,,
20726715000133,MARCOS GAJETE,11,74331473,,,MGAJETE11@HOTMAIL.COM,,,
20815846000197,CINTRA CONTABILIDADE EMPRESARIAL,11,28034293,,,THIAGO.FCCONTABIL@HOTMAIL.COM,,,
20889461000174,OCOT - ORGANIZACAO CONTABIL OLIVEIRA TELLES,11,25577701,11,25579245,OTELLES@TERRA.COM.BR,,,
20925918000159,HOT CONT ASSESSORIA CONTABIL,11,36379827,,,DANILOPELLICCI@HOTCONT.COM.BR,,,
21081216000107,CAPELO ASSESSORIA CONTABIL,11,39316237,,,PESSOAL.SANTAMARINA@HOTMAIL.COM,,,
21173054000129,JOTACONT,11,55711097,,,JAILTO@JOTACONT.COM.BR,,,
21230432000169,IMPERIO EF CONTABILIDADE,11,47232510,,,IMPERIOEF@OUTLOOK.COM,,,
21259818000101,,11,26516528,,,LEMMOCONTABILIDADE@UOL.COM.BR,,,
21339349000122,FISKALIZA SOLUCOES CONTABEIS,11,89440088,,,CONTATO@FISKALIZA.COM.BR,,,
21643941000113,RODRIGUES & BARRETO ASSESSORIA,11,23062657,11,86702451,CONTADOR.MARCELO@GMAIL.COM,,,
21851140000143,PRATES CONTABIL,11,73379309,11,27695137,PRATES_EDNA@IG.COM.BR,,,
21860478000161,,11,39752787,,,ETERCONT@IG.COM.BR,,,
21959468000188,MAVINNY CONTABILIDADE,11,43285216,,,MAVINNYCONTABILIDADE@GMAIL.COM,,,
22089235000134,ELAINE ALMEIDA DOS REIS SILVA,11,23675472,,,elaineareis@yahoo.com.br,,,
22197553000119,,11,31046295,,,CLAUDIOCARRICO@HOTMAIL.COM,,,
22273507000151,STUCCHI ASSESSORIA E SERVICO CONTABIL,11,27421496,,,DARCIO.RENATO@GMAIL.COM,,,
22375357000197,FASHION & FITNESS,11,58463346,,,fernandovitoriano@yahoo.com.br,,,
22425963000170,EMO CONTABIL,11,37392322,11,37444744,EDUARDOOLEA@TERRA.COM.BR,,,
22493554000100,RDG ASSESSORIA CONTABIL,11,22975039,,,gerasdiasgon@hotmail.com,,,
22602365000129,ANA PAULA JORGE,11,39692951,,,anapaulafiscal@gmail.com,,,
22610432000157,,11,43667820,,,LUCAS.VERZE@LCCAUDITORES.COM.BR,,,
22626314000137,,11,24845412,,,JFERNANDES@AUDITCONSULT.COM.BR,,,
22669665000125,AGT CONTABIL,11,37689642,,,LEANDRO1702@GLOBO.COM.BR,,,
22691351000129,,11,50874320,,,SERVIPCONSULTORIA@GMAIL.COM,,,
22795365000192,RPAIVA MEI,11,99074801,,,RPAIVA29@GMAIL.COM,,,
22908466000122,CONTABILIDADE OLIMPIA,11,28920551,,,MARLI@CONTABILIDADEOLIMPIA.COM.BR,,,
22962007000127,CALEFI ASSESSORIA CONTABIL,11,28930324,,,,,,
23015537000120,RDF CONCEPT ACCOUNTING & CONSULTING,11,31244865,11,31243337,JFERNANDES@ATHENABANCO.COM.BR,,,
23279658000180,JOSE LUIZ MADEU JUNIOR,11,26097161,,,juniormadeu@gmail.com,,,
23502798000175,BRONZE CONTABILIDADE,11,51816445,,,KATIA@BRONZECONTABIL.COM.BR,,,
23530773000185,,11,29140022,,,LUIZ@CONTREAL.COM.BR,,,
23561636000108,FREITAS PESSOA RHIS- ASSESSORIA E CONSULTORIA,11,98825622,,,airtonfreitas.bito@gmail.com,,,
23609972000183,12 ADMINISTRACAO E CONSULTORIA,11,71535509,,,RICARDO@RFRANCOCONTABILIDADE.COM.BR,,,
23662843000159,FERNANDO DE ARAUJO LASELVA,11,80858940,,,FERNANDOLASELVA@GMAIL.COM,,,
23665910000199,,11,39042983,,,CONTATO@CSASSESSORIAPARALEGAL.COM.BR,,,
23681343000164,NICK & D.R CONTABIL,11,47107325,,,rsacracramento_sp@hotmail.com,,,
23690666000114,,11,91206080,,,RODRIGO@ACCURATEASSESSORIAEMPRESARIAL.COM,,,
23723719000156,,11,20974883,,,,,,
23767328000133,ROSANGELA SILVA - GESTAO PENSADA PARA VOCE,11,23410259,,,CONTATO@ROSANGELAGESTAO.COM.BR,,,
23840054000160,,11,26152599,,,ADM@WORKCONTABIL.COM.BR,,,
24086590000185,SANTOS ASSESSORIA CONTABIL E TRIBUTARIA,11,75304638,,,CRISTIANE@ASSESSORIACONTABILSANTOS.COM.BR,,,
21154363000151,ALP ASSESSORIA CONTABIL EMPRESARIAL - EIRELI,11,35300247,,,CLEITON@ALPASSESSORIA.COM.BR,,,
24179636000100,SOLENE PRO,11,26017170,,,CONTATO@SOLENEPRO.COM.BR,,,
23903352000152,CONTEV CONTABILIDADE,11,38646397,11,65651781,CONTEV@CONTEV.COM.BR,,,
24146202000104,CLM CONTROLLER,11,36435600,,,LEGALIZACAO@CLMCONTROLLER.COM.BR,,,
24277555000143,CENSEA CONSULTORES E ASSOCIADOS,11,37430836,,,MARCELO@CENSEACONSULTORES.COM.BR,,,
24301471000106,ANDRADE ASSESSORIA CONTABIL,11,24956668,,,PACHECO.CONTABIL@YAHOO.COM.BR,,,
24304308000199,CALCONT CONTABILIDADE,11,20388205,11,85990698,CALCONT@TERRA.COM.BR,,,
24412584000170,SIMONE ASSESSORIA CONTABIL,11,45644741,,,simone_contabil@hotmail.com,,,
24419726000121,HT ASSESSORIA CONTABIL LTDA,11,42118208,,,ATENDIMENTO@MAXIMUSASSESSORIA.COM,,,
24442638000140,PMJ ASSESSORIA CONTABIL,11,43245359,,,achavierpaiva@uol.com.br,,,
24501992000107,,11,20289802,,,MAUROCONTABIL@TERRA.COM.BR,,,
24515875000194,,11,22072381,,,BRASTON@UOL.COM.BR,,,
14216189000169,P&L ASSESSORIA CONTABIL,11,20540274,,,PAUMASILVA@GMAIL.COM,,,
24632108000165,CONTACT,11,23172031,11,22112467,CONTACT.PRESTADORA@GMAIL.COM,,,
24679924000124,OMNI CONTABILIDADE,11,28762769,,,CONTATO@OMNICONTABILIDADE.COM.BR,,,
24719850000102,JRPC,11,35633901,11,35633905,PAULO@JRPCONTABILIDADE.COM.BR,,,
24919408000120,ECF ASSESSORIA CONTABIL,11,58241968,,,CONTATO@ECFCONTABIL.COM.BR,,,
24951084000107,EVR AUDITORES,11,29342324,,,CONTATO@EVRAUDITORES.COM.BR,,,
24992465000134,CFA CONSULTORIA EMPRESARIAL,11,22325541,,,cleiton.felipe01@gmail.com,,,
25116553000135,CABRAL ASSESSORIA,11,22973587,11,22973385,RONALDO@CABRALASSESSORIA.COM.BR,,,
25183561000102,JNERY-CONTABILIDADE,11,39743022,,,NERYJP@OUTLOOK.COM,,,
25241931000102,FRAGOSO SERVICOS CONTABEIS,11,20593032,11,99434732,PEDRO.FRAGOSO1967@GMAIL.COM,,,
23767253000190,,15,32181349,,,CRISTIANO@SHAT.COM.BR,,,
25404134000107,EAC CONTABIL,11,83380304,,,ERLONCOLANERI@TERRA.COM.BR,,,
25684081000117,CPL ASSESSORIA CONTABIL E FISCAL,11,73683980,,,eli.assuncao@ig.com.br,,,
25384788000108,LIBRETTI CONSULTORIA,11,20931809,11,85442413,ABVCONSULTORIA@HOTMAIL.COM,,,
17390367000161,S R CONTABIL,11,22322898,11,62311831,sirodri7@gmail.com,,,
11265034000124,FIVE SUPPORT,11,47779638,,,FIVE@FIVECONSULTANT.COM.BR,,,
11896474000180,,11,26455000,11,26456000,RODRIGOROCHA@GRPRIME.COM.BR,,,
23293856000106,CONTMARF ASSESSORIA CONTABIL E TRIBUTARIA,11,37778081,,,CONTMARF@CONTMARF.COM.BR,,,
23536822000197,D'FRANCES CONTABILIDADE E CORRETAGEM,11,33154359,11,99592648,DEFRANCES.CONTABILIDADE@GMAIL.COM,,,
23584828000130,MAX PRIME CONTABILIDADE,11,20224509,,,CONTATO@MAXPRIMECONTABILIDADE.COM.BR,,,
25110147000165,FSILVA,11,96955539,,,VAGNER@FSILVACONTABIL.COM.BR,,,
17329870000101,OFFICER CONSULTORIA,11,35009985,,,ATENDIMENTO@OFFICERCONSULTORIA.COM.BR,,,
8843239000135,GRUPO SOMA CONTABIL,11,25015062,11,25015063,ATENDIMENTO@SOMAEMPRESARIAL.COM.BR,,,
17812976000161,,11,96241373,11,87451232,fatima11@uol.com.br,,,
9302529000134,H&Z ORGANIZAO CONTABIL,11,29475288,,,CONTABILHIPOLIDE@UOL.COM.BR,,,
18074339000106,GODOY CONSULTORIA E SERVICOS CONTABEIS,11,86972996,,,rgdecamargo@hotmail.com,,,
22914985000101,ALINHAR SERVICOS CONTABEIS,11,50326126,,,ALINHAR@ALINHARCONTABILIDADE.COM.BR,,,
20043462000101,,11,40811010,,,REGISTRO@HALFMAYER.COM.BR,,,
22525879000128,CESANTO ASSESSORIA EMPRESARIAL,11,35647105,11,99934294,CESANTO@CESANTO.COM.BR,,,
23295072000109,STREVIZAN ASSESSORIA CONTABIL,11,68098170,,,CONTATO@STREVIZAN.COM.BR,,,
24030176000154,GOMES & CARVALHO ACCOUNTING,11,58121452,11,41655854,LUCIANO.SILVA@MINISTRA.COM.BR,,,
23613327000134,,11,27911941,,,RB-PENNINCK@HOTMAIL.COM,,,
17451977000128,,11,30520102,,,CONTATO@CSBCONTADORES.COM.BR,,,
23128844000118,STANDARD CONTABILIDADE,11,35426405,,,CONTATO@STANDARDASSESSORIA.COM.BR,,,
10284796000105,,11,20764155,11,20764159,LEGAL@ECARCONTABIL.COM.BR,,,
24891550000106,N7 ASSESSORIA E CONSULTORIA FISCAL,11,39261822,,,nathaliparaujo@gmail.com,,,
14861697000108,,11,32098771,,,ADM@RESOLUCOESCONTABEIS.COM.BR,,,
12694159000132,SAV CONTABILIDADE SOLUCOES EM ADMINISTRACAO DE VALORES,11,22960281,11,73618431,SAVCONTABIL@SAVCONTABILIDADE.COM.BR,,,
11747215000359,ARO CONTABILIDADE,11,31061390,,,MARIALAURA@AROCONTABILIDADE.COM.BR,,,
14788844000153,GR GROUP,11,20616829,,,JULIO.ROSSI@GRGROUP.COM.BR,,,
9598136000110,,11,30327552,,,CONTABIL1@LIONCONT.COM.BR,,,
11283187000102,,11,31074841,,,JORGE.JACQUES@JCCONSULTORIA.NET.BR,,,
23781566000101,MSTAX INCENTIVOS FISCAIS,15,33423236,,,MARCOS@MSTAX.COM.BR,,,
23650550000151,SOUZAFISCO CONTABILIDADE E CONSULTORIA EMPRESARIAL,11,94585922,,,CONTABILIDADE@SOUZAFISCO.COM.BR,,,
13213241000160,PHIZACON,11,29967352,11,95028165,CONTABIL@PHIZACON.COM.BR,,,
22760445000102,,11,28720020,,,SOCIETARIO@DOCCONCIERGE.COM.BR,,,
10573407000161,CAJE & ZOGHBI CONTADORES,11,32532944,,,CAJEEZOGHBI@CAJEEZOGHBI.COM.BR,,,
14089294000184,CONTA DEZ,11,76306261,,,PARALEGAL@CONTADEZCONTABILIDADE.COM.BR,,,
18686586000155,ABV CONSULTORIA,11,29254207,11,29254208,BARAUNACONTABIL@HOTMAIL.COM,,,
20855640000190,INTELITAX - INTELIGENCIA TRIBUTARIA LTDA,11,32561756,,,JULIANA@INTELITAX.COM.BR,,,
15759990000113,EXCELLENT,11,21274163,,,CRISTIANE@MUNDOCRISTAO.COM.BR,,,
25328730000147,IEST CONTABILIDADE,11,23095904,,,TBIN@IESTGROUP.COM,,,
25241307000105,,11,26285431,,,CONTATO@SEJAMEDEASY.COM.BR,,,
14921585000197,BEM COSSIELO SERVICOS CONTABEIS E ADMINISTRATIVOS LTDA,11,20412334,,,MILTON@BEMCOSSIELO.COM.BR,,,
19144156000174,SOLUTIONS CONTABEIS,11,59252851,,,CONTATO@SOLUTIONSCONTABEIS.COM.BR,,,
9473886000165,ORGANIZACAO CAPITAL CONTABILIDADE,11,33263486,,,CONTATOCONTABILIDADECAPITAL@GMAIL.COM,,,
8697785000105,ORGANIZACAO CRISEN DE CONTABILIDADE,11,23845624,11,23845627,CRISEN@CRISEN.COM.BR,,,
14826241000107,INCENTIVA CONTABILIDADE DIGITAL,11,33689422,,,CONTATO@INCENTIVAASSESSORIA.COM.BR,,,
13176510000166,DETYLU CONTABILIDADE,11,39725000,,,DETYLU@UOL.COM.BR,,,
20302539000102,MENEZES & LOURENCO CONTABILIDADE,11,65560431,,,MARCELO@MENEZESELOURENCO.COM.BR,,,
9080108000106,,11,32956000,,,ATIV@ATIVCONTABEIS.COM.BR,,,
8970459000120,RENATA NAGY SERVICOS CONTABEIS,11,25338073,,,RENAGY13@GMAIL.COM,,,
11268202000135,PARENTE SERVICOS ADMINISTRATIVOS E CONTABIL,11,29119886,,,CONTADORCARLOS@OUTLOOK.COM,,,
12743477000146,LOGUTI,11,27432664,,,LOGUTI@TERRA.COM.BR,,,
18892289000166,APCON SERVICOS CONTABEIS,11,22976306,,,APCON.CONTABIL@UOL.COM.BR,,,
21798372000185,VIKTORI'AS,11,22350505,11,23734544,,,,
22489717000181,SMARTSOLVE AUDITORIA E CONSULTORIA CONTABIL LTDA.,11,40841022,,,CONTATO@SMARTSOLVE.COM.BR,,,
11506422000150,GERENCIAL SERVICOS CONTABEIS,11,39037286,,,GILBERTO@GERENCIALSP.COM.BR,,,
26038894000100,QUEENS ASSESSORIA CONTABIL,11,25533079,11,38763079,QUEENSASSESSORIA@UOL.COM.BR,,,
26270429000192,ANJO B2B CONTABILIDADE DIGITAL,11,47528222,,,WILSONSANTOS@CGEASSESSORIA.COM.BR,,,
26305761000145,MOTIVACAO CONTABIL,11,34594256,,,MOTIVACAO@MOTIVACAO-CONT.COM.BR,,,
26560877000120,JKL CONTABILIDADE,11,43715698,,,JKL@JKLCONSULTORIA.COM,,,
26583141000178,INNOVATE,11,29509030,11,48295518,CASTILHOJJR@GMAIL.COM,,,
26901965000149,GUARALDO CONTABIL,11,92238397,,,jsergioguaraldo@yahoo.com.br,,,
27005740000177,,11,20924299,11,23383155,CONTABIL@ESTRUTURALCONTABIL.COM.BR,,,
27097812000153,CARE SERVICOS CONTABEIS E CONSULTORIA EMPRESARIAL,11,91850543,,,GUIMARCA@UOL.COM.BR,,,
27199101000190,GOLD BOOK ASSESSORIA CONTABIL MEI,11,37427516,,,JULIOCONTABIL2016@OUTLOOK.COM,,,
27256600000171,APRIORI BRASIL,11,96483434,,,CELIO.LUCATI@APRIORIBRAZIL.COM,,,
27277213000111,CS CONTABILIDADE,11,21538044,,,carlos.mrsoares@hotmail.com,,,
27291141000167,PROACCOUNTANTAX,11,73492707,,,paulo.oliveira-contador@hotmail.com,,,
26834962000130,,11,30325129,11,30324730,RAFAEL.IASZ@GMAIL.COM,,,
27462087000175,VIANA STEIN,11,57153770,,,ANITASTEIN@HOTMAIL.COM,,,
27508508000151,,11,81062748,,,HMORETTI@GMAIL.COM,,,
27610939000124,ASSISTENCIA CONTABIL SOL NASCENTE,11,29575122,,,CONTABILIDADE.SOLNASCENTE@YAHOO.COM.BR,,,
27620821000187,,11,26097761,11,92786171,GISLEIDE@ANDREIBORDIN.COM.BR,,,
27621022000125,,11,32187799,,,ATENDIMENTO@MOOREKSM.COM.BR,,,
27621984000184,ECOFIP ORGANIZACAO CONTABIL,11,81425675,,,ECOFIP@ECOFIP.COM.BR,,,
27625031000194,RGS-ORGANIZACOES CONTABEIS,11,26428157,,,helisousa@terra.com.br,,,
27638958000169,,11,81675134,,,ROBE_NEVES@HOTMAIL.COM,,,
27669113000130,CLAUPAT,11,26404778,,,CLAUDIO.CONTABILIPANEMA@GMAIL.COM,,,
27670431000111,R & L CONTABILIDADE,11,33615133,,,CONTATO@ZNCONTABILIDADE.COM.BR,,,
27755645000190,ALOEPS,11,30648668,,,antonio.alopes@terra.com.br,,,
27829412000195,AWR CONTABIL,11,22764448,,,ANDRE@AWRCONTABILIDADE.COM.BR,,,
27848832000119,FACTOR ASSESSORIA CONTABIL E EMPRESARIAL,11,23655996,,,FACTOR@FACTORCTB.COM.BR,,,
27874868000177,MARIAZINHA,11,33863383,,,cay_maria@hotmail.com,,,
27978290000107,,11,45085783,,,gilson.correadelima@gmail.com,,,
28086914000136,MOGARI CONTABILIDADE E NEGOCIOS,11,40029450,,,CONTATO@MOGARICONTABIL.COM.BR,,,
28101381000114,,11,55153424,,,fabianabentopereira@gmail.com,,,
28167078000114,M R M ADMINISTRACAO,11,97891141,,,mayara.pazini07@gmail.com,,,
28262809000100,MACATONE CONTABILIDADE,11,41140231,11,82722803,FABIANE.CONTADORA@HOTMAIL.COM,,,
28335299000154,WGS OLIVEIRA CONTABILIDADE,11,20923731,,,WGSOLIVEIRA@YAHOO.COM.BR,,,
28413814000177,MARKA CONTABIL ASSESSORIA EMPRESARIAL,11,39519493,,,MARCELO@MARKACONT.COM.BR,,,
28467888000196,,11,37145274,,,EUCLIDESBIMBATTI@UOL.COM.BR,,,
9547994000216,ALLEANZA SERVICOS CONTABEIS,11,31429867,,,FISCAL@ALLEANZA.COM.BR,,,
16670235000201,MBO ASSESSORIA,16,28771380,,,MARCOS@MBOASSESSORIA.COM.BR,,,
28719884000158,,11,96143339,,,HELINTON@KAPITALAC.COM.BR,,,
28872820000192,JVABREU CONTABIL,11,26511286,,,JVJV.ABREU@GMAIL.COM,,,
28961788000111,GRUPO BORN SOLUCOES TRIBUTARIAS,11,20287733,,,EDUARDO@GRUPOBORN.COM.BR,,,
28927857000170,R2 HUB CONTABIL,11,80504098,11,82754652,RICARDO.RASJ@GMAIL.COM,,,
29042084000108,,11,22979519,11,22979424,CONTABILMAKI@TERRA.COM.BR,,,
29191982000128,NOVA CONSULTORIA,11,50314750,11,50312828,WMCFRANCISCO@UOL.COM.BR,,,
29196632000154,RGMAG CONTABIL,11,33267744,11,33118692,CONTABILIDADE@RGMAGCONTABIL.COM.BR,,,
29275973000115,CONTABILIDADE BUENO,11,20410979,,,CONTBUENO@TERRA.COM.BR,,,
29320909000109,,11,23680117,,,SOCIETARIO@ARTCONT.COM.BR,,,
29321914000136,CEBARTH CONTABILIDADE,11,95759916,,,CEBARTH.CONTABILIDADE@GMAIL.COM,,,
29337196000196,VHC CONSULTORIA E ASSESSORIA CONTABIL,11,51050212,11,58916831,CREPALDIAFONSO@HOTMAIL.COM,,,
29386197000120,,11,37687443,11,38366333,MRPALMA@UOL.COM.BR,,,
29485415000184,,11,26144975,,,SIMONE@MSSCONTABILIDADE.COM.BR,,,
29738302000143,S B C CONTABILIDADE,11,85056118,11,93985315,SBENTOCOELHO@BOL.COM.BR,,,
28767789000120,CONTABIL LIDER,11,31590303,,,CARLOS@CONTLIDER.COM.BR,,,
29797605000137,,11,55747770,,,FINANCEIRO@GRUPOSKILL.COM.BR,,,
29808645000137,INR CONTABIL,11,38566126,,,PARALEGAL@LFCONTABILIDADE.COM.BR,,,
24940353000210,,11,41182982,,,CONTATO@CUNHACONTABILIDADE.COM,,,
29954858000177,GSIMOES CONSULTORIA,11,26844421,11,25812988,GILBERTO.SIMOES@HOTMAIL.COM,,,
29956078000166,CONAN ASSESSORIA,11,26148429,11,26054611,FREITAS@CONANASSESSORIA.COM.BR,,,
30080301000133,J.W ASSESSORIA CONTABIL,11,42542885,,,CONTABILJW@OUTLOOK.COM,,,
30096050000185,PW CONSULTORIA,11,99713335,,,ERIKAPWG@GMAIL.COM,,,
30312019000134,,11,23734995,,,LETICIA.LEAL@BTFCONSULTING.COM.BR,,,
30337700000137,,11,47912850,,,BODEZZAN_CARNEIRO@OUTLOOK.COM,,,
30410579000121,CONTA MAIS CONTABILIDADE,11,20962155,,,ADRIANO@CONTAMAISCONTABIL.COM.BR,,,
30512720000105,OUR JOB - CONTABILIDADE E FINANCAS,11,29171600,,,ATENDIMENTO@OURJOB.COM.BR,,,
30840266000103,,11,22014130,11,29876810,SUZIEPED@HOTMAIL.COM,,,
30888247000157,,11,85312280,,,ADEMIR@ADSCONT.COM.BR,,,
30909382000131,FNK CONTABILIDADE,11,83622334,,,SIRBINHO@GMAIL.COM,,,
30911006000181,RB CONSULT SERVICOS CONTABEIS E TRIBUTARIOS,11,23858168,,,BIBIBEATRIZ100@HOTMAIL.COM,,,
31159990000139,,11,39119475,,,JEOVANE@GAMASCONT.COM.BR,,,
31217017000129,,11,43780225,,,L.CAPUTO@GOTMAIL.COM,,,
31417409000131,ESCRITORIO CONTABIL ORIENTA,11,55846190,,,FISCAL@ORIENTACONTABIL.COM.BR,,,
31453485000100,,11,38958802,,,CONTATO@GESTAOCONTABILROMA.COM.BR,,,
31467581000108,YCARI SERVICOS INTELIGENTES,11,38030676,,,CLAIS.FERREIRA@GMAIL.COM,,,
31477014000124,,11,99732168,,,INTERODAS@UOL.COM.BR,,,
31388964000182,ASR ASSESSORIA EMPRESARIAL,11,35549235,11,35549259,LUIS@KELLNER.ADV.BR,,,
31763599000149,,11,50892600,,,FRANCISCO.LANDIM@CADIS.COM.BR,,,
31893024000140,,11,95421919,,,E.LIMA@WAYWORK.COM.BR,,,
31988050000152,RONALDO DE OLIVEIRA CONSULTORIA,11,20623764,,,IARA@PLANNERCONTABIL.COM.BR,,,
32170707000132,,11,33723700,11,33723701,FISCAL@GLOBALCONSULTING.COM.BR,,,
30622423000104,,11,22031403,,,JUNIOR@AJRCONTABILIDADE.COM.BR,,,
32317048000114,CONTABILIDADE ODAIR OLIVEIRA,11,32280097,11,32271311,CONTATO@ATHUARIAL.COM.BR,,,
32402656000127,GKS APOIO EMPRESARIAL,11,43298807,,,GARKALIS@HOTMAIL.COM,,,
32223384000106,,11,55077502,,,CONTATO@SAFCONTABIL.COM.BR,,,
32532138000128,S S GUARDIA CONTABILIDADE,11,93207089,11,93200761,SSGUARDIACONSULTORIA@GMAIL.COM,,,
32546559000108,HEALTH CARE CONTABILIDADE LTDA,11,25383681,,,LEGALIZACAO@HEALTHCARECONTABILIDADE.COM.BR,,,
32803961000120,,11,27214899,11,98777309,JPPAIXAO@UOL.COM.BR,,,
33026004000106,IMPERIUM ASSOCIADOS,11,70329969,,,FELIPE@IMPERIUMASSOCIADOS.COM.BR,,,
33134113000139,,11,26024145,,,,,,
33457049000127,MELO CONSULTORIA CONTABIL,11,89531404,11,20798040,WMARCELINOMELO@BOL.COM.BR,,,
33462595000156,,11,38058420,11,91896492,ANTONIOJUNIOR3@GMAIL.COM,,,
33505537000162,MDM CONTABILIDADE,11,40591646,,,CONTABIL@MDMCONTABILIDADE.COM,,,
33541348000145,,11,93620954,,,CONTABIL@INTECASSESSORIA.COM.BR,,,
33646445000100,VBR BRASIL,11,32663134,,,DAIL.SONG@VBRBRASIL.COM.BR,,,
33706274000150,STBR,11,37916342,,,JAS@STBR-CONTABIL.COM.BR,,,
33722369000167,GOLSS - GAB,6920601,11,26514001,,,CONTATO@GABRANDAO.COM.BR,,
33765045000106,LIMA CONTABILIDADE,11,39989179,,,JOSELIMBR@YAHOO.COM.BR,,,
33872911000168,GSS CONTABIL,11,79531332,,,CONSULTEEGSS@HOTMAIL.COM,,,
34017372000142,J.F.MARTINES CONTABILIDADE,11,22222222,,,EDSON@DIASRIBEIROCONTABIL.COM.BR,,,
34049774000129,INFORM CONTABIL,11,36219854,,,MASTER.DELL@UOL.COM.BR,,,
34126584000168,DB ASSESSORIA TRIBUTARIA CONTABIL,11,29353641,11,76103512,DANIEL.DUARTE@DBASSESSORIATRIBUTARIA.COM,,,
34133172000155,,11,50950868,,,SOCIETARIO@CONTABILMOYSES.COM.BR,,,
32778394000108,EFRATA CONTABILIDADE,11,59338902,,,CONTATO@NEWSOLUTIONCONTABILIDADE.COM.BR,,,
34316719000158,STELLMAR,11,25921697,,,MARLUS@STELLMAR.COM.BR,,,
34334230000109,BMA GESTAO CONTABIL E ADM.,11,81819766,,,BMAGESTAO@GMAIL.COM,,,
34498531000178,TRIOCONT,11,94431470,11,60806174,CONTATO@TRIOCONT.COM.BR,,,
34643011000101,,11,83623680,,,LISLAINE.TRAJANO@HOTMAIL.COM,,,
34661104000169,MEDITERRANEUM ASSESSORIA CONTABIL E FISCAL LTDA,11,23714000,,,CONTABILIDADE@MEDITERRANEUM.COM.BR,,,
34921829000149,COLANERI ASSESSORIA,11,39667500,11,39515573,LUIZ@COLANERICONTABIL.COM.BR,,,
35115479000196,,11,99199855,,,JFSIMOES57@GMAIL.COM,,,
35251717000190,GRUPO WJL,11,37774623,,,VILSON.CL@TERRA.COM.BR,,,
35549467000170,CLOUD,11,38311269,,,BONATTO.CONSULTORIA@GMAIL.COM,,,
35558099000126,BRC CONTABIL,11,60364006,,,ADRIANO@BRCCONTABIL.COM,,,
35712640000109,,11,33721860,,,FISCAL@BPOCONSULTING.COM.BR,,,
35738164000103,,11,22684798,,,SOCIETARIO@IBRAGE.COM.BR,,,
35797677000187,GX CONT,11,26367757,,,CONTATO@GXCONT.COM.BR,,,
35849903000126,KONTROLLER,11,92011446,,,FERNANDO@FH7CONTABIL.COM.BR,,,
35872921000129,CHAVES VICTOR - CONTABILIDADE E CONSULTORIA,11,95446402,,,VCT.AUGUSTO@GMAIL.COM,,,
36148271000136,,11,84950271,,,JORGE@JMFCONSULT.COM.BR,,,
36334751000191,FELIX FINANCE - ASSESSORIA EMPRESARIAL,11,40870518,,,CORPORATIVO@HOMECONTABILIDADE.COM.BR,,,
36403064000180,PRIME - CONTABILIDADE & ASSESSORIA LTDA,11,56318484,,,ADM@PRIMEACONTABIL.COM.BR,,,
36553698000110,,11,20915720,11,20916069,GAL@GLASSESSORIA.COM,,,
36554992000146,HLG ASSESSORIA E CONSULTORIA CONTABIL,11,37193707,,,CASSIOSOARES1980@GMAIL.COM,,,
37105401000116,ALTYEX CONTABILIDADE,11,99767457,,,ALEKSANDRO@ALTYEX.COM.BR,,,
7790195000240,IMPORTCONT PARCERIA EM CONTABILIDADE,11,28971056,11,43614444,ALEXANDRE@IMPORTCONT.COM.BR,,,
37376463000162,,11,50116176,,,DOUGLAS@VEFCONTABIL.COM.BR,,,
37781008000142,XML CONTABILIDADE,11,22933133,,,ARI@XMLCONT.COM.BR,,,
38130172000152,SHALOM CONTABILIDADE,11,55852009,,,MANOELJR@SHALOMCONTABILIDADE.COM.BR,,,
38148758000144,APURE CONTABILIDADE,11,87126561,,,CONTATO@APURECONTABIL.COM.BR,,,
38212400000133,A F COSTA CONTABILIDADE,11,96002165,,,COSTAANTONI@HOTMAIL.COM,,,
38307744000126,*********,11,93633886,,,JMICHEL.PASSOS@GMAIL.COM,,,
38332503000137,FAPS BPO INTEGRADO,11,49999366,,,FAPSCONTABIL@GMAIL.COM,,,
38440671000146,NOVA SIEL,11,36727582,,,LENNON@SIELCONTABIL.COM.BR,,,
38545051000171,,11,99999999,,,,,,
33502751000165,,11,27410814,,,CONTATO@NERYASSESSORIACONTABIL.COM.BR,,,
38712322000136,,11,92700013,,,REIPSILVA@TERRA.COM.BR,,,
39241687000192,CAMPOS GESTAO CONTABIL,11,98118956,,,CARLOS_CAMPOS20@HOTMAIL.COM,,,
39383069000187,ANDRADE & ARAUJO CONTABILIDADE,11,25012158,,,CONTATO@ANDRADEARAUJOCONTABIL.COM.BR,,,
31906736000157,,11,58419041,,,CORREIA.W.SILVA@GMAIL.COM,,,
39545952000126,JCM CONSULTORIA CONTABIL,11,27386624,,,JULIO.CONTABILADM@GMAIL.COM,,,
39618486000161,BSANTOS ASSESSORIA,11,81959965,,,EDNATBSANTOS@GMAIL.COM,,,
39632827000153,UTOPIA CONTABIL,11,33687466,11,46682729,CONTABIL@UTOPIACONTABIL.COM.BR,,,
39725414000113,,11,36850492,,,FAZMARIAAMELIA@GMAIL.COM,,,
40091772000109,,11,48581799,,,CONTATO@EASYCONTROLCONTABIL.COM.BR,,,
40134779000152,,21,82140578,,,RNUNES@CORPSERVICES.COM.BR,,,
40282701000185,CASAGRANDE ASSESSORIA E CONSULTORIA CONTABIL,11,72404033,,,LILIAN@CASAGRANDECONTABILIDADE.COM,,,
40328616000100,,11,30825843,,,CONSULTORIAGRUPOSIGMA@GMAIL.COM,,,
40473948000189,,11,70364605,,,DMELO.CONSULTORIACONTABIL@GMAIL.COM,,,
40604844000166,LML CONTABILIDADE,5511,82713881,0,0,CONTATO@LMLCONTABILIDADE.COM,,,
40708882000169,GR,5511,98451235,0,0,GR.CAMA@GMAIL.COM,,,
40838352000135,CRISTAL CONTABIL,5511,92751194,0,0,LUANDAC16@GMAIL.COM,,,
40842855000184,,11,74912016,,,SANDRAVLEANDRO@HOTMAIL.COM,,,
40842887000180,,11,55491399,,,WILSON.CCF@UOL.COM.BR,,,
27737987000188,GT ADVISOR,11,42276452,,,NFE@GTADVISOR.COM.BR,,,
41300560000149,,11,31336699,,,CABRAL@TAKECONSULTORES.COM.BR,,,
41321046000190,,5511,68285577,0,0,ERIKACOLUCCI@GMAIL.COM,,,
41437307000131,FENIK CONTABIL ASSESSORIA EMPRESARIAL,11,34731445,,,CONTATO@FENIKCONTABILIDADE.COM.BR,,,
41465175000151,RM SOLUCOES EMPRESARIAIS,11,31513800,,,ATENDIMENTO@RMSOLUCOESEMPRESARIAIS.COM,,,
41562014000186,,11,37987235,,,FRMACHADOCONTABILIDADE@GMAIL.COM,,,
41578284000185,,11,57592872,,,ELISAMAYUMI_3@HOTMAIL.COM,,,
27914898000160,ZENARI,11,42376480,,,ZENARI@ZENARI.COM.BR,,,
41669539000115,,11,51839804,,,ARIANA@ROCHABRANCA.COM.BR,,,
41728804000199,KONTROLLA,11,43951902,,,CONTATO@KONTROLLA.COM.BR,,,
41776092000183,,11,80859850,,,SENASCIMENTO@ICLOUD.COM,,,
1623210000280,DIRETO CAPITAL ADVISORY,11,32557287,,,DIRETO@DIRETOCONTABILIDADE.COM.BR,,,
41877592000101,,11,63407781,,,M.C.CONTABIL@OUTLOOK.COM,,,
41890962000140,THREE ONE THREE BI,5511,40097770,0,0,TIAGO.FERNANDES@TOTVM.COM.BR,,,
27965195000160,,11,37118444,,,INFO@NUMERIS.CC,,,
26884970000190,,11,29587011,11,26841561,CONSULTAR@CONSULTARCONTABILIDADE.COM.BR,,,
29026852000130,M&E ASSESSORIA,11,93672469,,,,,,
40892086000129,VELOCE CONTABIL,11,51921320,,,CONTATO@VELOCECONTABIL.COM.BR,,,
22603824000270,RCBCONT SOLUCOES CONTABEIS DIGITAIS,11,83462320,,,RICARDO@RCBCONT.COM.BR,,,
38272356000157,ANHAS CONSULTORIA E CONTABILIDADE,13,96142802,,,TALITHA@ANHASCONSULTORIA.COM,,,
42165612000184,ARCEUS CONTABILIDADE,5511,57198355,0,0,MJ.CONSULTORIACONTABIL@GMAIL.COM,,,
26084599000182,KARELLI ASSESSORIA CONTABIL,11,46192799,,,ADM@KARELLICONTABIL.COM.BR,,,
42391352000165,,5511,91452651,0,0,ELEONILDE@EERCONSULTORIA.COM.BR,,,
42430129000180,,5511,82344792,0,0,DANIELBUCIOLI@GMAIL.COM,,,
42507975000150,,11,92628542,,,GIVANILDO.MAMEDE@GMAIL.COM,,,
42868531000140,CIVICA,11,38353522,,,CONTATO@CIVICA.COM.BR,,,
42924231000131,PRIME CONT ASSESSORIA CONTABIL,11,29541804,,,EMERSON@LEGFISCO.COM.BR,,,
42975614000139,ELLITE FINANCEIRA E CONTABIL,11,34660129,,,ELLITECONTABIL@HOTMAIL.COM,,,
43105221000137,PJON,11,24588100,,,CONTATO@CNPJON.COM.BR,,,
43138594000104,MPA ASSESSORIA EMPRESARIAL,11,20916150,,,WJFCONTABIL@UOL.COM.BR,,,
43242754000160,,11,84156510,,,IMTORRES@OUTLLOK.COM.BR,,,
43410540000156,FSCONSULTING,11,74823018,,,CONTATO@FSCONSULTING.COM.BR,,,
33313857000110,BP CONTABILIDADE E AUDITORIA,11,28444392,,,CONTATO@BPCONTABIL.COM.BR,,,
41490791000162,,11,76831919,,,ABASSESSORIACONT@GMAIL.COM,,,
40125000000132,LEGAL TRIBUTO CONSULTORIA,11,50833060,,,CONTATO@LEGALTRIBUTO.COM.BR,,,
41518825000180,ALDLEE ASSESSORIA CONTABIL S/S,11,38313122,,,ATENDIMENTO@OPINIAOCONTABIL.COM.BR,,,
36149001000140,SAMDRI CONTABILIDADE,11,59159913,,,CONTATO@SAMDRICONTABILIDADE.COM.BR,,,
40248093000192,EXPERTISE CONTABILIDADE,11,51792806,,,CONTATO@CONTEXPERTISE.COM.BR,,,
31128251000180,LM ASSESSORIA CONTABIL,11,76915474,11,76606404,CONTATO@LMDACONTABILIDADE.COM.BR,,,
42162563000126,C&A ASSESSORIA EMPRESARIAL E CONTABIL,11,31595372,,,CONTATO@CEACONTABIL.COM.BR,,,
28318618000113,G'OVER CONTABILIDADE,11,50822861,,,CONTATO@GOVERSOLUTION.COM.BR,,,
31818961000131,PROMOVE CONSULTORIA,11,25033023,,,CONTATO@PROMOVECONSULT.COM.BR,,,
34429622000151,,11,96862183,,,APPASB@GMAIL.COM,,,
32531304000171,GRUPO EFFIK,11,41148258,,,COMERCIAL@EFFIK.COM.BR,,,
36356387000160,,11,39322605,,,MARCELO.SEGMENTO@GMAIL.COM,,,
31994229000112,CRIVELLARI SOLUCOES CONTABEIS,11,86511981,,,CRIVELLARISC@GMAIL.COM,,,
33745490000104,CONTTAR,11,32131415,11,32131413,CONTTAR@BOL.COM.BR,,,
32190176000140,T BRANDAO CONTABILIDADE LTDA,11,24499363,11,83185898,TAFATE@TBRANDAO.COM.BR,,,
43048525000100,,12,91850581,,,CONTATO.NATALIACORREA@GMAIL.COM,,,
37001362000107,CONTROLLERS,11,43214970,,,CONTROLLERSCONSULTORIACONTABIL@GMAIL.COM,,,
35204022000158,,11,25135624,,,MONICALIMA.CONTADORA@GMAIL.COM,,,
33152334000130,,11,99310847,,,RODRIGOPONCE1979@GMAIL.COM,,,
36033871000159,JNC - AUDITORIA,6920601,11,14040133,,,PEC.CONTABILIDADE@OUTLOOK.COM,,
29189265000161,VISION ASSESSORIA CONTABIL,11,36417957,11,36418179,ELIAS.SOUZA@VISIONCONT.COM.BR,,,
43085175000151,DCARVALHO CONTABILIDADE & CONSULTORIA,11,94385777,,,FINANCEIRO@DCARVALHOCONTABILIDADE.COM.BR,,,
40524540000199,DRY CONTABIL TECNOFIS,11,50766118,,,DALTON@DRYCONTABIL.COM.BR,,,
36083025000143,CONTABIL DIGITAL SAO PAULO,11,93422435,,,CONTABILMARRETTI@YAHOO.COM.BR,,,
36483700000121,SELENAS CONSULTORIA CONTABIL,11,25222182,,,SELENAS.CONSULTORIA@OUTLOOK.COM.BR,,,
36548680000120,FAST SERVICE SERVICOS,11,95651197,,,RAFAELANDELOCI@GMAIL.COM,,,
38365483000109,,11,56742387,,,CONTATO@ESTROCONTABILIDADE.COM.BR,,,
28138443000162,ATF CONSULTORIA EMPRESARIAL,11,98959147,,,ALEFIRORI.CONSULTORIACONTABIL@GMAIL.COM,,,
33313899000151,POTENCIAL ASSESSORIA CONTABIL E EMPRESARIAL,51,85464686,,,KAUAN.SANDER@GMAIL.COM,,,
35188171000170,,11,59204644,,,JOLIVEIRA.SOLUCAO@GMAIL.COM,,,
33629906000200,VACC,11,30271800,,,PARALEGAL@DIGITECCONTABIL.COM.BR,,,
44123136000164,SRT AGRONEGOCIOS,11,87435264,11,45656625,SRTCONSULTORIA2@GMAIL.COM,,,
44124572000158,BSM SOLUCOES EMPRESARIAIS E CONTABILIDADE LTDA,11,38498206,,,CONTATO@BSMCONSULT.COM.BR,,,
44229254000151,MIGRACAO CONTABIL,11,98207737,0,0,LUIZ.LISBOA@HOTMAIL.COM,,,
44336694000108,,11,23382482,,,ISM@ISMCORP.COM.BR,,,
44426477000109,,11,25336613,,,JURIDICO@GRUPORECONTA.COM,,,
44429156000168,WLT CONTABILIDADE,11,98416181,0,0,WELINTON@WLTCONTABILIDADE.COM.BR,,,
44470067000165,VARJAO CONTABILIDADE,11,87393438,,,EMERSON@VARJAO.CNT.BR,,,
44523989000193,RS CONTABILIDADE,11,94866855,,,RODRIGOMFSAMPAIO@GMAIL.COM,,,
44687208000104,,11,77289425,,,LUCIANOBTS@HOTMAIL.COM,,,
44763003000152,VERITUSPRO,11,84010613,,,CONTATO@VERITUSPRO.COM.BR,,,
44774732000104,GJ-REIS CONTABIL,11,48758126,0,0,GJ-REIS@UOL.COM.BR,,,
44783125000100,RCF CONTABILIDADE,11,74689805,0,0,ROSSANA.CABRALF@HOTMAIL.COM,,,
44914115000167,GUEDES CONTABILIDADE,11,42177645,,,FELIPE_GUEDES_67@HOTMAIL.COM,,,
44952762000163,VM CONSULTORIA CONTABIL,11,96536065,,,VALDENIR1984@YAHOO.COM.BR,,,
44968835000105,RMJ BLINDAGEM DIGITAL,11,71569907,,,CONTABILRMJBLINDAGEMDIGITAL@GMAIL.COM,,,
11310590000256,,21,22272191,,,ANDRE.SILVA@BRASILWM.COM.BR,,,
45100881000150,OMNIA TECNOLOGIA DIGITAL,11,32302371,,,DP.JURIDICO@OMNIA.NET.BR,,,
45145509000160,,11,50554442,,,FISCAL@UPTICK.COM.BR,,,
45262145000107,LANCAMENTO CONTABIL - ASSESSORIA E CONSULTORIA,11,45007650,0,0,TLOURETO04@GMAIL.COM,,,
45359517000100,MELO CONTABILIDADE,11,77010096,98,81264765,ADEILSONMEL.AM@GMAIL.COM,,,
45396993000109,COFINANCAS ASSESSORIA CONTABIL,11,94462608,11,93056396,JOYCE.RECHE@GMAIL.COM,,,
45548304000126,,11,74434016,,,JY.CONTABIL@GMAIL.COM,,,
45659853000178,EXTERNA CONTABILIDADE,11,33995088,,,CONTATO@EXTERNACONTABILIDADE.COM.BR,,,
45564611000109,,11,97062935,,,CONTABILIDADE@HLINTELLIGENCE.COM,,,
45683495000139,CONTAGIR,11,32480108,0,0,LUANAPALACIO2010@HOTMAIL.COM,,,
45923503000177,ABAKOS ASSESSORIA EMPRESARIAL E CONTABILIDADE,11,91805286,0,0,RICARDO.LOPES.SP@ME.COM,,,
46112848000103,,11,94710168,,,DENISEBALILA@HOTMAIL.COM,,,
46164608000152,CONTEI,11,50831065,,,BTSCONTABILIDADE@GMAIL.COM,,,
2003180000352,EXEMPLUM SERVICOS CONTABEIS,51,34510191,51,34517838,SOCIETARIO@EXEMPLUM.COM.BR,,,
46268651000168,,11,20218845,,,THIAGO.SOLDERASCONTABILIDADE@GMAIL.COM,,,
46394321000119,TH ASSESSORIA CONTABIL,11,12207441,,,THCONTABIL.CEO@GMAIL.COM,,,
46400428000122,,11,32808687,11,83688583,CONTATO@SOSCONT.COM.BR,,,
46531798000107,,11,24522763,,,FABIOLAGOVERTZ@GMAIL.COM,,,
46539915000170,,11,40344054,,,ROSE@RCMASTER.COM.BR,,,
46647601000191,CAVEO CONTABILIDADE,11,70818648,,,FINANCEIRO@CAVEO.COM.BR,,,
46792385000178,ROSANGELA FERREIRA DE SOUZA GUIMARAES,11,84855256,11,52464869,RCD.GUIMARAES@OUTLOOK.COM,,,
46828451000112,LC EXCELLENCE,11,29571098,,,MARIO.CONTABILIDADE@UOL.COM.BR,,,
46861143000199,IF CONTABIL,11,42106904,,,LEGAL@IFCONTABIL.COM.BR,,,
46957506000194,DESCONTABIL,11,71600330,0,0,ROBINSONSILVA@ME.COM,,,
47124013000136,EELP,11,98254963,11,98254964,LPORTA.JPN@TERRA.COM.BR,,,
47142276000178,VPC ASSESSORIA,11,79545866,0,0,VINI_NYO@HOTMAIL.COM,,,
47313045000180,SPOLADORE CONTABIL,11,82121800,0,0,EDISON.RM@RMZOLLINGER.COM.BR,,,
47386932000188,ACCOUNTEETH,11,98666138,,,MIC.S.SOUSA@GMAIL.COM,,,
44081822000110,ICONICOS ASSESSORIA EMPRESARIAL LTDA,11,47244203,,,ALESSANDROFORTI76@GMAIL.COM,,,
47625144000105,MONKEY CONTABILIDADE,11,53783065,,,LEGAL@MONKEYCONTABILIDADE.COM.BR,,,
47634638000148,MB ASSESSORIA CONTABIL,11,63091012,0,0,MOCRISTINA@GMAIL.COM,,,
48167941000140,ACM SOLUCOES CONTABIL,11,56864963,11,84174963,DIRETOREXECUTIVO@ACMEMELOCONSULT.SRV.BR,,,
45936955000193,SQD3 CONTABIL,11,42107742,,,QIANDU.SP.SF@GMAIL.COM,,,
48266700000159,ALMEIDA & FARIAS ASSESSORIA CONTABIL,11,61684299,0,0,MAYARA.ALMEIDAF4@GMAIL.COM,,,
48513970000117,,11,45080070,,,FINANCEIRO@MIRANDAASSOCIADOS.COM.BR,,,
48564368000109,JS + FORTES CONTABILIDADE,11,83502376,,,WELLITONDF1@HOTMAIL.COM,,,
48588524000171,SUCONTABIL VIEIRA,16,97231506,11,33231500,SUCONTABILVIEIRA.ADM@GMAIL.COM,,,
48638083000175,TARGETX BR,11,39659977,,,CONTATO@TARGETXBR.COM,,,
48706789000127,MF SEABRA CONTABILIDADE,11,39662920,,,FATIMAVRD@UOL.COM.BR,,,
48781097000143,MARKAR,11,29415499,,,MARKAR@MARKARCONTABIL.COM.BR,,,
48879983000104,DCV SERVICOS DE CONTABILIDADE,11,96698053,,,EDMILSON.DIAS@DCVSERVICOS.COM.BR,,,
48960270000170,,11,82680486,0,0,JACQUELINEROCHACOSTA@GMAIL.COM,,,
20324387000220,GR ASSESSORIA CONTABL & TRIBUTARIA,11,30712867,,,CONTATO@GRACONTABIL.COM.BR,,,
49060441000178,IR ASSESSORIA CONTABIL,11,68902267,,,IR.ASSESSORIACONTABIL@HOTMAIL.COM,,,
49113653000176,,11,23379032,,,DEPAULA.SUPORTECONTABIL@GMAIL.COM,,,
49275672000107,PRIME SERVICE CONTABILIDADE,11,79613011,0,0,FSSOUZ@OUTLOOK.COM,,,
49347927000191,GENESIS CONSULTORIA,11,64099501,0,0,ANDERSONPEEREIRA@GMAIL.COM,,,
49356970000113,SARS CONTABILIDADE,11,55490381,,,ADM.SARSCONTABILIDADE@GMAIL.COM,,,
49456292000160,TRA CONTABILIDADE,11,38954634,,,ENRIQUE@CORDIALCONTABILIDADE.COM.BR,,,
49467531000188,ASSESORIA EMPRESARIAL SRM LTDA,11,39458345,0,0,SORAYAREGINA452@GMAIL.COM,,,
49489699000194,CIRNE & SOUZA CONTABILIDADE,11,17559990,11,84095163,FINANCEIRO@CIRNEESOUZA.COM.BR,,,
49526901000100,,11,44475638,0,0,VINICIUS.Y.HAYASHI@GMAIL.COM,,,
49594149000135,NBJ CONTABILIDADE,11,42835773,,,CONTATO@NBJCONTABILIDAE.COM.BR,,,
49618027000131,ICF MASTER,11,51842106,,,CONTATO@ICFCONTABILIDADE.COM.BR,,,
45025351000195,,11,51332506,,,THPCALCULOS@OUTLOOK.COM,,,
49891188000102,CONTFIX SERVICOS CONTABEIS,11,20911050,,,FICALCONTFIX@OUTLOOK.COM,,,
49945312000167,,11,99999999,,,CONTATO@TDCCONTABIL.COM.BR,,,
50042410000173,BAVIZ CONSULTORIA CONTABIL LTDA,11,87864572,0,0,FELIPE_FERREIRABRAZ@HOTMAIL.COM,,,
50045229000110,,11,71922200,0,0,APARECIDOLISBOA@HOTMAIL.COM,,,
50068500000133,RAC7 CONSULTORIA CONTABIL E FINANCEIRA,11,47986061,,,RAC7CONTABIL@GMAIL.COM,,,
50077446000192,ORGANIZACAO LUCIANO,11,22975357,,,ORGLUCIANO@HOTMAIL.COM,,,
50207683000120,KS CONTABILIDADE,11,62811746,0,0,KSCONTABILIDADE_DIGITAL@GMAIL.COM,,,
48886503000132,,18,97525533,,,CONTATO@ALTACONT.COM,,,
50529906000176,ESTRELA CONTABIL,11,37215700,11,37210064,CONTADOR@ESTRELACONTABILIDADE.COM.BR,,,
50533263000134,SOLID CONSULTORIA,11,30314131,,,PROCESSOS@CONTALLINE.COM.BR,,,
50585613000106,FATA CONTABILIDADE,11,63307295,11,48596172,FATACONTABILIDADE@GMAIL.COM,,,
50670451000104,CONTROLL COUNT,11,98401986,0,0,EDIO.LIMA@OUTLOOK.COM,,,
44817592000104,,11,72701372,,,CSHIKOTA8@GMAIL.COM,,,
50851090000100,,11,57589846,,,F2MCONTABIL@GMAIL.COM,,,
50865366000100,,11,82210653,0,0,NATHALIA.MONTEIRO22@OUTLOOK.COM,,,
50948119000169,SOUSA FARIA ESPECIALISTA NO TERCEIRO SETOR,11,93537923,0,0,PAULOSF28@GMAIL.COM,,,
50962694000116,GONCALVES & GONCALVES CONTADORES ASSOCIADOS LTDA,11,87974994,0,0,MGONCALVES@GONCALVESCONTADORES.COM.BR,,,
51119334000110,HORTONIUM ASSESSORIA,11,92737674,,,EBAILEY@BAILEYACC.COM.BR,,,
51138853000125,M.O CONTABIL,11,58988379,,,MOMARCELIO@UOL.COM.BR,,,
51254507000102,SMALL CONT,11,31788888,,,D.FINANCEIRO@PERFILCONTABIL.COM.BR,,,
51269077000100,L DI DONATO CONTABILIDADE,11,17203393,0,0,LDONATO86@HOTMAIL.COM,,,
51331332000190,ESC,11,98164172,0,0,ENSICO@GMAIL.COM,,,
51341583000155,BM CONTABILIDADE CONSULTIVA LTDA,11,94278992,,,DANILOSILVA.BMCONTABIL@GMAIL.COM,,,
51532458000122,DESCOMPLICA GRUPO CONTABIL,11,25476965,0,0,CONTATO.DESCOMPLICAGRUPO77@GMAIL.COM,,,
47082867000105,REIS CONTABILIDADE,11,76169054,,,REISAMORIMCONT@OUTLOOK.COM,,,
51622230000123,,11,59086767,,,CONTATO@ACCERTA.COM.BR,,,
51624744000118,BRIOTTO CONTABILIDADE,11,60722626,0,0,BRIOTTO@BRIOTTO.COM.BR,,,
51628773000158,CONTABILISEI,11,82860181,0,0,CONTATO@CONTABILRH.COM.BR,,,
13780412000214,,12,38871338,,,CONTATO@EXAUTCONTABIL.COM.BR,,,
51816322000144,BEVIC CONTABILIDADE,11,32102421,0,0,CONTATO@BEVICASSESSORIACONTABIL.COM.BR,,,
51865140000163,,11,81056933,,,CETOPEREIRA@UOL.COM.BR,,,
51865256000100,,11,75630296,,,CONTATO@LUZASSESSORIACONTABIL.COM.BR,,,
52111056000117,PLANO A PLANEJAMENTO E ASSESSORIA CONTABIL,11,51979701,,,ATENDIMENTO@PLANOAPLANEJAMENTOCONTABIL.COM.BR,,,
52151940000185,KAIZEN CONTABILIDADE,11,95419053,0,0,CONTATO@KAIZENCONTABILIDADE.COM,,,
52248808000196,CONTABILIDADE PINAH,11,71780539,0,0,ROSEPINAH@HOTMAIL.COM,,,
52360508000102,SRA NEGOCIOS CONTABEIS,11,79821012,0,0,SONIAREGINA369@HOTMAIL.COM,,,
52381729000159,INOVATRIA CONSULTORIA,11,47312076,,,CONTATO@INOVATRIA.COM.BR,,,
52400156000163,,11,94020519,,,JOYCESILVAOG@GMAIL.COM,,,
52400241000121,NEPO ACCOUNTING AND MANAGEMENT,11,54614261,11,,ASSESSORIA@NEPOASSESSORIA.COM.BR,,,
52546382000157,MTG CONTABILIDADE LTDA,11,29140273,,,MTGHESSO@GMAIL.COM,,,
52631408000165,EMPIRICOS SOLUCOES EMPRESARIAIS E CONSULTORIA,11,95980383,,,ADILSON@PACHECOCONSULTORIA.COM.BR,,,
53078190000126,FAST CONTABIL,11,73975049,0,0,RINALDO@RCAMPOSASSESSORIA.COM.BR,,,
53083041000155,MEU CAPITAL CONTABIL,21,65517352,0,0,POLIIANALIIRA@GMAIL.COM,,,
10816983000273,,51,33336948,,,CONTATO@PARANHOSASSOCIADOS.COM.BR,,,
53364938000157,SERVICOS CONTABEIS HELENA AGUIAR,11,86876104,0,0,HELENA.AGUIAR@BOL.COM.BR,,,
53377793000129,ALVES NETO ASSESSORIA CONTABIL,11,39054165,,,CONTATO@ALVESNETO.COM,,,
53473162000103,,11,97653364,,,LAERCIO.F.OLIVEIRA@GMAIL.COM,,,
53638119000150,MK ASSESSORIA CONTABIL,11,54232129,0,0,GJBCARLOS@GMAIL.COM,,,
53723781000109,SIET CONSULTORIA CONTABIL E EMPRESARIAL,11,99999999,,,ROBERTO.CRISTIANOADB@GMAIL.COM,,,
53805504000145,VS CONVERGENCIA CONTABIL,11,96644550,,,CONTATO@VSCONVERGENCIACONTABIL.COM.BR,,,
53839906000160,CAIRO CONTABILIDADE,11,85298295,,,CONTATO@CAIROCONTABILIDADE.COM,,,
54006357000106,SIQUIERI CONTABILIDADE,11,29459243,,,MARCOS@SIQUIERICONTABILIDADE.COM.BR,,,
54026670000106,CANTELLI CONTABILIDADE,11,77565289,0,0,CANTELLI.CONTABILIDADE@HOTMAIL.COM,,,
53973768000108,NRJ CONTABILIDADE CONSULTIVA,11,82646187,0,0,NRJCONTABILIDADECONSULTIVA@GMAIL.COM,,,
54215867000193,LEMOS CONSULTORIA CONTABIL,11,87230010,0,0,EDNOG3@GMAIL.COM,,,
54374499000126,KEY ACCOUNTING,11,71843072,0,0,FILIPPE.DUARTE@KEYACCOUNTING.COM.BR,,,
54505996000116,TGA CONSULTORIA CONTABIL E EMPRESARIAL,11,75916121,,,TIAGO.GOTIERRE@HOTMAIL.COM,,,
54557022000186,LUMUS SOLUCOES CONTABEIS,11,82097610,,,ELEN_CRS@HOTMAIL.COM,,,
54563262000193,SIMPLESCON,73,91061751,0,0,ROBSON@SIMPLESCON.COM,,,
54676261000155,,11,81551814,,,CINASANTOS10@GMAIL.COM,,,
54809593000160,INOUE CONTABILIDADE,11,25632323,,,ANDERSON.CAMARGONOVO@GMAIL.COM,,,
54945847000178,V2V ASSESSORIA CONTABIL,11,24217824,,,VIEIRA@V2VCONTABILIDADE.COM.BR,,,
55152416000117,GRUPO KESEF,11,51945907,,,CONTATO@KESEFCONTABIL.COM.BR,,,
55154757000121,INTEGRA VALOR CONTABILIDADE,11,85369962,0,0,CINTHIARCASTILLO@YAHOO.COM.BR,,,
55234221000116,,11,23823481,,,GEMACOLIS@GMAIL.COM,,,
55257113000169,,11,51058773,,,COSTA@MTENDOLINI.COM.BR,,,
55333529000119,,11,76758198,,,CONTATO@BRITOCOUTO.COM.BR,,,
55379289000193,,81,87009776,0,0,MVERISSIMO.SP@GMAIL.COM,,,
55629278000114,QUALI UP,11,82177754,,,CLIENTE@QUALICONT.NET.BR,,,
55630097000108,DUBAI & SEGURA CONTABILIDADE CONSULTIVA,11,40311173,,,CONTASEGURA@CONTASEGURA.COM.BR,,,
55752918000189,ML SILVA,11,47809230,,,SAC@MBACONTABILIDADE.COM.BR,,,
55881667000132,SRVR CONTABILIDADE,11,35644752,11,82707086,SILVIARAMOS0@HOTMAIL.COM,,,
56024833000147,,11,63214745,,,SHEYLA.NERI@HOTMAIL.COM,,,
56091362000190,,11,73651624,,,HEINEDOM@OUTLOOK.COM,,,
55976064000114,CAPPEX ASSESSORIA CONTABIL E FISCAL,11,59021084,0,0,KAPEXCONTABIL@GMAIL.COM,,,
56886439000118,FIRMINO,11,99457066,,,MARCOSSANTOS.MS57@GMAIL.COM,,,
56935038000100,MAK CONSULTORIA,11,61929106,0,0,FABIO.ASTORGA@GMAIL.COM,,,
56944076000120,,11,33758135,,,LUVICON@LUVICON.COM.BR,,,
57018290000118,TCONTA,11,94332220,,,TCONTA@TCONTA.COM.BR,,,
57054528000160,,11,48631097,,,MATHEUS.WAGNER78@GMAIL.COM,,,
57143874000115,NIMIA CONTABILIDADE,11,59039455,0,0,FELIPE_FELISBERTO@LIVE.COM,,,
57182746000180,CONEC SERVICOS CONTABEIS,11,74647953,0,0,CAROLINAPJUVENAL@GMAIL.COM,,,
48591453000166,ANDRESSA BORGES CONTABILIDADE DIGITAL,11,75714494,,,AVORACONTABILIDADE@GMAIL.COM,,,
57283678000146,CLEAR CONTABIL,11,47112610,0,0,ROBERTOTORRES.CONTAB@GMAIL.COM,,,
57514513000138,DC SERVICOS CONTABEIS,11,39477990,,,DANILO@DCSERVICOSCONTABEIS.COM.BR,,,
57527694000137,HB REALIZA CONTABILIDADE,11,39312371,,,CONTATO@HBREALIZA.COM.BR,,,
57568948000165,IDG CONTABIL,11,88439551,,,CONTABILIDADE.LETTAGROUP@GMAIL.COM,,,
57570861000122,ERMS CONSULTORIA,43,96063994,0,0,ELIAQUIMSOUZA@OUTLOOK.COM,,,
57684360000177,IMPACTO 3 SETOR CONSULTORIA E ASSESSORIA LTDA,11,80966922,,,LAZAROSILVACNT@GMAIL.COM,,,
57787324000139,MADALENA GALBE LTDA,11,91572866,11,55660330,MADA.GALBE@GMAIL.COM,,,
57848512000120,AEON CONTABIL,11,94594783,0,0,UELITON.SOUZA@GMAIL.COM,,,
57895710000144,L S SERVICOS CONTABEIS,11,98282280,0,0,DANLEO@UOL.COM.BR,,,
57900352000110,SINGLE TAX,11,33000153,,,JOAOPAGANOTO@HOTMAIL.COM,,,
57924934000137,MADEO,11,40406573,,,DALLAS@DALLAS-PS.COM,,,
57932739000159,,11,73422848,,,CESARTOSSI@HOTMAIL.COM,,,
57936068000102,QUANTARIS GESTAO EMPRESARIAL LIMITADA,11,95482255,,,RAMONOLIVEIRA@QUANTARISGESTAO.COM.BR,,,
58281201000194,,35,98119880,,,LEANDRO.CHIARENTIN@RENOVACONSULT.COM,,,
58335163000105,ALS SERVICOS CONTABEIS LTDA,11,86435750,0,0,ALINE.LIMADASILVA@HOTMAIL.COM,,,
58453743000105,PAULO TOBARUELA - CONTABILISTA,11,11111111,0,0,XXXXXXXXXX@XXXXXXXXXX.XXX.XX,,,
50306532000120,SMART CNPJ,11,71885043,,,SMARTCNPJ@GMAIL.COM,,,
58541233000181,,11,40400365,,,MARCEL@ASTRIDE.US,,,
58652096000152,,11,38169856,,,PARALEGAL@CONTHABILIE.COM.BR,,,
58827144000104,WS CONTABILIDADE,11,54993868,11,54993868,WILLIAN_SOUZA_89@HOTMAIL.COM,,,
58982506000123,LEXYS GESTAO EM NEGOCIOS,11,31642073,,,CONTABILIDADE@LEXYSPII.COM,,,
59158085000183,NTAX CONSULTORIA CONTABIL E TRIBUTARIA,11,99669744,,,CONTATO@NTAX.NET.BR,,,
10312763000202,NOGUEIRA CONTABILIDADE,66,34251025,66,99648900,ADRIANO@NOGUEIRACONTABIL.COM,,,
59211907000142,MACHADO CONTABILIDADE,11,31515685,,,MARCOS.MACHADO@ASSESSORIAMACHADO.COM.BR,,,
59746831000150,ROMA CONTABILIDADE,11,51228028,,,JOAODESA.ADM@GMAIL.COM,,,
59939144000150,EXI,18,97046112,,,DARCIO.BENICHIO@EXI-PARTNERS.COM.BR,,,
60099599000194,NP CONTROLLER,11,81822241,11,81822241,DIRETORIA.NPCONTROLLER@GMAIL.COM,,,
60163025000138,FACTO SOLUCOES CONTABEIS E ADMINISTRATIVAS,16,99999999,,,IGOR@USEPRISMA.IO,,,
60287369000159,,11,98878628,,,FISCAL@TAXSMARTCONTABILIDADE.COM.BR,,,
60479794000140,C7R - CONTABILIDADE & CONSULTORIA,11,87196165,,,TAWANALIMAVIANA@HOTMAIL.COM,,,
60715537000160,DINASTY - CONTABILIDADE LTDA,11,70517698,,,CONT.GOULART@GMAIL.COM,,,
60722704000108,BIO FISCAL,11,99999999,,,RODRIGOAMARALCONTADOR@GMAIL.COM,,,
44449165000200,,47,32025492,,,HELOISA@HGMCONTABIL.COM.BR,,,
60805980000121,ALT - CONTABILIDADE E ASSESSORIA,11,11901187,,,CONTATO@ALTCONTABIL.COM,,,
61241002000167,HM CONSULTORIA CONTABIL & EMPRESARIAL,11,89139990,,,HM@HMCONSULTORIA.CNT.BR,,,
61258838000174,,11,81623648,,,CONTABILIDADE@E-IRPJ.COM.BR,,,
61260120000112,CONTA COMIGO,11,51668581,11,51668581,MARI51668581@OUTLOOK.COM,,,
61325410000105,,11,37683800,,,D.COMINIREIS@GMAIL.COM,,,
61365510000157,MRJF ASSESSORIA CONTABIL,18,33681122,,,MRJF.CONTABILIDADE@HOTMAIL.COM,,,
61386947000177,,11,45283094,,,HELLEN@HCCONTABILIDADEDIGITAL.COM.BR,,,
61510989000178,MDL2 SOLUCOES CONTABEIS LTDA,11,58411578,,,CONTATO@MARDANCONTABIL.COM.BR,,,
54898393000121,MINHA CONTADORA,11,16188787,,,CONTATO@MINHACONTADORA.NET.BR,,,
52498405000103,DIGITO 10 ASSESSORIA EMPRESARIAL,11,17217236,,,DIGITO10@GMAIL.COM,,,
58920394000186,,11,71450133,11,,VINICIUSGREGDEMORAIS@GMAIL.COM,,,
61202673000119,VETPASS,11,51960550,,,ATENDIMENTO@VETPASSCONTABILIDADE.COM.BR,,,
57936179000100,MULTIPLA,11,16339475,,,MULTIPLACONTABILIDADE.SP@GMAIL.COM,,,
61581226000118,WESLEY ALVARENGA SOLUCOES CONTABEIS,11,20548277,,,WESLEYP.ALVARENGA@GMAIL.COM,,,
55762847000103,,11,98550498,,,CONTATO@INVICTUSPC.COM.BR,,,
50289950000156,GACI CONTABIL,11,55817815,11,86029922,GACICONTABIL@GACICONTABIL.COM.BR,,,
58446670000116,ISPB,11,75103829,,,MARCELOBARBOSA.MCF@GMAIL.COM,,,
62005510000109,PJ MAIS CONTABILIDADE CONSULTIVA,11,29503006,,,CONTATO@PJ.PLUS,,,
62018938000196,,11,31215454,,,SOCIETARIO@EFFORTS.COM.BR,,,
62082133000101,,11,33333333,,,ADMINISTRATIVO@ALLFISCO.COM.BR,,,
62142743000153,CONTABIL R LANDIN,11,84968846,,,RLANDIN@SIMPLEWAYCONTABIL.COM.BR,,,
62158687000145,,11,86828865,,,ESS.ADVCC@GMAIL.COM,,,
62204660000141,DOMENICA ASSESSORIA CONTABIL,11,75770408,,,CONTADORA.CRIPTO@GMAIL.COM,,,
62240636000168,,11,40357885,,,SECURITY@PAY.COM,,,
62391642000116,AUTHEN ASSESSORIA CONTABIL,11,92392322,,,ELIENECPROSARIO@GMAIL.COM,,,
62421355000101,RGW SOLUCOES ESTRATEGICAS,11,78687050,,,CONTATO@RGWCONTABIL.COM,,,
62456985000111,,11,89562274,,,MARCOS@CONTABILIPIRANGA.COM.BR,,,
62589609000103,NSS CONTABILIDADE,11,73458945,,,NA.SCAQUETTI.85@HOTMAIL.COM,,,
62890268000101,APBT CONTABILIDADE,11,38514431,,,RENATO.NEIVA@GMAIL.COM,,,
62906578000169,,11,81828282,,,CONTABILIDADE@TOMKNAUF.COM.BR,,,
62915078000193,JAR GESTAO CONTABIL,11,94881457,11,98989446,JAIMEAMARAL@HOTMAIL.COM,,,
62918031000183,VIEIRACONTABILIDADESP,11,63093316,,,ALEXANDRE@VIEIRACONTABILIDADESP.COM,,,
63029392000131,MHUB ASSESSORIA,11,39650872,,,DANMAGALHAES.CONSULTORIA@GMAIL.COM,,,
63088293000120,DEFY GESTAO CONTABIL,11,96276137,,,FLAVIO.KIKUCHI@GMAIL.COM,,,
63169537000108,,11,48614444,,,CONTATO@M2SOLUCOESCONTABEIS.COM.BR,,,
63232684000177,,11,29534183,11,92653883,MATGOL2014@LIVE.COM,,,
63354746000113,,11,31121399,,,ANDERSONDIC@TERRA.COM.BR,,,
63495822000100,NOMANDE DIGITAL,11,41678098,13,96178287,ANTONIOCARLOSDUDUDASILVA@GMAIL.COM,,,
63608036000172,,11,37290513,,,LEGALIZACAO@SOUSERAC.COM,,,
63688605000137,A. NASCIMENTO CONTABILIDADE,11,66369742,11,66369742,AMANDANASCIMENTO.CONTABILIDADE@GMAIL.COM,,,
63804817000132,FUCHEN CONSULTORIA CONTABIL E TRIBUTARIO,11,44438225,,,FUCHENCONSULTORIA@GMAIL.COM,,,
63362577000163,FABRI CONTABILIDADE DIGITAL,15,91487424,15,91401659,FABRI.ASSESSORIACONTABIL@GMAIL.COM,,,
63831958000144,LECONTAB,11,23615222,,,SOCIETARIO.LECONTAB@GMAIL.COM,,,
63991075000100,TAXNEX CONTABILIDADE,11,32676299,,,RENATO.FINANCE@GDCONSULTING.COM.BR,,,
64115810000176,RS ASSESSORIA CONTABIL,11,51610951,11,51610951,MSRAIMUNDOSOUSA@GMAIL.COM,,,
64153730000105,,11,23629095,,,IFIXCONTABILIDADE@GMAIL.COM,,,
64347496000157,,11,95196288,,,CONTABILIDADE.ETLS@GMAIL.COM,,,
64408441000100,KDAC CONTABILIDADE,11,91909193,,,CONTABILIDADE@KDAC.COM.BR,,,
64449928000130,CAMPOS ASSESSORIA TRIBUTARIA,11,72391317,,,EZELDA.CAMPOS@GMAIL.COM,,,
64721184000161,UCCELLI CONSULTORIA EMPRESARIAL,11,14833971,11,14833971,CONTABIL.UCCELLI@GMAIL.COM,,,
64768530000167,LEC ACCOUNTING,11,83296743,,,LUCA.VILAS.BOAS@HOTMAIL.COM,,,
64815560000187,,11,55391552,11,55740416,SETPLAN@SETPLAN.COM.BR,,,
64887618000106,ALLAGI CONSULTORIA E CONTABILIDADE,11,65164681,,,LETICIAMRTO.CONTADORA@GMAIL.COM,,,
64905993000123,,11,1,,,CONTATO@RCON.COM.BR,,,
64923292000117,B & L CONTABILIDADE LTDA,11,50333156,,,PATRICKMORO@BLCONTABILIDADE.COM,,,
64946864000183,,11,47187489,,,JOSE.CAVALCANTE@GRUPOFTR.COM.BR,,,
65014411000181,,11,11111111,,,CONTATO@WE.ROCKS,,,
65167043000101,,11,37322240,,,ROSE@POLIFISC.COM.BR,,,
62067586000169,ACR COMERCIAL,11,35373931,,,CONTABILIDADE.ROCCO@HOTMAIL.COM,,,
65347071000100,CB CONTABILIDADE,11,94201582,,,CONTABEAUTY.CONTABILIDADE@GMAIL.COM,,,
65359732000118,CONCEITOS CONTABEIS,11,38086765,11,,CONCEITOS_CONTABIL@HOTMAIL.COM,,,
65482347000163,CONTA E TRIBUTA,22,81216400,22,81216400,JAMAICON.GUIMARAES@GMAIL.COM,,,
10907367000228,,11,50511392,,,MARCIA@MSSCONTABIL.COM.BR,,,
65509772000107,CALLEGARI CONTADORES ASSOCIADOS,11,89054935,,,CONTABILIDADE@CALLEGARICONTADORES.COM.BR,,,
65380060000122,,11,91677383,,,FABIO.ZAGUETTO@GMAIL.COM,,,
65720212000199,,11,61301467,11,61301467,PAULA_0916@HOTMAIL.COM,,,
8664312000292,,16,36243291,,,CONTATO@STRUTURACONTABIL.COM.BR,,,
65902590000193,,35,99214647,,,CONTATO@CONTABILIDADEMARELI.COM.BR,,,
65941036000115,NEWCONT,11,20265857,,,NIVALDO.AUDITOR@GMAIL.COM,,,
65959161000152,BCONTABIL,11,53290012,,,BADU@BCONTABIL.COM.BR,,,
65965715000124,MAZZEN CONTABILIDADE,11,88378746,11,88378746,ANDREACMAZZILLI@GMAIL.COM,,,
66025554000151,,11,99534894,,,GUILHERME@SAVIANCONTABILIDADE.COM.BR,,,
66050515000104,,19,92980689,,,MHJORDAO@GMAIL.COM,,,
66291664000165,,11,41707741,11,41707741,LTMORAISCONTABILIDADE@GMAIL.COM,,,
66348737000108,,11,97013568,,,TAHALITAB.OLIVEIRA@GMAIL.COM,,,
54890263000223,,16,37059000,,,LEGALIZACAO1@ALPHA-CONTABILIDADE.COM,,,
66680054000153,ZYGOS ASSESSORIA,11,97492347,,,RAFA_PEDROSO@HOTMAIL.COM,,,
66751352000197,,11,43717250,,,FRANCISCO.LIRA260@GMAIL.COM,,,
66844357000164,DIGICONTI CONTABIL,11,81103525,11,81103525,CARLOSAUGUSTOCUSTODIOJUNIOR@GMAIL.COM,,,
66942553000171,,11,89961473,11,89961473,DEBORA.INGRID@TERRA.COM.BR,,,
66992384000184,MISTER CONT SERVICE,11,45643336,11,,SOCIETARIO@MISTERCONT.COM.BR,,,
67047327000190,YWI SOLUCAO EMPRESARIAL,11,94266630,11,94266630,CONTATOLEANDROYWIGNE@HOTMAIL.COM,,,
67202725000133,WHITE CONTABILIDADE E TRANSPORTES,11,42916598,,,BLACKCONTABILIDADE.LEONARDO@GMAIL.COM,,,
67274765000190,AGORA GESTAO DO TERCEIRO SETOR,11,72022465,11,72022465,LSSILVAESTAGIO@GMAIL.COM,,,
67310998000100,,13,82272031,11,88184791,SUCARRAMAO@GMAIL.COM,,,
67316052000142,,11,95485278,11,95485278,JFM.ASSESSORIA@TERRA.COM.BR,,,
67516593000114,AGILITY ASSESSORIA,11,42556474,,,HFSETORLEGAL@GMAIL.COM,,,
67550667000139,PRAEVION,11,77789012,,,PRAEVION.PLANEJAMENTO@GMAIL.COM,,,
11978703000296,,14,98780843,,,CS@BNDASSESSORIA.COM.BR,,,
67691890000104,COGNI INTELIGENCIA CONTABIL,11,96629918,,,CONTATO@COGNICONTABILIDADE.COM.BR,,,
62158198000193,SOLLIAN CONTABILIDADE E ASSESSORIA,11,68123359,11,84446928,JOSILOPESLIM@GMAIL.COM,,,
67774207000194,FIDES CONTABILIDADE,11,42247531,,,CASSIO.FERNANDES@FIDESCONTABILIDADE.COM.BR,,,
67970837000134,LUCAS TRONDOLI MENDES CONTABILIDADE,11,98902522,,,LUCASTRMENDES@GMAIL.COM,,,
67996812000100,LIDERY EMPRESARIAL,13,96547938,,,LIDERYEMPRESARIAL@GMAIL.COM,,,
68028421000164,,11,75700899,11,75700899,IGORTADEULL@HOTMAIL.COM,,,
68071868000116,SISTEMICA CONTABILIDADE,81,92549029,81,92549029,GOLIVEIRA@SISTEMICACONTABILIDADE.COM.BR,,,
68118861000102,CONTABIU,11,40672578,11,40672578,CRISUCHOAS@GMAIL.COM,,,
68268208000120,DIAS & MACEDO,11,94386253,,,MACEDO.SANTOS.SANDRA@OUTLOOK.COM,,,
68284746000108,CONTA CARE CONTABILIDADE,11,68683777,,,FISCAL@ASSLCONTABILIDADE.COM,,,
68316960000107,,11,92839000,11,92839000,AMGV.CONTABIL@GMAIL.COM,,,
68391732000193,PIFFER ASSESSORIA CONTABIL,11,97906207,11,22310728,MARCIAPIFFERSC@GMAIL.COM,,,
68410911000120,FACIL CONTABILIDADE,11,35049340,,,MENDESJULIA.CONTABILIDADE@GMAIL.COM,,,
68453658000192,SOUZAMAAS SP CONTABIL SOCIEDADE SIMPLES,11,44206000,,,REGULATORIO@SOUZAMAAS.COM.BR,,,
3309209000120,,11,56816950,,,QUANTHABILIDADE@QUANTHABILIDADE.COM.BR,,,
4958298000106,,11,50580880,,,fisconta@terra.com.br,,,
3326181000139,J.D.A.,11,31205509,,,fiscal@jdacontabil.net,,,
4987711000152,,11,55319791,,,CONTATO@FATTORK.COM.BR,,,
4989896000134,,11,69774698,,,,,,
5005539000157,,11,98681616,11,38125511,OLEIKOMT@HOTMAIL.COM,,,
1725121000163,ORGANIZACOES CLAPS NEW,11,38040968,11,38040971,CAS_CONT@UOL.COM.BR,,,
101438000166,ALENCAR & VITASOVIC,11,55810082,,,CONTATO@ALENCAREVITASOVIC.COM.BR,,,
3400071000170,EDULAU,11,39034071,11,34611048,edulauassessoria@terra.com.br,,,
5070350000148,EAS ASSUNTOS CONTABEIS E FISCAIS,11,82952264,11,43453533,ELIALEXANDRE.EAS@GMAIL.COM,,,
163323000104,CAMPOS CONTABILIDADE E CONDOMINIOS,11,56705706,11,50115706,COMERCIAL@CAMPOSCONT.COM.BR,,,
3470679000170,EYCON,11,50842504,11,50844792,eycon@terra.com.br,,,
5141764000110,,,,,,,,,
7410444000144,,,,,,,,,
203684000129,,11,31063908,,,,,,
1865577000129,,11,32558452,,,,,,
251634000117,,11,38745757,,,M.ORNELAS@CONTADORESFORENSES.NET.BR,,,
3588021000168,,11,29725669,,,SAC@FENIXCONTABILSP.COM.BR,,,
96478813000160,,11,2185406,,,CONTFISCAL@TERRA.COM.BR,,,
349535000172,,11,38726649,11,36735712,TRINANES.TLN@TERRA.COM.BR,,,
2002354000109,,11,32584141,,,wilson.arrais@terra.com.br,,,
386016000184,,11,39664882,,,CONTABILIDADE@ESCRITORIOJURICONTABIL.COM.BR,,,
386900000119,LAFER,11,69118869,11,61073473,,,,
5359180000116,DE VICO,11,33414885,,,ESCRITORIODEVICO@GMAIL.COM,,,
3698328000111,,11,56221826,,,INTIMACOES@ADVOGADOSDM.COM.BR,,,
97364327000184,COUNTER,11,29165524,11,37941600,CLAUDIOAALVES@UOL.COM.BR,,,
2054340000120,,11,38363852,,,FISCONTAB@UOL.COM.BR,,,
2064565000168,PWA,11,33847479,,,DANIELA.GONCALVES@PARTWORK.COM.BR,,,
3794497000155,GE ASSESSORIA E CONSULTORIA,11,20101010,,,GEASSESSORIA@GEASSESSORIA.COM.BR,,,
3808354000155,SEDAN CONSULTORIA E AUDITORIA CONTABIL,11,99999999,,,EMAIL@EMAIL.COM,,,
5488329000167,,11,50849494,,,LEGAL@ATLANTICACONTABILIDADE.COM.BR,,,
2148730000160,,,,,,,,,
3853284000157,CONTABS,11,50814800,,,CONTABS@CONTABS.COM.BR,,,
5530025000110,,,,,,,,,
3873816000118,,11,55559902,,,CONTATO@LERIOSILVA.COM.BR,,,
5583029000167,,11,50808797,,,TATIANA@AZACONTABILIDADE.COM.BR,,,
5607180000198,SENACONT,11,31012881,,,JURIDICO@SCONT.COM.BR,,,
5612753000171,ACCOUNTANT,11,22252525,,,GARCIAADEMIR99@GMAIL.COM,,,
2961046000283,ARO CONTABIL,21,30775159,,,AROCONTABILMATRIZ@HOTMAIL.COM,,,
3971028000164,JL CRISTOV CONTABIL,11,2717355,,,,,,
3971919000110,,11,55714529,,,,,,
3997580000121,,11,20953460,11,22962279,LINKCCT@UOL.COM.BR,,,
734397000145,,,,,,,,,
747902000196,,11,31745555,,,itamar@zonaro.com.br,,,
2387588000103,WZC ASSESSORIA,11,37222045,11,37212051,cassia.wzc@uol.com.br,,,
4095328000190,,11,21155009,11,99652682,STARCONT.SP@UOL.COM.BR,,,
771664000154,,11,38335300,,,CONTATO@CONCITY.COM.BR,,,
5399964000500,HLB BRASIL,11,38864800,11,38864899,JURIDICO@HLB.COM.BR,,,
783582000120,,11,32940630,11,32940632,lexusnet@lexusnet.com.br,,,
817042000110,,,,,,,,,
835749000159,SARAF,11,34591640,11,33758733,SARAF@SARAF.COM.BR,,,
5849395000115,IMPERIO CONTABIL,11,50123097,,,nelsonimperio@ig.com.br,,,
4198854000185,YARO SYSTEM,11,23593558,,,vanktm@yahoo.com.br,,,
5887634000121,,11,31516353,,,ASSESSORIA@SDGEA.COM.BR,,,
893157000193,,11,81824809,,,DAILTON@ALMEIDAERODRIGUES.COM.BR,,,
5905155000190,IMPERIUM CONTABIL,11,29508085,,,LEGAL@IMPERIUMCONTABIL.COM.BR,,,
4312348000175,EXPERT,11,2665851,,,,,,
7845573000165,INFORE CONTABIL PLUS,11,26857068,11,26857069,ZACKY@INFORECONTABIL.COM.BR,,,
5993830000180,,11,55213489,11,55216950,CONTSYS@CONTSYSCONTABIL.COM.BR,,,
5995409000109,DACOTA CONTABILIDADE,11,38453500,,,LEGAL@ESCRITORIOCLAUDIOCRU.COM.BR,,,
4353479000109,ACO CONTABILIDADE,11,50322552,,,aco_consultoria@uol.com.br,,,
1010212000112,,,,,,,,,
4396789000100,CANAA ASSESSORIA CONTABIL,11,29418222,,,RONALDODIRETOR@CANAACONTABIL.COM.BR,,,
1039613000103,,,,,,,,,
6086180000152,,,,,,,,,
7730988000193,,11,38453249,,,org_finamori@uol.com.br,,,
55226591000101,,,,,,,,,
55362305000135,,,,,,,,,
6155074000183,COUTINHO,11,29012588,,,COUTINHOASSESSORIA@UOL.COM.BR,,,
73232134000101,,0,0,,,TORRE@TORRECONTABILIDADE.COM.BR,,,
55490742000134,AFISCON SERVICOS CONTABEIS,11,20981322,,,RMAFISCON@BOL.COM.BR,,,
73524936000195,,,,,,,,,
1150383000147,,11,37962396,,,FINANCEIRO@SLVICAM.COM.BR,,,
6199923000109,O CONTADOR,11,55153312,9,83998341,ALESSANDROMOREIRA@TERRA.COM.BR,,,
1175924000191,,11,31061867,11,31041507,ALPHARIC@UOL.COM.BR,,,
56571318000187,,11,20658200,,,SANTANA@SANTANACONTABIL.COM.BR,,,
56574205000135,,11,38560666,,,marchiofiorelli@marchiofiorelli.com.br,,,
6290565000137,,11,33315061,,,,,,
4620742000170,GRAM,11,91608884,11,98455962,GRAMCONSULT@TERRA.COM.BR,,,
6301156000199,BILDA CONTABILIDADE,11,49620404,,,NOTIFICACAO.BILDACONT@OUTLOOK.COM.BR,,,
56828304000104,,,,,,,,,
1295586000121,,11,38153115,11,38159960,saodomingos@saodomingos.com.br,,,
2645278000141,OCIK CONTABILIDADE,11,43283002,,,OCIK@UOL.COM.BR,,,
1331579000138,CONTABILCECOP,11,36447588,11,36442627,contabilcecop@terra.com.br,,,
1337132000176,CONTRI,11,26949283,,,LEGALIZACAO@CONTRI.COM.BR,,,
1355089000171,,11,30342817,11,30342817,SANDRO.COSTA@ASCONTABIL.COM.BR,,,
64017460000105,,11,55496260,,,FACTO@FACTOCONTABIL.COM.BR,,,
58100231000157,,11,29415499,,,MARKAR@MARKARCONTABIL.COM.BR,,,
58106378000154,,11,29199669,,,ESCRICON@UOL.COM.BR,,,
1380954000130,,11,32580662,11,32580662,upalhare@uol.com.br,,,
58369950000178,,11,26920253,,,ROSELY.VARALLO@TERRA.COM.BR,,,
4790279000105,PAULISTANA,11,20970923,,,CONTABILIDADE@CONTABILIDADEPAULISTANA.COM.BR,,,
4799779000108,,11,31058825,11,31069978,MARIA.MAZZARELLO@AMBC.COM.BR,,,
6980134000100,,11,69660682,,,campozon@superig.com.br,,,
4814807000119,SPA,11,38127453,,,sergio.venditti@spacont.com.br,,,
3056690000199,,11,60963175,,,exceed.ass@uol.com.br,,,
58870874000180,ENTIDADE ASSESSORIA CONTABIL,11,22334866,,,ENTIDADE@ENTIDADE.COM.BR,,,
58928748000139,,11,20977370,,,CONTATO@REUNEW.COM.BR,,,
1442876000150,,,,,,,,,
1451397000109,,11,55421533,,,peltda@folhamatic.com.br,,,
7033317000173,PRIME AUDITORES INDEPENDENTES S/S,11,38256565,,,PRIME@PRIMEAUDITORES.COM.BR,,,
3084377000164,,11,22170084,,,GOMESBERTOLAZZO2@GMAIL.COM,,,
4871418000125,FATOR CONTABIL,11,38039977,11,38039977,luizclaudio@fatorempresarial.com.br,,,
59279653000102,,11,35728383,,,MHM@GRUPOMHM.COM.BR,,,
7054264000177,ZLOTI - ASSESSORIA EMPRESARIAL,11,38357679,,,luciana.ribeiro@zloti.com.br,,,
7082856000100,BORTOLETO SOLUCOES CONTABEIS E EMPRESARIAIS,11,29341202,11,29820835,BORTOLETO@BORTOLETO.COM.BR,,,
59570911000105,,11,22722624,11,22151185,HOMESTEAD@TERRA.COM.BR,,,
7086970000109,CARDOSO & VIANA CONTABIL,11,35784711,,,CARDOSOVIANA@HOTMAIL.COM,,,
4918278000101,,11,20912129,,,ELIANA@JFERCAN.COM.BR,,,
4919129000159,,11,32558785,11,32372604,contabilrossi@uol.com.br,,,
4921361000121,AUDIT,11,31298596,11,32142739,AUDIT.CONTABIL@TERRA.COM.BR,,,
3147729000183,,11,20616660,,,KOGAB@TERRA.COM.BR,,,
1539278000102,,,,,,,,,
7150115000101,ACS ASSESSORIA CONTABIL,11,20918733,,,ADM-A@ACS-CONTABILIDADE.COM.BR,,,
60265923000105,,11,23011414,,,COMMARCA15@UOL.COM.BR,,,
3263570000162,JOALV,11,69432619,,,,,,
61216891000102,,11,32929300,,,CPD@CONTABIL.COM.BR,,,
1636089000140,,11,33848110,11,99082876,mafercon@uol.com.br,,,
61270146000141,ESCRITORIO ANCHIETA - CONTABILIDADE,11,33855050,,,EANCHIETA@EANCHIETA.COM.BR,,,
1651261000134,STABILITAS CONTABILIDADE,11,61484774,,,stabilitascontabil@globo.com,,,
61547097000141,,,,,,,,,
61569422000177,CONFISCAL ESCRITORIO CONTABIL E FISCAL,,,,,,,,
61577730000144,,11,84440615,,,FRANCISCONERI@UOL.COM.BR,,,
62024336000141,,11,38133046,,,,,,
44007763000130,,11,38139359,,,processamento@superig.com.br,,,
62213004000105,,11,36227777,,,DIVISA@DIVISA.COM.BR,,,
62264270000167,,,,,,,,,
62287701000100,FOURSYSTEM,,,,,,,,
62300512000120,,11,32562333,,,ASSESSORIA@GARUTTI.COM.BR,,,
62311766000144,ARRIVABENE SINDICAL,11,32253737,11,32222911,ESCRITORIO@ARRIVABENECONTABILIDADE.COM.BR,,,
62446091000140,,11,38156658,,,LCCONTABIL@NETPOINT.COM.BR,,,
62460563000110,LEX CONTABIL,11,72755370,,,LEGALIZACAO@GRUPOLEX.COM.BR,,,
62480959000129,,11,32279277,,,BALEST@ERIKACONTABIL.COM.BR,,,
62572417000186,KNTS BRASIL,11,33737070,,,CONTATO@KNTSBRASIL.COM.BR,,,
62584875000135,,,,,,,,,
7363375000165,RL ASSESSORIA CONTABIL,11,29361281,,,rl.contabil63@gmail.com.br,,,
7390864000106,,11,50822450,,,FISCAL@OPTIMUS.SRV.BR,,,
45882701000130,,,,,,,,,
46499513000190,PLANEJAMENTO ASSESSORIA CONTABIL,11,27814800,11,27814802,LEGAL@CONTABILPLANEJAMENTO.COM.BR,,,
46515029000107,,,,,,,,,
63987143000159,,,,,,,,,
64028186000170,HILARIO CORREA CONTABILIDADE,11,26415508,,,CONTABILIDADE@HILARIOCORREA.COM.BR,,,
46849501000148,,11,37722628,,,MVBARBIERI@TERRA.COM.BR,,,
64546815000153,,11,39414268,11,39495022,consultab.contabil@terra.com.br,,,
64562556000154,,11,92109889,,,CLAUDIAFC71@HOTMAIL.COM,,,
64616303000116,M&C CONTABILIDADE E THC SERVICOS CONTABEIS,11,20922499,,,MEC@MECCONTABIL.COM.BR,,,
47924865000108,,11,22055120,,,,,,
48088330000107,,11,32141022,,,CONAFCONT@UOL.COM.BR,,,
48090021000171,,,,,,,,,
48734958000132,,,,,,,,,
48767081000186,,,,,,,,,
48933998000103,,11,2758181,,,,,,
49736614000125,,11,55498468,11,55716506,ATENDIMENTO@AUDITECK.COM.BR,,,
66511841000171,,,,,,,,,
66661794000142,,11,20239999,,,PLUMAS@PLUMASCONTABIL.COM.BR,,,
66664319000120,FHAROS CONTABILIDADE & GESTAO EMPRESARIAL,11,33331777,,,DORA@FHAROS.COM.BR,,,
67144592000196,,11,26094355,,,HILTON@SANTOELOS.COM.BR,,,
50710920000171,,11,29719831,,,CONTATO@AUDICOPLAN.COM.BR,,,
67641779000103,,,,,,,,,
67642702000140,,,,,,,,,
67983718000116,,,,,,,,,
68397579000101,MARTINS ASSESSORIA EMPRESARIAL E INFORMATICA,11,35780490,,,MARTINS.CONTABIL@TERRA.COM.BR,,,
68479484000137,EVOLUCAO,11,27916060,,,GRUPO.EVOLUCAO@TERRA.COM.BR,,,
68485044000192,ATUAL CONSULT,11,50781111,,,ATUAL@ATUALCONSULT.COM.BR,,,
68485515000162,O MESMO,11,23312089,11,23313505,contabil@methodusac.com.br,,,
52502713000157,,11,59903135,,,JOSESOARES09@TERRA.COM.BR,,,
69094654000128,SYSTEMA CONTABIL,11,55246695,11,55247217,neli@systemacontabil.com.br,,,
69107266000134,,11,37652288,,,,,,
52643459000107,,11,69101182,,,nacionalistacont@terra.com.br,,,
52800810000126,,11,38855049,11,38855247,lsakuraba@uol.com.br,,,
53253845000155,,11,55490340,,,CONTATO@LIBERDADE-CONTABIL.COM.BR,,,
53586954000194,,,,,,,,,
53687307000179,CONTALPRINT CONTABILIDADE,11,50612239,11,99060916,CONTALPRINT@TERRA.COM.BR,,,
71695597000184,OPERAUD,11,36799752,,,operaud@uol.com.br,,,
73001588000171,,,,,,,,,
7467961000150,MAUA CONTABILIDADE,11,36660494,,,,,,
7470374000110,COMPLIANT SYSTEM,11,55654036,,,joao.donizeti@uol.com.br,,,
7476089000106,,11,66417694,,,mauro.aparecido@superig.com.br,,,
7486571000127,BORGES ASSESSORIA,11,56661764,11,56690758,paulo@borgescontabilidade.com.br,,,
7559335000193,CONTABILIDADE TOQUETON,11,38540113,11,22802803,CONTABILTOQUETON@GMAIL.COM,,,
96476247000158,CEMAC,11,23628400,11,23628500,CONTATO@CEMAC.COM.BR,,,
56814916000130,,,,,,,,,
62069844000146,,,,,,,,,
4742186000105,TOPCONSULTING INTERNATIONAL COMPANY,11,50310652,,,topconsulting@ajato.com.br,,,
7683094000190,CONTABIL DUCAF,11,56688023,11,56694437,ducaf@ducaf.com.br,,,
7708598000117,CONFISPA,SP,7107,6920601,11,65009734,,,CONTADOR@CONFISPA.COM.BR
7746197000151,ORGANIZACAO RUBRO DE CONTABILIDADE,11,29581038,11,29578266,WALTER@ORGRUBRO.COM.BR,,,
7852271000114,DWM DO BRASIL CONSULTORIA EMPRESARIAL LTDA.,11,66535621,11,66531356,dwmconsultoria@terra.com.br,,,
7872712000140,FROTA CONSULTORIA CONTABIL,11,22833344,11,29503327,EXPEDIENTE@FROTAASSESSORIA.COM.BR,,,
7904011000145,SANTOS & CARVALHO S/S. LTDA.,11,20981201,11,22932923,ROBERTO@SANTOSECARVALHO.COM.BR,,,
7910713000131,MELLO'S CONTABIL,11,29673043,11,29673043,meloscontabil@globo.com,,,
7979186000111,,11,30440805,,,SERGIO@VIEIRAECARVALHO.COM.BR,,,
8020301000199,,11,55727256,,,FPJ@FPJASSESSORIA.COM.BR,,,
8033174000162,MAGIX CONTABILIDADE,11,31016829,,,MAGIXCONTABIL@GMAIL.COM,,,
8086846000106,IPPOLIS ASSESSORIA CONTABIL,11,25381279,11,25391279,EDUARDO@IPPOLIS.COM.BR,,,
7739153000102,,11,32917400,,,ROSA.VIEIRA@GSGA.COM.BR,,,
68488501000100,,11,51833752,11,51810502,barros@barrosconsultores.com.br,,,
44698959000118,ANGRA CONTABIL,11,29502080,,,DIRETORIA@ANGRACONTABILIDADE.COM.BR,,,
4038869000186,ILUMINAR,11,56320512,,,iluminarsp@iluminarsp.com.br,,,
722501000181,CAMPOS BRASIL,,,,,,,,
2954828000104,,11,32894200,11,32513450,ACACIO@TORQUATOCONTABILIDADE.COM.BR,,,
6178364000142,,11,38588306,,,denisons@uol.com.br,,,
4977075000188,FISCONSULT,11,25488330,11,25488329,FISCONSULT@UOL.COM.BR,,,
5124857000137,COMPANHIA CONTABIL,11,32939255,,,marcos@ciacontabil.com,,,
2258298000160,,11,32288584,,,CONTADOR@EPCONTABIL.COM.BR,,,
5461156000193,,11,33126060,,,CONTADOR.AUGE@GMAIL.COM,,,
73518334000125,SYCON ESCRITORIO CONTABIL,11,37337976,11,37330290,SYCON@SYCON.COM.BR,,,
8032715000138,JMC CONTABILIDADE,11,25034786,,,CONTABILIDADEJMC@UOL.COM.BR,,,
5240657000140,,,,,,,,,
555641000102,,11,32415141,,,TRICONT@TRICONT.COM.BR,,,
5570573000174,GRUPO GONCALVES,11,27411110,,,DARDIELLE@GRUPOGONCALVES.ORG,,,
603278000153,,11,26741791,11,26750087,PML.CONTABIL@UOL.COM.BR,,,
5750190000188,,11,58434040,,,MCAUZZO@ASPECTOCONTABIL.COM,,,
5826187000109,OFICIO EMPRESARIAL,11,26099575,11,26099576,ARMANDO@OFICIOEMPRESARIAL.COM.BR,,,
5832089000176,TEKLAR CONTABILIDADE,11,28926772,11,28926795,TEKLAR@TEKLAR.COM.BR,,,
5852262000106,WATANABE ASSESSORIA CONTABIL,11,32577739,,,CONTATO@WATANABEASSESSORIA.COM.BR,,,
2530402000123,OIKOS CONTABILIDADE,11,39233205,,,JBATISTAD@TERRA.COM.BR,,,
968926000175,,11,20907222,11,20907228,WALTER.SAUKA@CONTABILIZA.NET.BR,,,
74056714000158,,11,99496509,,,NBADV@TERRA.COM.BR,,,
56344278000130,,11,31459966,,,PUBLICONT@PUBLICONT.NET,,,
6268132000185,JAE,11,73230137,,,ROCHAELIAN@YAHOO.COM.BR,,,
6814209000175,,11,56679758,,,denis@illumicont.com.br,,,
6341102000157,J ISHIHARA CONTABILIDADE,11,27435656,,,ISHIHAR@TERRA.COM.BR,,,
2975372000169,,11,69106768,,,,,,
38892626000122,,11,38977377,,,FABIANO@EXATA-CONTABIL.COM.BR,,,
38895405000108,,11,37637806,11,37637824,assefic@terra.com.br,,,
58931734000174,,11,32971750,,,OCN@CONTABILNAVARRO.COM.BR,,,
1463228000180,,11,20943224,,,CONTATO@CONTALIBERCORE.COM,,,
43220011000190,FUJI,11,33411187,,,,,,
61810313000108,,11,99612118,,,BRUNOZACCHELLO@GMAIL.COM,,,
61931507000153,,11,62924455,,,aclsc@uol.com.br,,,
44109007000111,,,,,,,,,
62374202000150,,11,31116316,,,BRASNIPPON@BRASNIPPON.COM.BR,,,
62388988000165,,11,29415431,,,LUIZCONDATA@HOTMAIL.COM,,,
62463039000100,CONFIDENCE,11,21552155,,,CONFIDENCE@CONFIDENCE.COM.BR,,,
45881380000159,,11,37504111,,,ROCAORG@ROCACONTABIL.COM.BR,,,
46369336000127,PROMISSOR,11,33885100,,,GESTAO@PROMISSORONLINE.COM,,,
64186976000183,,11,22567022,11,22561791,BRSCONTABIL@UOL.COM.BR,,,
48322119000107,,11,33847390,,,GILSER@GILSER.COM.BR,,,
65714842000150,,11,26458827,11,32214454,ANGELICA@CONTABILZACHARIAS.COM.BR,,,
49498967000134,,11,25465163,11,25411433,CONTA.ITAMARATI@UOL.COM.BR,,,
71529929000150,KELCON,11,55933354,11,55933353,JOSE.FISCAL@KELCON.COM.BR,,,
54224126000179,HABBER,,,,,,,,
54638960000100,,11,22935077,,,,,,
7672733000111,GUERRA HQZ,11,52776527,11,55489300,GUERRAHQZ@GMAIL.COM,,,
7262944000186,,11,71667554,,,MIGUELRIENZO@GMAIL.COM,,,
62545744000149,,11,31071598,,,ROGERIO.MALDONADO@PACINICONTABIL.COM.BR,,,
3484544000164,,11,61922418,,,CONTSANCHES@UOL.COM.BR,,,
3909087000102,,,,,,,,,
67981100000117,,,,,,,,,
54529441000104,,,,,,,,,
52569019000157,,11,38266598,,,ROCHA_CONTABIL@TERRA.COM.BR,,,
5397564000123,CONTACTA,11,34673533,11,39515036,KONTACTA@TERRA.COM.BR,,,
2867983000193,,,,,,,,,
527848000173,,11,32939999,,,ADAPT@TERRA.COM.BR,,,
3683099000161,,11,26930998,,,CONTATO@NOVAALIANCACONTABIL.COM.BR,,,
2251117000173,,11,56694365,,,YOSHIONO@UOL.COM.BR,,,
4222577000107,MKP CONSULTORIA E AUDITORIA,11,50393111,,,LEGAL@MKP.COM.BR,,,
56274012000169,,11,50726561,11,50724571,REPARTICAO@ESCRITEC.COM.BR,,,
2895158000100,,,,,,,,,
58006560000133,,,,,,,,,
4770854000108,ABG,11,27422761,11,27470055,ALBERTOBADIA@UOL.COM.BR,,,
61933479000103,CONTABIL FERNANDES,11,26011790,,,ATENDIMENTO@CONTABILFERNANDES.COM.BR,,,
62582408000176,,,,,,,,,
67007708000145,,11,38621822,11,38623137,PRATCONTABIL@PRATCONTABIL.COM.BR,,,
52443595000153,,11,30589900,11,30589901,ORSALES@ORSALES.COM.BR,,,
7476562000155,LCC,,,,,,,,
7732981000100,C.A. GUERRA CONTABILIDADE,11,29912956,,,CLODOALDO@CAGUERRACONTABILIDADE.COM.BR,,,
7896476000100,,11,50222099,,,SSCONTROLADORIA@SSCONTROLADORIA.COM.BR,,,
6961172000108,,11,58079426,,,HOJI@HOJICONSULTING.COM.BR,,,
2640104000196,,11,20635000,,,DEPTO.LEGAL@UNIDASBRASIL.COM.BR,,,
67978361000188,,11,50701080,,,EDUARDO.SIKLER@CONTABILCONSULT.COM.BR,,,
5317019000180,GESPLAN OFFICE,11,31569363,,,GERALDO@GESPLANOFFICE.COM.BR,,,
6369039000167,JR BRASIL,11,55629218,11,55629140,CONTATO@JRBRASILCONTABIL.COM.BR,,,
2512745000165,CONTASCO,11,20612786,11,29157898,CONTASCO@CONTASCO.COM.BR,,,
4676919000150,,11,37913218,11,37913220,SIRIUS@SIRIUSCONT.COM.BR,,,
4562466000131,COPPOLA ASSESSORIA CONTABIL E TRIBUTARIA,11,50604110,,,ADMFIN@COPPOLACONTABIL.COM.BR,,,
3093114000111,,11,36707202,,,JURACI@UOL.COM.BR,,,
69262426000110,ACR GROUP,11,51080300,,,FINANCEIRO@BPOMIND.COM.BR,,,
5111506000191,NOVA ALTERNATIVA,11,26427380,,,nova.alt@terra.com.br,,,
5347987000139,,11,39910400,11,99367875,PAULODRUZIAN01@GMAIL.COM,,,
6243370000136,A D W CONTABILIDADE E CONSULTORIA,11,31514013,,,CONTATO@LOADING.SRV.BR,,,
8076823000102,,11,23678140,,,ROBSON@BORELLYKAWANO.COM.BR,,,
5117300000179,PAM CONTABIL,11,22213104,11,22212964,PAM@PAMCONTABIL.COM.BR,,,
69094035000133,POLICONT,11,22655300,,,POLICONT@GLOBO.COM,,,
8064426000110,,11,48597971,,,PANRADIAL.CONTABILIDADE@GMAIL.COM,,,
7802455000170,,11,43014423,,,SANDRAPIRES.CONTABI@UOL.COM.BR,,,
7083032000147,CIDADE CONTABIL,11,32557716,,,CIDADE.CONTABIL@TERRA.COM.BR,,,
61855714000176,,11,26184001,,,JR@JORD.COM.BR,,,
198877000139,NICONS,11,37853388,,,NICONS@NICONSCONTABIL.COM,,,
61853339000125,,11,22912220,,,ARVAL@ARVALCONTABILIDADE.COM.BR,,,
2686579000113,,11,38738262,11,89592475,BFCA@BFCA.COM.BR,,,
8158403000175,SPOCONCCI ASSESSORIA CONTABIL LTDA,11,96470920,,,CONTABIL@SPOCONCCI.COM.BR,,,
8184823000126,DIGNUS CONTABILIDADE,11,32554579,,,DIGNUS@UOL.COM.BR,,,
8244349000180,,11,84092524,11,82066630,ADRIANO@DOMINGOSCONTABILIDADE.COM.BR,,,
8247705000110,G & M CONTABILIDADE,11,39772360,,,LEGAL01@GMTCONTABILIDADE.COM.BR,,,
8289504000185,ADVANCON,11,33130218,,,CONTABILIDADE@ADVANCON.COM.BR,,,
8401680000167,REIGADA PERITOS ASSOCIADOS LTDA,11,55848489,,,,,,
8482487000106,LYONS ASSESSORIA CONTABIL,11,55392594,11,55392594,lyonsasscont@hotmail.com,,,
8507703000112,,11,25968886,,,PARCO@PARCOCONTABILIDADE.COM.BR,,,
8574893000190,,11,36413456,11,36413456,thiago.contadoresassociados@uol.com.br,,,
8701277000153,,11,98990048,,,WRSONA@TERRA.COM.BR,,,
8758984000186,GRUPO CONTABILIZA,11,29822113,,,RICARDO@GRUPOCONTABILIZA.COM.BR,,,
8769368000120,JNS ASSESSORIA CONTABIL,11,55180828,11,55180828,wallstreet_cotabil@hotmail.com,,,
8920360000113,GOMES CONTABILIDADE,11,22319592,,,ROSA@GOMESEGOMESCONTABILIDADE.COM.BR,,,
8980812000152,NEOCONT ASSESSORIA CONTABIL,11,50213978,11,97391924,marcelopenna@terra.com.br,,,
9000270000177,JK CONTABIL,11,29111599,,,JKCONTABIL@JKCONTABIL.COM.BR,,,
9024897000168,ESCRITORIO CONTABIL GOBBI,11,55051874,11,55052736,rgobbi@niasi.com.br,,,
11356223000102,,11,31012641,,,,,,
9057273000147,,11,56124098,11,34799255,borgeskrobath@uol.com.br,,,
9083291000101,,11,69912975,11,82183902,gd.brasil@terra.com.br,,,
20230537000155,,11,30443938,,,NASKAS@NASKAS.COM.BR,,,
9265203000184,VESS ASSESSORIA CONTABIL E EMPRESARIAL,11,22964913,11,22966382,CONTATO@VESSCONTABIL.COM.BR,,,
9265217000106,CR CONSULTORIA E NEGOCIOS,11,22251300,,,ANTONIOALBERTO_LIMA@YAHOO.COM.BR,,,
9342183000106,,11,31116050,,,ADMINISTRACAO@LIFECONT.COM.BR,,,
9349557000107,,11,50823900,,,CONTATO@INCOMPANNY.COM.BR,,,
9246904000176,,11,35019161,,,FALIVA@PROAUDITAUDITORIA.COM.BR,,,
9499082000135,ECJ - ESCRITORIO CONTABIL JANJACOMO,11,20314505,,,ECJANJACOMO@YMAIL.COM,,,
9540900000104,,11,20974883,11,20974883,leme.contabil@uol.com.br,,,
9628436000102,NEVES CONTABILIDADE,11,22947120,11,22948215,contabil-neves@uol.com.br,,,
10316930000102,ACONS,11,29642046,,,contabilmoura@uol.com.br,,,
10325366000194,WJ CONTABIL,11,32579606,,,CONTATO@WJCONTABILSP.COM.BR,,,
10228210000195,OASIS CONTABILIDADE ON LINE,11,23699967,11,27731038,PAULO@ORGANIZACAOOASIS.COM.BR,,,
10228686000126,MORETTI ASSESSORIA,11,32276737,11,32276272,moretti@moretti.cnt.br,,,
10247257000104,SYSTEM CONSULTORIA CONTABIL,11,38514402,11,34732013,PAULA@CONSULTORIASYSTEM.COM.BR,,,
8302450000140,POLLICONTABIL,11,31063313,,,POLLICONTABIL@POLLICONTABIL.COM.BR,,,
10475542000174,DRIO CONSULTORA EMPRESARIAL,11,35799848,,,coutinho@lock.com.br,,,
10498789000106,,11,1,,,CONTATO@CONTATO.COM.BR,,,
9658903000139,PLATAFORMA CONTABILIDADE,11,32719144,,,JFS.CONTABIL@GMAIL.COM,,,
10571035000134,CONQUISTA ASSESSORIA CONTABIL,11,25382394,11,25382390,CONQUISTA.CONTABIL@HOTMAIL.COM,,,
10585241000101,UNIPROCESSO,11,31515851,11,31515850,UNIPROCESSO@UNIPROCESSO.COM.BR,,,
10638808000152,CONTABILIDADE JCF,11,55240524,11,35860153,,,,
10677366000153,,11,20719642,,,CLAUDIO@PAPICONTABILIDADE.COM.BR,,,
10685237000107,LIPE ASSESSORIA FISCAL E CONTABIL,11,39171942,,,macielcontabil@terra.com.br,,,
10685815000105,ASSESSORIA CONTABIL FUJIMOTO,11,32090077,,,fujicont@netpoint.com.br,,,
10699931000183,ESCRITORIO INTERLAGOS,11,56129545,,,INTERLAGOS@UOL.COM.BR,,,
10712816000100,VH CONTABILIDADE,11,73075366,,,luisshirota@ig.com.br,,,
10715684000161,LIDERCON ASSESSORIA CONTABIL,11,20516314,11,20522253,CONTABILIDADELIDERCON@GMAIL.COM,,,
10738533000129,BRUBIA CONTABIL,11,64802635,11,91412273,BRUBIACONTABIL@YAHOO.COM,,,
10773183000131,SYTECOM ASSESSORIA CONTABIL,11,58423659,,,CONTATO@SYTECOMCONTABILIDADE.COM.BR,,,
10782516000199,CTC,11,26213272,,,CTCCONTABILIDADE@TERRA.COM.BR,,,
10800868000120,,11,99753283,,,nivaldo.cunha@conbras.com,,,
10891362000173,FORTAL CONSULTORIA CONTABIL,11,39859265,11,35355862,rosalvo.santos@uol.com.br,,,
10907367000147,MSS CONTABIL,11,50511392,11,50510358,MARCIA@MSSCONTABIL.COM.BR,,,
10940730000126,,11,33927462,11,33927459,CONSULTORIA@ALLCONTABILIDADE.COM.BR,,,
10963357000129,,11,29594073,,,contabil_savino@terra.com.br,,,
10991993000164,,11,99939097,,,paulo.buratto@bol.com.br,,,
11014577000179,RODEN CONTABILIDADE,11,27477650,11,22177038,romualdosantos@superig.com.br,,,
11026802000197,AMRCHAVES-CONTABILIDADE,11,40432612,,,amrchaves@hotmail.com,,,
11062168000148,UONE CONTABIL,11,38540781,,,CONTATO@UONECONTABIL.COM.BR,,,
11088818000124,CASPAR COELHO CONTABILIDADE,11,55212341,11,55212341,audicon.ml@terra.com.br,,,
11097691000100,MERGER EMPRESAS,11,31017616,,,CONTATO@RROMERGER.COM.BR,,,
11113856000190,,11,75293927,,,ELIANA@CONCITY.COM.BR,,,
11123432000106,,11,32187790,11,32187799,ATENDIMENTO@MOOREKSM.COM.BR,,,
11173095000161,FOCCUS CONTABILIDADE,11,22012804,11,28655503,foccus.contabilidade@uol.com.br,,,
11274204000137,,11,33130122,,,ferreiracontabil@uol.com.br,,,
11360287000187,RPM CONTABILIDADE,11,28099422,11,83186272,RPM_EU@HOTMAIL.COM,,,
11459448000194,,11,98144731,,,JEOVANA@MIPECONTABILIDADE.COM.BR,,,
11516310000180,AVANCO,11,59294086,11,59280933,avanco@uol.com.br,,,
11669654000129,PENTAGONO ASSESSORIA FISCAL,11,22218100,,,PENTAGONOCONTABIL@HOTMAIL.COM,,,
11692610000110,CONTROL EXPEND,11,98271298,,,VALDIRENE_MELLO@YAHOO.COM.BR,,,
11752199000120,CR CONTABILIDADE,11,33158945,,,CLAUDIA-ADRIANA2004@UOL.COM.BR,,,
11805039000100,ANX CONTABILIDADE,11,85618187,,,FISCAL.ANX@GMAIL.COM,,,
11820224000166,CONTABILIDADE NELCAR,11,27389059,11,27389061,cont-ferreira@uol.com.br,,,
11902925000144,CONTABIL MEFER,11,38370600,,,MEFER@UOL.COM.BR,,,
11912491000163,BACELLI CONTABILIDADE,11,31058935,,,CRISTINA.FISCAL@BACELLI.COM.BR,,,
11928970000178,CONTABIL ACF,11,39013428,11,93980203,CONTATO@CONTABILACF.COM.BR,,,
11989745000141,VANCE - GESTAO ESTRATEGICA DE NEGOCIOS,11,29112379,11,22119719,VANCECONTABIL@IG.COM.BR,,,
12010291000188,A. C. E - CONTABILIDADE,11,98984541,11,26252948,anaiascontabil@ig.com.br,,,
12053794000130,ELFEN,11,31014588,11,31014588,sergio@bwco.com.br,,,
11976319000173,,11,29460846,,,CONTATO@CONTABILARAPUA.COM.BR,,,
12186315000154,POTTENCIAL ASSESSORIA CONTABIL,11,22176113,11,23656113,POTTENCIAL.CONTABIL@GMAIL.COM,,,
12552408000155,MANUSI SERVICOS CONTABEIS,11,43043421,,,ATENDIMENTO@MANUSICONTABIL.COM.BR,,,
12569098000181,D' NATHALE CONTABIL,11,29652294,,,MEIRE_RIZZI@HOTMAIL.COM,,,
12606138000118,CONECTA CONTABILIDADE,11,30628673,11,81753669,alfredo.medeiros@uol.com.br,,,
12632710000113,MDN ASSESSORIA CONTABIL,11,29588736,11,37914251,mdn@mdncontabil.com.br,,,
12661541000140,OLIANI ASSESSORIA CONTABIL,11,30227920,,,DIRETORIA@OLIANICONTABIL.COM.BR,,,
12759655000127,,11,50158404,,,ARI.CONTADOR@UOL.COM.BR,,,
13013474000110,PASSOS ORGANIZACAO CONTABIL,11,34929477,11,25453196,contadorasandra@terra.com.br,,,
11533702000157,GN CONSULTORIA CONTABIL,11,28562416,,,marcello.nicolau@terra.com.br,,,
13079305000182,MAD'S INVESTIMENTOS,11,38625834,,,MADS.SILVA@MADSCONTABIL.COM.BR,,,
13134931000124,GERCONT CONTABILIDADE,11,28612559,11,28778383,melhiado@uol.com.br,,,
13162682000180,B1CORPORATE,11,25973311,,,RUBENS.XAVIER@B2CORPORATE.COM.BR,,,
13245299000196,,11,97273531,,,luiz.contador@ig.com.br,,,
13271348000165,LORENZO CONTABIL,11,95208280,,,ANDREA.LORENZO@LORENZOCONTABIL.COM.BR,,,
13341956000107,CRONOS CONTABILIDADE LTDA,11,37293249,,,CRONOS1961@UOL.COM.BR,,,
13353443000108,,11,32554728,,,,,,
13459796000197,QUALITY SCORE CONTABILIDADE,11,27775100,11,27775200,CONTATO@QSCO.COM.BR,,,
13481735000126,VALOR ECONOMICO,11,25790772,,,eloisa@gsmsolucoes.com,,,
10797113000113,,11,38873664,,,DEP.LEGALIZACAO@SANVILLE.COM.BR,,,
9445955000127,PJ SAMPAIO.E ORGANIZACAO,11,25063800,11,25061160,p.pjsampaio@gmail.com,,,
13816703000134,JACOBINA CONTABILIDADE & IMOBILIARIA,11,29172643,,,RUBENILTON@TERRA.COM.BR,,,
12454363000186,SECTA SERVICOS CONTABEIS,11,38763451,,,ADM@SECTACONTABIL.COM,,,
13959888000136,CONTMEGA ASSESSORIA EMPRESARIAL,11,29597978,,,NELSON@CONTMEGA.COM.BR,,,
13985329000109,AVSANTOS ASSESSORIA FISCAL E CONTABIL,11,50580059,11,99461887,avsantos@hotmail.com.br,,,
14089516000169,,11,56119166,11,96775626,ALFREDOSILL86@GMAIL.COM,,,
14156716000197,,11,25213579,11,25213579,leocovitemuniz@ig.com.br,,,
14175431000101,HR CONTABIL,11,35399521,,,HELYEL.HRODRIGUES@HOTMAIL.COM,,,
14197036000111,FL ASSOCIADOS E CONSULTORIA,11,99999999,11,59999999,FL@FL.COM.BR,,,
14225299000197,FLECON,11,55482117,,,TARCONRH@GLOBO.COM,,,
14314424000135,PRYMAR CONSULTORIA CONTABIL,11,61471557,,,MAJCAM@BOL.COM.BR,,,
14374069000190,,11,35397640,,,GUSTAVO@OEGCONTABILISTAS.COM.BR,,,
14395108000135,ELIZABETE SERVICOS CONTABEIS,11,96212402,11,34569600,ELIZABETEAPPG@GMAIL.COM,,,
14395899000101,VIDA NOVA CONTABILIDADE,11,41191371,,,vidanovacontabilidade@yahoo.com.br,,,
14479184000129,,11,23057731,11,23057791,RODRIGO@CONTABILIDADENOVA.COM.BR,,,
14615786000166,,11,39718226,,,vera.confistec@hotmail.com,,,
14747603000166,,11,56609322,,,REPRECON@REPRECON.COM.BR,,,
14763589000194,EVOLUIR ASSESSORIA EMPRESARIAL,11,56311146,,,paulino.evolucao@terra.com.br,,,
15185347000123,BIANCALANA CONTABILIDADE,11,26842746,,,MARIO_BIANCALANA@UOL.COM.BR,,,
15276925000137,OFFYCYO PRESTACAO DE SERVICOS,11,55734266,,,CONTATO@OFFYCYO.COM.BR,,,
8464482000142,LINDA DE VIVER,11,67473316,11,67464014,jvykc@hotmail.com,,,
8635900000117,ESCRITORIO CONTABIL VENCER,11,92336836,11,91043867,ROJESUS2003USP@YAHOO.COM.BR,,,
9208111000162,DANTAS & ARAUJO CONTABILIDADE LTDA,11,35244500,,,,,,
9431871000134,A7 ASSESSORIA CONTABIL,11,32558365,,,ANTONIO@A7CONTABIL.COM.BR,,,
11062115000127,CONTABIL NEVES,11,34769453,,,CONTABILNEVES@TERRA.COM.BR,,,
11155383000193,ACONTE - ASSESSORIA CONTABIL EMPRESARIAL,11,23710532,,,CLEIDE@COMODATAORGANIZACAO.COM.BR,,,
11969905000190,ILS,11,55811704,11,55811704,adm@ilscontabilidade.com.br,,,
12121668000176,FRF ASSESSORIA CONTABIL,11,33313503,11,33317961,frfassessoria@gmail.com,,,
20451359000192,P&B ADVOCACIA & CONTABILIDADE E NEGOCIOS EMPRESARIAIS,11,97647716,,,PBADVOGADOCONTADOR@TERRA.COM.BR,,,
15380492000165,ALCONT SERVICOS CONTABEIS,11,71860982,11,74507975,al_cont@live.com,,,
15634999000106,,11,35728383,,,MHM@GRUPOMHM.COM.BR,,,
15645954000129,,11,27274795,,,contabilidade@realx.com.br,,,
15649589000120,,11,23417757,11,71894415,marcoscesar@terra.com.br,,,
15660220000119,,11,52520568,,,DAVOGLIOCONTABIL@HOTMAIL.COM,,,
15579797000109,BORGES CONTABILIDADE,11,34522014,,,BORGESESOUZA@BOL.COM.BR,,,
15768595000105,,11,32241580,11,32182622,MARCOS@IRKOMPACTA.COM.BR,,,
15809123000145,,11,31043888,,,JURIDICO@EBPOCONTABIL.COM.BR,,,
16538544000141,CONSORTIUM BRASIL CONTABILIDADE E CONSULTORIA,11,84332252,,,KETTYMAR@UOL.COM.BR,,,
16631172000101,PLEXO'S CONTABILIDADE,11,37583815,,,lrcamilo@hotmail.com,,,
16665500000182,CONTBAM,11,28344487,17,30441662,CONTATO@CONTBAM.COM.BR,,,
16881760000195,,11,58528355,11,58513501,fac.contabil@uol.com.br,,,
16883145000118,ENTRATE SERVICOS CONTABEIS,11,43719314,,,ATENDIMENTO@ENTRATE.COM.BR,,,
16920404000133,DIRECAO CONTABILIDADE,11,39828415,11,38549387,pedrohcdias@hotmail.com,,,
17041444000178,RR ARENA,11,41132374,,,CONTATO@CONSULTORIARR.COM.BR,,,
17128420000150,,11,20918945,,,krgcj@uol.com.br,,,
17408021000143,,11,26409790,,,RELACIONAMENTO@ADARV.COM.BR,,,
17413084000198,DUOCONT SERVICOS CONTABEIS,11,56221799,,,contato.duocont@gmail.com,,,
17438019000117,ROSANA MUNIZ DOS SANTOS LIMA,11,99185022,,,rosanamuniz@superig.com.br,,,
16481177000197,WERT ASSESSORIA,85,32460401,,,CONTATO@WERTCONSULTORIA.COM.BR,,,
17515079000196,,11,71418971,,,jcs-silveira@uol.com.br,,,
16482851000158,PILAR CONTABILIDADE,11,20326166,,,,,,
14660075000103,CHMIELEWICZ & VINCOLETTO,19,32560008,,,ALEXANDRA@CHMIVINCOLETTO.COM.BR,,,
17689900000190,,11,97252081,,,FABIO.NOGUEIRA.LIMA@GMAIL.COM,,,
17778577000121,,11,51854400,,,SSCA@SSCA.COM.BR,,,
11679724000120,FERNANDO MAIA & ASSOCIADOS,11,88259066,,,FERNANDO.MAIA@FERNANDOMAIA.COM,,,
17871306000116,,11,30934377,,,joao.adm@universocontabilidade.com.br,,,
17948000000110,AG SILVEIRA CONTABILIDADE,11,30523800,11,97782674,angela@agscontabilags.com.br,,,
18035970000198,,11,20977055,11,20971566,SABRINA.CONTADORA@UOL.COM.BR,,,
18260530000134,KERR CONTABILIDADE,11,29574897,,,ROBERTWKERR@HOTMAIL.COM,,,
8286316000101,,11,30325353,11,30325353,EDSONCOSTA53@GMAIL.COM,,,
11107474000153,,11,25293851,11,25293885,andre@fortescont.com.br,,,
11321689000172,,11,29141674,11,29141674,,,,
14208842000148,,11,55316168,,,ESIOPAULO@GMAIL.COM,,,
14583756000115,,11,91121484,,,PITA.CONTABILISTA@GMAIL.COM,,,
18302287000170,,11,39954295,,,SIDNEY_M_COSTA@YAHOO.COM,,,
18336160000171,,11,26015364,,,FABIO.CR@OUTLOOK.COM,,,
12675528000140,RM CONTABILIDADE,11,20851241,11,25834965,RMSERVICOSEMPRESARIAIS@GMAIL.COM,,,
18371136000173,ANALITICO ASSESSORIA FISCO CONTABIL,11,22956131,,,sac@analiticocontabil.com.br,,,
18376990000122,GL CONTABILIDADE,11,58511337,,,gl_cons@terra.com.br,,,
18522911000144,CONTIMULT ASSESSORIA CONTABIL,11,57485711,,,CONTIMULT@GMAIL.COM,,,
18523086000100,,11,39892669,,,maika_nadir@hotmail.com,,,
18530984000188,ITAMARATY CONTABILIDADE,11,26466014,11,26464095,contabil@itamaratycontabil.com.br,,,
18769507000170,ATHENAX SERVICO CONTABIL,6920601,11,72149435,,,EDU.ALMEIDA.SILVA@GMAIL.COM,,
18806110000100,ADVANCED CONTABIL,11,39048900,,,ATENDIMENTO@ADVANCEDCONTABIL.COM.BR,,,
13110271000222,PLANO DIGITAL,31,35261710,,,PLANO@PLANOCONTABIL.COM.BR,,,
19046608000185,HIGH ADVICE CONTABILIDADE,11,38641708,,,COMERCIAL@HIGHADVICE.COM.BR,,,
19060274000102,CENSEA OCANA ASSESSORIA CONTABIL,11,21550074,,,CONTATO@OCANA.COM.BR,,,
19094816000150,,11,55941856,,,ANDRE.SARTORI13@GMAIL.COM,,,
19120151000101,APURACAO CONTABILIDADE,11,39424254,,,APURACAOCONTABIL@GMAIL.COM,,,
19138665000194,,11,22546741,,,COMERCIAL@LETCONTABIL.COM.BR,,,
19205336000119,ARTE FISCAL CONSULTORIA TRIBUTARIA,11,20939552,,,LEGALIZACAO@EQUILIBRIOCONTABIL.NET,,,
19233412000108,ADECCON - ESCRITORIO TECNICO CONTABIL,11,38713419,,,GERMANODEOLIVEIRA@UOL.COM.BR,,,
18393898000170,RENGI TREVOR AUDITORES INDEPENDENTES SOCIEDADE SIMPLES,11,21298980,,,ROBERTO.EVANGELISTA@RENGITREVOR.COM.BR,,,
19275963000126,DEFINITI ASSESSORIA EMPRESARIAL,11,22270452,,,CONTATO@DEFINITIEMPRESARIAL.COM.BR,,,
19308697000190,M&J ASSOCIADOS,11,50966721,,,WAGNER@MJASSOCIADOS.COM.BR,,,
19393837000176,PRIME X,11,84158253,,,EDSON@PRIMEXSOLUCOES.COM.BR,,,
19427436000190,RT CONTABILIDADE,11,37190977,,,RT@RTCONTABILIDADE.COM.BR,,,
19505762000178,MRN ASSESSORIA CONTABIL,11,30752775,,,MRNCONTABIL@MRNCONTABIL.COM.BR,,,
19594096000191,LRB CONSULTORIA CONTABIL E TRIBUTARIA,11,28419531,11,71846696,lrbcontabil@gmail.com,,,
19646947000100,MHJ ASSESSORIA CONTABIL LTDA,11,25150815,,,MIGUEL@MHJASSESSORIACONTABIL.COM.BR,,,
19650871000189,,11,26512341,,,paulo.ferreira509@terra.com.br,,,
19653405000157,ZOLI,11,99813648,,,luiznegrisoli@gmail.com,,,
19683349000101,AGUIA CONTABIL ASSESSORIA & CONSULTORIA,11,61194446,,,AGUIA_CONTABIL@YAHOO.COM.BR,,,
19685848000120,SSJ CONTABILIDADE EMPRESARIAL,11,56875010,11,55220325,admiconta@uol.com.br,,,
19758569000149,REALIZAR CONTABILIDADE ONLINE,11,80346670,,,ATENDIMENTO@REALIZARCONSULTORIA.COM,,,
19787401000161,CENTRAL CONTABIL,11,21156000,,,CENTRALCONTABIL@TERRA.COM.BR,,,
19880650000105,CONTABIL LESTE,11,29567025,11,29567822,MAX.SAM@UOL.COM.BR,,,
19936399000145,ASSESSORIA CONTABIL CASTELO EIRELI,11,50901777,,,ANTONIO.NAKAMURA@UOL.COM.BR,,,
19941125000144,,11,31061877,,,,,,
19968687000181,RVA SOLUCOES CONTABEIS,11,34622156,,,rafaelcontabili@yahoo.com.br,,,
20031786000111,LOGAX ASSESSORIA CONTABIL,11,25035836,,,REGULARIZACAO@LOGAXASSESSORIACONTABIL.COM.BR,,,
13768349000110,SABER CONTABILIDADE,11,20810736,,,SABER@SABERCONTABILIDADE.COM.BR,,,
20132229000197,,11,29733834,,,JOAO@C4CONTABILIDADE.COM.BR,,,
20148112000100,CONTCOMEX CONTABILIDADE E ASSESSORIA EMPRESARIAL,11,33844417,,,CONTATO@CONTCOMEXCONTABILIDADE.COM.BR,,,
20196467000166,SALMA L G GABRIEL,11,30645347,,,salmaluise@gmail.com,,,
20546543000116,NOVA ETICA ASSESSORIA CONTABIL,11,29196325,,,MCCHAMPEA@GMAIL.COM,,,
20662822000145,MANASSES CONTABIL,11,22808582,,,CONTATO@MANASSESCONTABIL.COM.BR,,,
20683613000188,,11,25927299,,,ESFERSOCIETARIO@YAHOO.COM.BR,,,
20514759000108,LG - CONSULTORIA E ASSESSORIA,11,37827924,,,L.GUARIENTE@UOL.COM.BR,,,
20719629000101,IP ASSESSORIA E CONSULTORIA,11,80388935,,,ivan.pinheiro05@gmail.com,,,
20864004000125,,11,50545054,,,,,,
20972374000186,,11,38053035,,,RAFAEL@ZATZ.COM.BR,,,
21101182000167,,11,29461361,,,CELIO.GFSILVA@GMAIL.COM,,,
21187186000100,XAVIER CONTABILIDADE,11,20199582,11,20125756,XAVIERCONTABIL@UOL.COM.BR,,,
21194359000117,,11,50512547,,,,,,
21294257000173,SIQUEIRA CONTABEIS,11,25244699,,,AMILTONSCJR@GMAIL.COM,,,
21338178000117,NOVA MASTER ASSESSORIA,11,50895900,,,SERGIO@MASTERAUDITORES.COM.BR,,,
21597417000153,LEANDRO SANTOS DE ARAUJO,11,65819043,,,leo26araujo@gmail.com,,,
21757065000156,CONTSIM,11,34259393,,,CONTSIM@CONTSIM.COM,,,
21905008000177,EDNEY CONTABILIDADE,11,59221635,,,edneycontabil@hotmail.com,,,
21917790000144,JO CONTABIL,11,36636106,,,JOCONTABIL2015@GMAIL.COM,,,
21968829000152,,11,29752538,,,,,,
22067943000174,LETYSCONT,11,51945839,11,42774967,CONTATO@LETYSCONT.COM.BR,,,
22175116000102,,11,38681604,,,CONTABIL@GSAGESTAO.COM.BR,,,
22191075000130,VENCERATTO ASSESSORIA CONTABIL,11,47161454,,,EDUARDO@VENCERATTO.COM.BR,,,
22243373000126,CAVICHIO ASSESSORIA CONTABIL,11,87257878,,,ACZANQUETA@YAHOO.COM.BR,,,
22253568000157,,11,44853129,11,44853225,EGIRALDELLI@UOL.COM.BR,,,
22416334000183,,11,35011410,11,68541600,JAIMEREBELO@TERRA.COM.BR,,,
22508481000183,IDONEUS - CONTABILIDADE,11,55805557,,,GERENCIA@IDONEUSCONTABILIDADE.COM.BR,,,
22509502000185,,11,40256018,,,DAYANA.SOUZA.CONTABIL@GMAIL.COM,,,
22516097000122,CONTABIL JORDAO,11,39171204,,,CONTABILJORDAO@YAHOO.COM.BR,,,
22541402000136,ACSA CONTABILIDADE,11,22144503,,,CONTATO@ACSACONTABIL.COM.BR,,,
22649928000134,MARCELLO ALBANO EMPRESARIAL,11,31293192,,,MARS70@TERRA.COM.BR,,,
22697856000109,WRJ,11,55233974,,,WILSONRICARDOJESUS@GMAIL.COM,,,
22852999000130,SRODRIGUES ASSESSORIA CONTABIL,11,20331641,,,SILVIARODRIGU@GMAIL.COM,,,
22853932000110,,11,21552155,,,CONFIDENCE@CONFIDENCE.COM.BR,,,
22961384000141,LEANDRO SINATTO,11,92923240,,,leandro@habibadv.com.br,,,
23186217000133,LEGACY CONTABILIDADE E CONSULTORIA,11,20924804,,,ELIANE@LEGACYCONTABILIDADE.COM.BR,,,
23241553000131,CONTSYS CONTABIL ASSESSORIA EMPRESARIAL,11,55213489,11,55238851,CONTSYS@CONTSYSCONTABIL.COM.BR,,,
23377366000180,,11,45504049,,,ELEN.NOVO@RADIUSWW.COM,,,
23505682000190,ANSER ASSESSORIA CONTABIL,11,20540822,,,CONTATO@CONTABILANSER.COM.BR,,,
23597132000148,RZCON ASSESSORIA CONTABIL E EMPRESARIAL,11,94527492,,,RAFAEL.MONTEFORTE@RZCON.COM.BR,,,
23636453000104,,11,36415997,,,,,,
23728365000132,CASTELLUM FINANCIAL,11,44201531,11,63097015,CONTATO@CASTELLUMFINANCIAL.COM.BR,,,
23730541000170,DEVAIR FRANCISCO,11,20426561,,,devair.francisco@terra.com.br,,,
23776176000135,,11,50807500,,,SANDRA.AZEVEDO@MLEGATE.COM,,,
21622344000102,EF CONSULTORIA CONTABIL,11,21169378,11,47182710,ERIKA@EFCONSULTORIACONTABIL.COM.BR,,,
23826319000176,RF CONTABIL,11,26855313,,,rafael.avelinoo@yahoo.com.br,,,
23879371000190,FARIA ASSESSORIA CONTABIL,11,22429615,,,rtdefaria@hotmail.com,,,
23955079000100,,11,97222576,,,VAL_NADO@HOTMAIL.COM,,,
23962623000140,,11,39655238,,,dinho@ramos.med.br,,,
24011258000151,,11,99999999,,,ALMIRALAMINO16@GMAIL.COM,,,
24052254000111,CALETO CONTABILIDADE GERAL,11,26287980,,,caletocontabilidade@outlook.com,,,
24099449000117,MAURICIO NOFUENTES CONTABIL,11,20712713,,,DROLIVEIRACONTABIL@GMAIL.COM,,,
24239888000188,G&C GESTAO CONTABIL E ASSESSORIA,11,22728244,,,CONTATO1@GCGESCONT.COM.BR,,,
24283316000104,,11,34827835,,,CONTATO@ACRCONSULTORIACONTABIL.COM.BR,,,
24317706000140,T&P CONTABILIDADE,11,23370876,,,almeidaperez@gmail.com,,,
24547999000151,CONTAK ESCRITORIO CONTABIL,11,81503776,,,carlos_cask@hotmail.com,,,
24572571000169,WAGON,11,29099977,,,FISCAL@WAGONCONT.COM.BR,,,
24575321000182,CPP CONSULTORIA E ASSESSORIA EMPRESARIAL,11,23734995,,,,,,
12187771000119,,11,48110738,11,39717491,CONTATO.RLCONTABIL@UOL.COM.BR,,,
24708868000109,RCANDIDO ASSESSORIA EMPRESARIAL,11,94479857,,,robsocontador@gmail.com,,,
15786702000110,CONTABILIDADE VERA CRUZ,11,27537936,11,20182909,CONTATO@VERACRUZASSESSORIA.COM.BR,,,
24866893000110,COLORADO ORGANIZACAO CONTABIL LTDA.,11,38312210,,,COLORADO@COLORADOCONSULTORIA.COM.BR,,,
25069916000129,CONTABIL MONTEIRO,11,99478607,11,28635847,OSVALDOMARFER@GMAIL.COM,,,
25099913000138,LDS CONTABILIDADE EMPRESARIAL,11,55559902,,,OTAVIO@LDSCONTABILIDADE.COM.BR,,,
25246020000178,,11,51803598,,,WANDER.TELES@SWSERVICOS.NET,,,
14294114000104,,11,22213418,11,23445252,LAIRTE.BORDIN@GMAIL.COM,,,
10877932000170,RCD CONTABIL,11,34731236,,,ATENDIMENTO@RCDCONTABIL.COM.BR,,,
8610726000158,HRS CONTABIL,11,38250510,,,CONTATO@HRSCONTABIL.COM.BR,,,
16706051000173,APPCONT INC - ACCOUNTING SERVICES,11,20657766,,,CAIO@DATECON.COM.BR,,,
23772012000130,CONTLAB,11,34731654,,,contato@contlab.com.br,,,
19575029000120,KONTAL CONTABILIDADE E FINANCAS,11,98256151,,,CONTATO@KONTAL.COM.BR,,,
14884637000100,,11,22222222,,,KLEBER.KUSSABA@GMAIL.COM,,,
23776682000124,MOBILECONT,11,99999999,,,MOBILECONT@MOBILECONT.COM.BR,,,
12953445000175,MEMOCONTABIL ASSESSORIA E CONSULTORIA,11,96288883,,,MEMOCONTABIL@HOTMAIL.COM,,,
22417178000175,PARALEGAL CONTABIL,11,31153720,,,CONTABIL@PARALEGALCONTABILIDADE.COM.BR,,,
19634069000103,ASSECONT,11,28621109,,,deb.freitas@hotmail.com,,,
20075472000110,ANDRADE CONTABILIDADE,11,60322755,,,jorge.yave@gmail.com,,,
9451892000111,IE CONECTA SOLUCOES,11,59381282,,,CONTATO@IECONECTA.COM.BR,,,
23011819000150,,11,80102906,,,REGINA.BUENO@BELLASCONTABEIS.COM.BR,,,
20684401000115,R DEZ CONTABIL TREINAMENTOS E AUDITORIA,11,23736934,,,CONTATO@RDEZCONTABIL.COM.BR,,,
17772287000170,ORIGEM,11,34998209,,,MARILU.BENEDITO@TERRA.COM.BR,,,
17023157000135,,11,33688260,,,MARIADOCARMO@MCMCONTABIL.COM.BR,,,
14605912000100,DKEE,11,37131989,,,RODOLFO@DKEE.COM.BR,,,
13797961000110,NUCLEO FISCAL,11,51823182,,,ALEXANDRE.RODRIGUES@NUCLEOFISCAL.COM.BR,,,
17970532000154,,11,93309445,11,31542020,SIMONESOUZASILVA2009@HOTMAIL.COM,,,
11419373000118,MDA ASSESSORIA CONTABIL,11,22365471,,,MDAFAP@MDAFAP.COM.BR,,,
18673463000180,SZX CONSULTORIA CONTABIL,11,36453745,,,CONTATO@SZXCONTABIL.COM.BR,,,
10848818000112,ESCRITORIO COMERCIAL AMAURY,11,29446895,11,20793095,AMAURY@NETPOINT.COM.BR,,,
9295980000171,,11,30876688,,,DANIEL@CALDERON.COM.BR,,,
22228098000171,C R BARONI SERVICOS CONTABEIS,11,37143594,,,BARONICARLOSROBERTO@GMAIL.COM,,,
14076886000161,ARLELU ASSESSORIA CONTABIL,11,91984427,,,ROBSONRV.LIMA@GMAIL.COM,,,
13782997000120,,11,99999999,,,EILICFT@UOL.COM.BR,,,
11627393000184,PELLEGRINI CONTABILIDADE,11,23011297,11,95131145,ODIVALDOPELLEGRINI@YAHOO.COM.BR,,,
12743014000184,INOVE,11,38646461,,,SOCIETARIO@I9NOVE.COM.BR,,,
19727227000161,DINIZ CONSTRUCOES,11,58410159,11,58413908,fernandods2000@yahoo.com.br,,,
20772545000123,DAL BEM ESCRITORIO CONTABIL,11,55892510,11,55893924,JULIO_DALEBM@YAHOO.COM.BR,,,
22473335000160,LJ CONSULTORIA,11,98923067,,,ljconsultoria01@gmail.com,,,
17493028000100,,11,43713170,,,SOCIETARIO@VLXCONSULTORIA.COM.BR,,,
15053647000159,,11,85369363,11,68069230,BARRALS@BARRALS.COM.BR,,,
12244338000178,,11,38864800,,,PARALEGAL@HLB.COM.BR,,,
20247421000129,PRO-ACAO DESENVOLVIMENTO,11,80547647,,,PROACAODESENVOLVIMENTO@GMAIL.COM,,,
20793168000109,NDW CONSULTORIA E GESTAO EMPRESARIAL,11,54607045,,,NDW@NDWCONSULTORIA.COM,,,
17149180000170,TORUS FINANCE,11,25927624,,,CONTATO@TORUSFINANCE.COM.BR,,,
10625062000223,,11,36706300,,,SUSANA@ADVISERBR.COM.BR,,,
21630810000100,,11,37578000,11,37578007,FISCAL@RWRCONTABIL.COM.BR,,,
13164697000188,BIANCALANA,11,26454202,11,27371716,RENATA@BIANCALANACONTABIL.COM.B,,,
23823368000155,SINERGIA SERVICE,11,20556867,,,ANDERSON@GRUPOCONSULTORES.COM.BR,,,
21667230000189,EDU SOARES CONSULTORIA,11,30454566,11,73549469,EDUSOARESSP@UOL.COM.BR,,,
24697084000122,ABERTURA RAPIDA,11,25064898,,,CONTATO@ABERTURARAPIDA.COM.BR,,,
25401914000195,CEUS CONSULTORIA CONTABIL E ADMINISTRATIVA LTDA,11,58947221,11,98430678,ISAIAS.ALBERTO@GLOBO.COM,,,
14219143000101,F & F ASSESSORIA CONTABIL,11,38061208,,,FORMIGARI@FORMIGARICONTABILIDADE.COM.BR,,,
25284302000160,PWR ASSESSORIA EMPRESARIAL,11,33608250,,,LEGALIZACAO@PWRASSESSORIA.COM.BR,,,
10578192000171,,34,36110216,,,DIRETORIA.MULTIPLAX@GMAIL.COM,,,
22704550000124,,11,23664594,,,JEAN-MARC@BOL.COM.BR,,,
24811368000106,VERA'S COMPANY,11,37393362,11,93110611,ADMINISTRATIVO@VERASCOMPANY.COM.BR,,,
11292498000120,,11,25328467,,,LIGIA@ACARRILHO.COM.BR,,,
18149431000180,MAQUINEZ CONSULTORIA,11,56664600,11,56664751,atendimento@maquinezconsultoria.com.br,,,
19013231000168,ORGATEC,11,33466040,,,EYHIDAKA@ORGATEC.COM.BR,,,
20502071000108,LANZA CONTABILIDADE E AUDITORIA,11,23090900,,,RAFAEL@LANZACONTABILIDADE.COM.BR,,,
10322459000165,ALBUTTI ASSESSORIA E CONTABILIDADE,11,37969932,,,OSMAR.BUTTIGNON@ALBUTTI.COM.BR,,,
20979091000166,CONTABILIZA BRAZIL,11,54411959,,,LUCILA.CONTABILIZABRAZIL@GMAIL.COM,,,
21631679000197,NATAX SOLUTIONS,11,88922750,,,FALECONOSCO@NATAXSOLUTIONS.COM.BR,,,
22289423000106,PRUDENCIO CONTABILIDADE,11,54886984,,,CONTATO@PRUDENCIOCONTABILIDADE.COM.BR,,,
19275875000124,CHANEL REPRESENTACAO E COMERCIO LTDA,11,86260401,,,BASTOS.JG@GMAIL.COM,,,
15142990000170,NAKAURA CONTABILIDADE,11,50123598,,,SNAKAURA@UOL.COM.BR,,,
9026754000195,EJC ASSESSORIA CONTABIL,11,20230485,11,33260172,EJC.ASSESSORIACONTABIL@GMAIL.COM,,,
8234150000171,SOLIDY CONSULTING,11,94141700,,,SOCIETARIO@SOLIDY.CONSULTING,,,
9267318000108,ALC ORGANIZACAO CONTABIL,11,27422497,,,CONTABILIDADE@ALCCONTABIL.COM,,,
23060256000190,AGUIA CONTABIL,11,39261770,,,ADV.ALMIR56@GMAIL.COM,,,
15656217000121,NGD CONTABILIDADE,11,58709397,,,NEIDECONTABILISTA@HOTMAIL.COM,,,
19251003000126,,11,26092114,,,LEGALIZACAO@PAVANELLOASSESSORIA.COM.BR,,,
22561331000133,SP CONTAS,11,33317327,,,SPCONTAS@UOL.COM.BR,,,
23681047000163,ATIVO CONSULT,11,41883598,11,97392604,ALFREDO.SOUSA@ATIVOCONSULT.COM.BR,,,
11024226000149,MARNEW CONSULTORIA CONTABIL,11,93215319,,,NEWTON_PINHO@HOTMAIL.COM,,,
26199346000154,JB CONSULTORIAS,11,35784267,,,joasbrasil@hotmail.com,,,
26258010000115,SELETA CONTABILIDADE ESTRATEGICA,11,24507425,,,CONTATO@SELETACONTABILIDADE.COM.BR,,,
26364047000128,,11,22130849,11,23054084,CONTATO@SMASSUNTOSFISCAIS.COM.BR,,,
26431629000180,MYCONT CONTABILIDADE,11,39957232,,,CONTATO@MYCONT.COM.BR,,,
26511963000143,,11,22154788,,,LEGALIZACAO@GERENCER.COM.BR,,,
26617369000131,SF BARROS CONTABILIDADE,11,38797140,,,CONTATO@SFBARROS.COM.BR,,,
26640624000167,BENCAO DE DEUS CONTABILIDADE,11,22366561,,,bencaodedeuscontabilidade@gmail.com,,,
26706377000154,CONTABILIDADE BERRINI,11,32273285,11,28771001,CONTABILBERRINI@TERRA.COM.BR,,,
26781343000124,,11,26719001,,,FISCAL1@GLAPP.COM.BR,,,
26868762000106,CONSULTORIA EMPRESARIAL,11,42416140,,,drs.rodrigues06@gmail.com,,,
27120558000167,CONTABIL CONFIANCA,11,22365918,,,s.ldiogo@ig.com.br,,,
27169266000119,VRS SERVICOS ESPECIALIZADOS,11,20821259,,,VANDERLEY.VS62@GMAIL.COM,,,
27169520000189,CACERES & SILVA,11,36419002,,,RAFAEL@SIVLASERVICOSCONTABEIS.COM,,,
27285564000174,ARCONT ASSESSORIA CONTABIL,11,34679071,,,CONTATO@ARCONTASSESSORIA.COM.BR,,,
27429536000183,M2S CONSULTORIA E AUDITORIA,11,55754109,,,ISGAMBATI@GMAIL.COM,,,
27449027000112,TOTUS TUUS CONTABIL,11,70417718,11,68745162,MARCIADICAMARGO@HOTMAIL.COM,,,
27457927000101,,11,55215685,,,CONTATO@TJASSESSORIACONTABIL.COM.BRA,,,
10761549000233,,11,47034500,,,HILTON@PROCONTABILSP.COM.BR,,,
27530822000130,,11,91863606,,,NATALINOMRODRIGUES@GMAIL.COM,,,
27821763000150,,11,29481066,,,RDBARBOSA52@HOTMAIL.COM,,,
27939789000105,TKA CONSULTING,11,20926141,11,98980787,TETSUO.KONDO@TKACONSULTING.COM.BR,,,
27968570000126,,11,41151591,,,ATENDIMENTO@ASRCONTABIL.COM.BR,,,
27976476000119,RR&CONT CONTABILIDADE,11,76807706,,,RICARDO@RRECONT.COM.BR,,,
28328586000137,PW ECOM,11,83330068,11,42597118,ATENDIMENTO.PWECOM@GMAIL.COM,,,
28425583000111,STAR OFFICE ASSESSORIA EMPRESARIAL,11,26268364,,,jmucivuna@gmail.com,,,
28433445000184,,11,37438182,11,38621822,PRATCONTABIL@TERRA.COM.BR,,,
28440379000170,ONAC,11,50786565,,,ALEXCANO67@GMAIL.COM,,,
28476910000164,JANF COBRANCAS,11,33117828,,,JANUNESF@GMAIL.COM,,,
28495998000161,MIYATA & RIBEIRO ASSOCIADOS,11,33602068,,,chef.miyata@gmail.com,,,
28594548000126,D&D CONTABILIDADE,11,32414256,,,CONTATO@DEDCONTABILIDADE.COM.BR,,,
28660094000144,MAUTONE ASSESSORIA CONTABIL,11,98618694,,,,,,
28680949000107,H&S CONSULTORIA E CONTABILIDADE,11,24764956,,,siberiankatu@gmail.com,,,
28763141000185,IACONTABIL SERVICOS CONTABEIS,11,26263489,,,CONTATO@IACONTABIL.COM.BR,,,
28770594000139,RENOVE CONSULTORIA EMPRESARIAL,11,23670391,,,CONTABILIDADE@RENOVE.CNT.BR,,,
28846027000119,TBC ASSESSORIA E CONSULTORIA,11,29416288,,,BRUNO@TBCASSESSORIA.COM.BR,,,
28941600000173,F F CONTADORES,11,87827950,11,74564694,RAFAEL.FRANCO@FLCONTADORES.COM.BR,,,
28970342000153,MARCIMARI,11,24135400,,,mluciope@gmail.com,,,
28975144000182,ZSF CONTABILIDADE,11,26822701,,,zusifra@ig.com.br,,,
29000610000177,IBS SOLUCOES CONTABEIS,11,83368525,,,ILTONBATISTA2005@HOTMAIL.COM,,,
29164436000106,SS CONTABILIDADE,11,51634594,,,NAORESPONDER@SSOUSACONT.COM.BR,,,
29333947000104,,11,28725968,,,CANAY07@YAHOO.COM.BR,,,
29351667000110,JMF CONSULT,11,42791626,,,JORGE@JMFCONSULT.COM.BR,,,
29398891000168,IMPERIO R&R ASSESSORIA CONTABIL,11,27722857,,,RUDNEY@IMPERIORR.COM.BR,,,
29643064000192,TERUEL CONTABILIDADE,11,45640071,,,CONTATO@TERUELCONTABILIDADE.COM.BR,,,
29684389000113,PRO-ATUAL CONTABILIDADE E CONSULTORIA FINANCEIRA,11,23617478,,,CONTATO@PROATUAL.COM.BR,,,
29689434000122,,11,26003008,,,LIONSCONT@LIONSCONT.COM.BR,,,
26194121000105,,11,38357083,,,BASECONTABIL1@UOL.COM.BR,,,
29805136000150,GROWTH BUSINESS,11,91027745,11,40812839,CONTATO@GBECONTABILIDADE.COM.BR,,,
30006940000159,,11,31238410,,,SETA@SETACONTABIL.COM.BR,,,
20605579000204,EXIMIA TAX,11,42809153,,,FINANCEIROTAX@EXIMIATAX.COM.BR,,,
30264179000155,,11,55083500,,,JMF@UNITAS.COM.BR,,,
30271046000106,MATTOS ASSOCIADOS,11,20621210,,,BMATTOS@MATTOSASSOCIADOS.COM.BR,,,
30307153000147,JOSE HENRIQUE CANASSA,11,32241700,,,,,,
14589189000295,VETOR EMPRESARIAL - SERVICOS DE CONTABILIDADE,21,22224012,11,26053709,VETOREMPRESARIAL2018@GMAIL.COM,,,
30350116000111,TEZARI E PIERANGELO SERVICOS CONTABEIS,11,39301872,,,F.TEZARI@YAHOO.COM.BR,,,
30416828000196,TRS OFFICES CONTABILIDADE,11,53669588,,,TATIANE@TRSOFFICES.COM,,,
30422221000119,ACESSO FACIL CONTABIL,11,55897811,11,25064913,CONTATO@ACESSOFACILCONTABIL.COM.BR,,,
30621095000121,,11,43977408,,,MARCELO.PIRES@NARAROESLER.ART,,,
30625704000110,CONTAX - ASSESSORIA EMPRESARIAL,11,81413199,,,HERNANI_GONCALVES000@HOTMAIL.COM,,,
30675997000140,,11,99415400,,,PATPAT6662@HOTMAIL.COM.BR,,,
30769816000145,BARBATOV ASSESSORIA CONTABIL,11,92335317,,,BARBATOV@UOL.COM.BR,,,
30796269000197,,11,29364606,,,,,,
30952754000102,GEORGIA CASATTI - ROTINAS CONTABEIS,11,29576311,,,GJ.CASATTI@GMAIL.COM,,,
30996125000184,MULTIPLICAR CONTABILIDADE,11,55628546,11,38042440,CLAU.HELENA@UOL.COM.BR,,,
31100709000192,SLIT ASSESSORIA CONTABIL,11,25777257,,,SLITCONT@OUTLOOK.COM,,,
31232665000154,,11,29783744,,,AKR@AKRCONTABIL.COM.BR,,,
31312372000187,A CONTABILIDADE,11,37445505,,,PEDRO@ACONTABILIDADE.ORG,,,
31364892000133,,11,22517077,,,JANAINA@MATIASPRANDINI.COM.BR,,,
31932195000131,NICKEN AUDITORES E CONSULTORES,11,50815369,,,,,,
32087605000158,VANDER_BERT CONTABILIDADE,11,35541695,,,VANDER_BERT@HOTMAIL.COM,,,
32096751000140,,11,99637205,,,MAP.PAPINI@UOL.COM.BR,,,
32252575000198,HULBRA CONTABILIDADE,11,94009889,,,CONTABILIDADE.HULBRA@GMAIL.COM.BR,,,
32473607000185,,11,26926936,,,REQUINTE@REQUINTECONTABIL.COM.BR,,,
32483781000109,CONCAP CONTABILIDADE EMPRESARIAL,11,92926413,,,CARLOSALBERTO@BRANCANTE.COM.BR,,,
32588272000140,NEXON CONTABILIDADE CONECTADA,11,44203336,,,CONTABIL@GERERESULTADO.COM.BR,,,
32598300000100,,11,37333264,11,60670007,KLINGELBT@HOTMAIL.COM,,,
32299994000185,MESTRIA CONTABILIDADE,11,41712839,11,95641744,MESTRIA.CONTABIL@GMAIL.COM,,,
32676580000128,FOLHA CONTABIL,11,38675711,11,28937157,FOLHACONTABIL@OUTLOOK.COM,,,
26789625000178,ATITUDE CONSULTORIA ASSESSORIA EMPRESARIAL E CONTABIL,11,23859604,,,contato@atitudeconsultorias.com.br,,,
32890215000111,ENZZA CONTABILIDADE,11,56674120,,,ENZZACONTABILIDADE@ENZZACONTABILIDADE.COM.BR,,,
33043609000105,AQUARELA ASSESSORIA CONTABIL LTDA,11,20356580,11,25662500,CONTATO@AQUARELACONTABIL.COM.BR,,,
33098225000181,,11,50274748,11,92544748,LEANDRO@LUNACONTABIL.COM,,,
33554604000139,AV CONSULTORIA,11,25381143,,,ALESSANDRO@AVCONSULTORIACONTABIL.COM.BR,,,
33599896000126,MOURA SATIRO CONTABILIDADE,11,29254559,11,91940397,WILLIANSATIRO@GMAIL.COM,,,
26835810000232,,11,32510267,,,CONTATO@ALIANZO.COM.BR,,,
33954350000146,PERSONAL TAX BRASIL,11,93054436,,,CONTATO@PERSONALTAX.COM.BR,,,
34283071000160,CONTABILIDADE ONLINE,11,39233199,,,DECINVAL@PROFITDAM.COM.BR,,,
34333387000110,CONTEC CONTABILIDADE,11,26842952,11,29570550,FISCAL@CONTECCONTAB.COM.BR,,,
34339268000174,,11,23482359,,,SOCIETARIO@MSCHMIDTCONTABIL.COM.BR,,,
34355569000191,SARAH CONSULTORIA,11,93156947,,,GUSMAO1969@GMAIL.COM,,,
34381841000108,,11,38468404,,,ARI.CONTADOR@UOL.COM.BR,,,
34400394000197,AEF CONSULTORIA CONTABIL,11,99322623,,,FERNANDOMARTINS.CONTABILIDADE@HOTMAIL.COM,,,
34482508000195,JS MITSUO CONTABILIDADE,11,31044063,,,ANTONIOMH@STI.COM.BR,,,
34548505000107,LEGISLADORA ASSESSORIA,11,29250705,,,RH@LEGISLADORA.COM.BR,,,
34567858000154,,11,70708455,11,76940665,ANDERSON_CONTABIL@YAHOO.COM.BR,,,
34778517000128,HRDCONT,11,50892030,,,HELIO.DAMASIO@NUTRIPORT.COM.BR,,,
34850568000113,SPCA CONTABIL,11,35155227,,,SPCACONTABIL@GMAIL.COM,,,
34894513000105,EV SERVICOS,11,55716978,,,ELIANE.OLIVEIRA@EVSERVICOS.COM,,,
11719486000309,CROWE MACRO CONTADORES ASSOCIADOS LTDA,11,56323733,,,CONTROLADORIA@CROWE.COM.BR,,,
30640624000134,RAMAJO CONSULTORIA,11,29869937,11,71044276,RAMAJO,CONSULTORIA@GMAIL.COM,,
35418535000161,MK CONTABIL,11,36621255,,,,,,
35449969000129,,11,86240561,,,ROCHA@GOTARDO.COM,,,
35496965000100,FENEZES CONTABILIDADE E ASSESSORIA,11,35649222,,,ADM@FENEZESCONTABILIDADE.COM.BR,,,
35736119000101,,11,73733472,,,ROBERTO.PELEGRINI@TIMBROTRADING.COM,,,
35764157000178,,11,92003475,,,MEUCNPJ@ACCOUNTTECH.COM.BR,,,
36064342000112,CONECTEI CONTABILIDADE,11,39038462,,,CILENE.CONTABIL@HOTMAIL.COM,,,
36131298000116,,11,99108828,,,CONTADOR@CONSULFISC.COM.BR,,,
36182050000184,VIANA CONTABILIDADE,11,71149709,,,ALINE_LINE401@HOTMAIL.COM,,,
36230540000109,EXALTING ASSESSORIA EMPRESARIAL,11,29544003,,,LEGALIZACAO@EXALTING.COM.BR,,,
36443651000101,LIVRECON CONTABILIDADE DIGITAL,11,50205620,,,CONTATO@LIVRECON.COM.BR,,,
36599522000107,STRATUS CONTABILIDADE,11,30005656,,,ADILSON.SIMOES@STRATUS-CONSULTORIA.COM,,,
36624704000182,,11,97752855,,,BIANCAMENDOCAPINTO@GMAIL.COM,,,
36697872000106,MOMSY CONT,11,99018652,,,ATENDIMENTO@MOMSYCONT.COM.BR,,,
36766013000113,VARELLA CONTABILIDADE,11,22564689,11,96595940,VARELLACONTABILIDADE@GMAIL.COM,,,
36927223000146,A & C CONTABILIDADE LTDA,11,33268972,11,27677637,AECCONTABILIDADE9@GMAIL.COM,,,
36992158000132,MAG -ASSESSORIA CONTABIL E EMPRESARIAL,11,56114703,11,56144847,MA.ASSESSORIA@TERRA.COM.BR,,,
37011356000130,MARCIO DE OLIVEIRA CONTABILIDADE,11,85290095,,,MARCIO.OLIVEIRA@ADESTE.COM.BR,,,
37027290000177,ELISABETE ROSA BROSSI,11,35393349,,,ELISABETEBROSSI@GMAIL.COM,,,
37137895000110,BHASKARA CONTABILIDADE,11,35010206,,,CONTATO@LIRAEMORAIS.COM.BR,,,
37224062000197,,11,27911168,,,CONTATO@BVDCONSULTORIA.COM.BR,,,
37229534000102,CONTABFACIL CONTABILIDADE,11,31676902,,,KARINA@NSICONSULTORIA.COM.BR,,,
37232000000127,OFES CONSULTORIA & ASSESSORIA CONT. FINANC. E DE NEG.,11,53681638,,,JADE@OFES.COM.BR,,,
37232366000104,FBO CONTABILIDADE,11,72046119,,,ATENDIMENTO@FBOCONTABILIDADE.COM.BR,,,
37246906000109,AX,11,22957252,,,CONTATO@AXCONTABILIDADE.COM.BR,,,
37267123000101,SECULO XX CONTABILIDADE,11,99169490,,,DENISOLIVEIRA07@HOTMAIL.COM,,,
37589325000161,VISION TAX,11,53956778,,,VISION.TAX@OUTLOOK.COM,,,
37647105000147,BELLATO & ARAUJO,11,96476672,,,CYNTIA@BELLATOARAUJO.COM,,,
37738222000116,ECONTAX CONTABILIDADE,11,53596501,,,ATENDIMENTO@E-ECONTAX.COM.BR,,,
37811200000134,AB4 CONTABIL,11,46660967,,,CONTATO@AB4CONTABIL.COM.BR,,,
22122929000207,BUSINESS LAB,21,88997444,,,CONTATO@BUSINESS-LAB.CO,,,
37945035000103,ME CONTI,11,98591974,,,SUPORTEAOCLIENTE@MECONTI.COM.BR,,,
38019119000189,D.G.N CONSULTORIA E ASSESORIA,11,48902351,,,CONTABILIDADEDGN@GMAIL.COM,,,
38107361000104,TOTI CONTABILIDADE E GESTAO,11,53301892,11,99999999,TOTICONTABILIDADE@GMAIL.COM,,,
38132172000191,,11,20631236,11,74351717,META@METACONTABILSP.COM.BR,,,
38231201000172,MSL CONTABILIDADE,11,97942018,,,CONTATO@MSLCONSULTORIA.COM.BR,,,
38296849000127,,11,75188085,,,UNITEDCONTABIL@GMAIL.COM,,,
38300197000157,CLEAN ASSESSORIA E CONSULTORIA CONTABIL,11,27756690,,,CONTATO@CLEANCONTABIL.COM.BR,,,
38330556000119,CBM CONTABILIDADE,11,84561575,,,CRIS_BELLUCCI@HOTMAIL.COM,,,
12932245000217,NN CONTABILIDADE,41,33797929,,,COMERCIAL@NNCONTABIL.COM,,,
38447569000172,GLODER CONTABILIDADE,11,59722369,11,59716631,CONTATO@GLODERCONTABILIDADE.COM.BR,,,
38454432000145,SOB CONTROLE,11,36672904,11,87790607,KAREANE@SOB-CONTROLE.COM,,,
38503358000100,,11,23675354,11,86580016,CDRUBIRA@GMAIL.COM,,,
38710814000192,WSJR SERVICOS CONTABEIS,11,99999999,,0,WSJRCONTABIL@GMAIL.COM,,,
38904980000120,AMICI GOMES CONTABILIDADE,11,29496504,,,,,,
39153793000114,CONTABILLINS ASSESSORIA CONTABIL,11,32977313,,,CONTADOR@CONTABILLINS.COM.BR,,,
39420580000101,,11,81844260,,,MARCIA.MGSP@YAHOO.COM.BR,,,
39544847000172,,11,32288011,,,CONTABILIDADE@ASSESCOCONTABIL.COM.BR,,,
39928389000175,TATIANE MONTEIRO CONSULTORIA,11,80315243,,,TMONTEIRO.CONSULTORIA@GMAIL.COM,,,
40006674000118,NW RMS CONTABILIDADE,11,23692151,11,23692128,MAURICIO.NARCISO@RMSCONTABILIDADE.COM.BR,,,
40032903000179,CALANDRINI VAZ ASSESSORIA CONTABIL,11,84951003,11,74916821,CALANDRINIVAZCONTABILIDADE@HOTMAIL.COM,,,
40047285000130,NUNES CONSULTORIA FISCAL & CONTABIL,11,53172762,,,CONTATO@RFNSERVICOSCONTABEIS.COM.BR,,,
30042314000118,HBM CONTABILIDADE,11,20615806,,,EBER_MORAES@HOTMAIL.COM,,,
40098924000197,CONTADOR PARCEIRO ASSESSORIA CONTABIL,11,27775857,,,WELLINGTON@ABILITYCONTABIL.COM,,,
40101731000148,CALED CONTABIL,11,90196119,,,ATENDIMENTO@CALEDCONTABIL.COM.BR,,,
40213846000124,SIBRACON,11,36853566,,,CONTATO@SIBRACON.SRV.BR,,,
40399133000105,CONTABILIDADE SANCHES E LUCA,11,73624605,,,CONTABILIDADESANCHESELUCA@GMAIL.COM,,,
40436660000134,FEITOSA CONTABIL,11,35395741,,,CONTATO@FEITOSACONTABIL.COM.BR,,,
40476908000190,GRUPO FASA CONSULTORIA CONTABIL LTDA,11,96676178,,,ASA.FILHO@HOTMAIL.COM,,,
40636036000180,E S B SERVICOS CONTABEIS LTDA,11,98318284,,,ESBSERVCONTABEIS@GMAIL.COM,,,
40655758000182,SP VIEIRA CONTABILIDADE,11,36150473,,,CONTABILSPVIEIRA@GMAIL.COM,,,
40666598000177,TRIBUTO SIMPLES NACIONAL MEIOS DE PAGAMENTO,11,28724598,11,28724599,ALEXANDRE@GRUPONOVASOLUCAO.COM.BR,,,
40698231000135,RJCONTABIL,11,88006091,,,,,,
40713354000106,,11,43275007,,,LEGAL003@GOFURTHERGROUP.COM.BR,,,
40909153000170,CONTPET,11,30380413,,,CONTATO@CONTPET.COM,,,
40983327000145,,11,38798700,11,82236650,GUSTAVO@CONTABILSUMARE.COM.BR,,,
28933212000140,SHEILA SILVA,11,46953594,,,chavs_sheila@yahoo.com.br,,,
41080451000163,PAULO UNGER CONTABILIDADE,11,62620000,,,,,,
41264696000140,PAULOCONT,5511,52074471,0,0,PAULO@PAULOCONT.COM.BR,,,
41401994000135,BRIDGES CONTABILIDADE,5511,85647613,0,0,BRUNO.HSS@OUTLOOK.COM.BR,,,
41624272000140,B&F CONTABIL,11,95195179,,,BEFCONTABIL1@GMAIL.COM,,,
41651495000104,ANUZZI CAMPANHA CONTABIL LTDA,11,56216692,,,ALEXANDREANUZZI@OUTLOOK.COM,,,
41660990000171,,5511,40275974,0,0,LIMEIRA.SP@TERRA.COM.BR,,,
27583496000120,ABCON CONTABILIDADE,11,47872570,11,21560846,ABCONSP@GMAIL.COM,,,
39809964000110,SF SERVICOS CONTABEIS,11,96935318,,,CGPF1@HOTMAIL.COM,,,
40216168000153,,11,86089821,,,ROBERTOMOLIVEIRA@UOL.COM.BR,,,
41985818000198,OFFICECONS ESCRITORIO CONTABIL,11,32312683,,,CONTABIL@OFFICECONS.COM.BR,,,
42057365000100,,11,23843794,,,DP@ACERTOCONTABIL.COM.BR,,,
42142342000196,ATVIS ASSESSORIA CONTABIL LTDA,11,38326465,,,ATVIS.CONTABIL@GMAIL.COM,,,
42220105000104,CONTADOR AMIGO - CONTABILIDADE,55,99154549,,,VMARADEI@GMAIL.COM,,,
42264458000106,LAPESI ASSESSORIA CONTABIL,5511,99333494,0,0,E.LAINE@OUTLOOK.COM.BR,,,
42397293000132,GFISCAL CONTABILIDADE,11,25321043,,,GFISCAL.NET@GMAIL.COM,,,
42643427000158,MMARTINS CONTABIL,11,26190771,,,MARCIO@MMARTINSCONTABIL.COM.BR,,,
42692875000141,JF CONTABILIDADE,5511,47229073,0,0,JC.CONTAB@UOL.COM.BR,,,
42710387000110,MM CONSULTORIA & CONTABILIDADE DIGITAL,11,93539486,,,CONTATO@MMCONTABILIDADECONSULTORIA.COM.BR,,,
42718554000179,UNA CONTABILIDADE,11,30450376,,,MARCIA@UNACONTABILIDADE.COM.BR,,,
43067240000116,APR CONTABILIDADE,11,59524284,,,APAULASR2@HOTMAIL.COM,,,
28548698000101,MOREIRA CONTABILIDADE & ADMINISTRACAO,11,12664251,,,MOREIRASILVA.FECHAMENTO@GMAIL.COM,,,
43217831000122,CONTABIL NOW,21,74183113,,,CONTABILNOW@GMAIL.COM,,,
43343624000114,CONTABI PLUS,11,29495967,11,29398159,CONTABILIDADE@CONTABIPLUS.COM.BR,,,
43390084000120,,5511,99007072,0,0,SERGIO.ADCONT@GMAIL.COM,,,
43477913000106,CONTABILIDADE SPAZIO,11,86666964,,,CONTABILIDADESPAZIO@GMAIL.COM,,,
43618130000103,,11,99999999,,,JORGE@BHUB.AI,,,
43687788000169,LAN ASSESSORIA E CONTABILIDADE LTDA,11,23782992,,,ASSESSORIA@ASSESSORIAPHOENIX.COM.BR,,,
7818707000230,,21,24309939,21,97849018,HERCULANO@PREMIUMBRAVO.COM.BR,,,
33734125000102,,11,64044380,,,CONTATO@TAXSUPPORT.COM.BR,,,
33394624000190,,11,40134931,,,LUCAS.SANTANA@STNCONSULTAX.COM.BR,,,
26459823000173,V & C ASSESSORIA CONTABIL,11,25018098,,,VC@VCCONTABIL.COM,,,
28075948000125,GILMARA CARDOSO,11,73682864,,,GILMARA.CALEXANDRE@GMAIL.COM,,,
28975756000175,GRUPO CBS ASSESSORIA CONTABIL E EMPRESARIAL,11,93474157,,,LEGAL@GRUPOCBS.COM.BR,,,
40768585000109,D2M ASSESSORIA CONTABIL,11,70769785,,,DIEGOLAVEGAFARIAS@D2MCONTABILIDADE.COM,,,
37308344000172,MF CONSULTING,11,96858566,,,FERNANDO.COUCEIRO@FTACONSULTING.COM.BR,,,
30805889000145,GMM CONSULTORIA CONTABIL,11,84795999,,,MARIA.REIS@GMMCONSULTORIA.COM.BR,,,
35974580000100,BILLION INTELIGENCIA TRIBUTARIA,11,68353890,,,CONTATO@BILLIONCONTABILIDADE.COM.BR,,,
32515429000108,CH SALES,11,40435420,,,CLAUDIAHSALES@HOTMAIL.COM,,,
43745067000168,CAMPIDELE & NAZARETH,11,75886245,,,CONTATO@CAMPIDELENAZARETH.COM.BR,,,
27467852000140,RICARTI CONSULTORIA CONTABIL,11,32220877,,,ricardocamargodinizrcd@gmail.com,,,
39277578000125,NN CONSULT,11,52190070,,,CONTATO@NNCONSULT.COM.BR,,,
41648138000189,PEDROBELLA CONTABILIDADE,11,82291040,,,SILVIAPLALMEIDA@GMAIL.COM,,,
41139904000180,,11,96761106,,,ANDREZACOSTA20@YAHOO.COM.BR,,,
30551017000106,,11,20904570,,,ATENDIMENTO@MFCO.COM.BR,,,
28407738000197,BROZINGA CONTABILIDADE,11,89068872,,,CONTATO@BROZINGA.COM.BR,,,
43956841000180,,11,20876740,,,CADASTRO.ORA@GMAIL.COM,,,
188740000284,OCPR CONTABILIDADE,11,20614343,,,MARIA@OCPR.COM.BR,,,
44154072000169,,11,25339086,,,RDPERON@GMAIL.COM,,,
44156976000123,,11,39045055,,,CINDIA.PATTI@GMAIL.COM,,,
44178640000161,MARTCON,11,75269974,,,CONTATO@MARTCON.COM.BR,,,
44185837000128,ENERGY ASSESSORIA CONTABIL LTDA,11,95295383,0,0,JEDIMARGALVAO@GMAIL.COM,,,
44232566000114,JOBICONT CONSULTORIA CONTABIL,11,71474325,,,CONTATO@JOBICONT.COM.BR,,,
44277650000154,GKS ASSESSORIA E CONSULTORIA CONTABIL LTDA,11,97568682,0,0,COSTA.KELIG@GMAIL.COM,,,
44395444000149,MCO CONSULTORIA EMPRESARIAL,11,72627300,,,MARCIOCLAYTONOLIVEIRA@GMAIL.COM,,,
44429309000177,RM CONSULTORIA E ASSESSORIA CONTABIL,11,98776517,0,0,RANDRADE.CONTABIL@GMAIL.COM,,,
44495526000165,SHALLON ASSESSORIA CONTABIL,11,29541804,,,EMERSON@LEGFISCO.COM.BR,,,
44509060000100,,11,36705910,,,CALDO@CALDOASSESSORIA.COM.BR,,,
44752318000102,VALORETECH,81,41024700,,,INFO@VALORE.COM.BR,,,
44917450000119,FENIX SERVICOS DE CONTABILIDADE E ADMINISTRATIVOS,19,99263470,,,CONTABIL@FRANKLINSILVA.COM,,,
44943353000109,DEVANT PERICIAS CORPORATIVAS,6920601,11,32940704,,,CONTATO@DEVANTPERICIAS.COM.BR,,
45016997000106,GOLDEN,11,53809241,0,0,PUREZA.CONSULTORA@GMAIL.COM,,,
45035956000167,NUME GESTAO CONTABIL,11,66097042,,,LEGALIZACAO@NUMECONTABILIDADE.COM.BR,,,
45088114000173,,11,35001500,,,RICONTABIL@RIRCONTABIL.COM.BR,,,
45208005000142,MKL CONTABIL,11,68422770,0,0,SORAIA_FM@HOTMAIL.COM,,,
45228908000195,,11,14327120,,,CONTABILIDADE@LEMOS.CNT.BR,,,
45244094000182,LINKONT CONTABILIDADE DIGITAL,12,96512221,0,0,ISAIASHEBER@GMAIL.COM,,,
45325814000134,,11,38379280,,,CONTATO@PCAE.COM.BR,,,
45350028000197,OKR CONTABILIDADE,11,16167045,11,57461087,CONTATO@OKRCONTABILIDADE.COM.BR,,,
45380099000132,GRUPO EVR AUDITORES,11,29342324,,,JUNIOR@EVRAUDITORES.COM.BR,,,
45537520000176,MRI CONSULTORIA,11,32000000,,,MARCOS@ADRX.COM.BR,,,
45754441000117,NETO & LIMA CONTABILIDADE,11,20422498,,,NETOELIMACONTABILIDADE@GMAIL.COM,,,
45775403000140,P&C CONTABILIDADE,11,65960781,,,CONTATO@ACCOUNTBANK.COM.BR,,,
45796519000166,RCR MARQUES,11,91255920,0,0,RCRMARQUES@OUTLOOK.COM.BR,,,
45036539000139,,11,59184758,,,ACSOUZASERV@GMAIL.COM,,,
46112171000103,,11,80683707,,,ALMEIDACOSTACONTABILIDADE@OUTLOOK.COM,,,
46207057000167,FAC CONTABILIDADE,11,86387318,0,0,ODAIR91@HOTMAIL.COM,,,
46223637000148,RICARDO RODRIGUES LARANJA,11,59539853,0,0,RICARDO_LARANJA@HOTMAIL.COM,,,
46230185000121,RCS ASSESSORIA CONTABIL,13,74239813,,,RCS.CONTABILIDADE@YAHOO.COM,,,
46390988000143,,11,37290513,,,LEGALIZACAO@SOUSERAC.COM,,,
46412923000151,LELLA CONTABILIDADE,11,85570210,0,0,MARINEIDE.FERNANDES11@YAHOO.COM,,,
44652554000149,MOURAO CAMPOS CONTADORES,11,86937892,,,F.CORDEIRO@MOURAOCAMPOS.COM.BR,,,
46483767000110,DFR ASSESSORIA CONTABIL,11,76118517,0,0,DANIELEFAIOLI@GMAIL.COM,,,
46613412000106,MARIA LUCIA TORRES,11,90140811,0,0,LUCIA.RAFAELA@YAHOO.COM.BR,,,
46620709000190,MOREIRA ASSESSORIA,11,32284765,,,ATENDIMENTO@MOREIRAASSESSORIA.COM.BR,,,
46662828000106,R ASSESSORIA CONTABIL,11,77739238,0,0,RAIANE.MOURA.LOPES@HOTMAIL.COM,,,
46847464000139,VITORIANO CONTABILIDADE LTDA,11,32410962,,,MURILOCRC@OUTLOOK.COM,,,
46862861000180,,11,58726965,,,FELIPEAPARICIO1994@GMAIL.COM,,,
47008116000130,ALICERCE ASSESSORIA E CONSULTORIA,11,25063340,,,HELIOKY@HOTMAIL.COM,,,
47020460000145,NEXT LEVEL,11,92208557,,,CONTABILIDADENEXTLEVEL@GMAIL.COM,,,
47103036000164,,11,70425548,,,LEGAL003@GOFURTHERGROUP.COM.BR,,,
47120590000150,CONFAM,11,20232233,,,ALEXANDRE.CONTADOR@UOL.COM.BR,,,
47205488000157,DML CONTABILIDADE,11,22092500,,,CONTATO@DMLCONTABILIDADE.COM.BR,,,
47300830000106,ATMOS ASSESSORIA EMPRESARIAL,11,50415838,,,ANDERSON_GARBIN@HOTMAIL.COM,,,
47303746000138,ALFA ROCHA CONTABILIDADE,11,94034311,,,CARLOS.ROCHA@ALFAROCHA.COM.BR,,,
47465734000100,RRF CONSULTORIA,11,95463118,,,ROBERTOFURTUNATO@HOTMAIL.COM,,,
47491585000153,CONSULTORIA DANIELA AGUIAR,11,66774752,0,0,DANI.ALVESDEAGUIAR@GMAIL.COM,,,
47645464000119,QUALITY SCORE CONTROLADORIA,11,27775100,0,0,CONTATO@QSCO.COM.BR,,,
48115115000158,GRUPO CONSIGNEA DE CONTABILIDADE,11,91610234,,,GRUPOCONSIGNEA3@GMAIL.COM,,,
48210092000160,,11,76074159,0,0,INGRIDMENDESS111@GMAIL.COM,,,
48239426000129,,11,75486460,,,DAVIDLINDOLFO@YAHOO.COM,,,
48371236000160,LTD & LAMBIASI CONTABILIDADE,11,74017032,0,0,LUISLAMBIASI@GMAIL.COM,,,
48416602000150,NEVES CONSULTORIA,11,37464515,0,0,GASNEVES@GMAIL.COM,,,
48423728000152,JMF SERVICOS E CONSULTORIA CONTABIL LTDA,11,44950744,0,0,CONTABILJMF@GMAIL.COM,,,
48424320000103,,11,75381795,0,0,GABRIELDEJESUSQUEIROZ358@GMAIL.COM,,,
48515173000179,IMPACTUS ME.,11,51205168,0,0,ALDONUN31@GMAIL.COM,,,
48674892000132,LIDDERA,11,98898072,11,99711302,MA.GORETE@HOTMAIL.COM,,,
48758378000185,JANUSZKIEWICZ CONSULTORIA LTDA,11,51221464,0,0,MATHEUSJANUS@GMAIL.COM,,,
48767098000133,,81,32260663,,,SOCIETARIO@SATIERFCONTADORES.COM.BR,,,
46625477000163,SAO PAULO PATRIARCA CONTABILIDADE,11,36240470,,,CONTATO@SAOPAULOPATRIARCA.COM.BR,,,
48873955000180,LV SERVICOS,11,74636645,0,0,IARA@LVSERVICOSECONSULTORIA.COM.BR,,,
48905788000101,B&B CONTABILIDADE,11,99200954,,,SGUI88@HOTMAIL.COM,,,
48942657000102,EF SERVICOS CONTABEIS,11,54050903,0,0,NANEFM@GMAIL.COM,,,
48955458000120,,11,98519255,11,56058369,CONTATO@CONTALIC.COM.BR,,,
48988684000108,AURUM RESSOLLI ASSESSORIA CONTABIL LTDA,11,98868595,,,ADM@AURUMRESSOLLI.COM.BR,,,
49042235000135,,11,83930219,0,0,GUILHERME.NT@GMAIL.COM,,,
49083646000179,ABN CONTABILIDADE & ASSESSORIA,11,80614257,,,ANGELAANICETO@YAHOO.COM.BR,,,
49200676000118,,11,85587734,0,0,CASSIAMEIRELES68@GMAIL.COM,,,
49214552000191,,11,73229595,0,0,RMALLIANO@GMAIL.COM,,,
49257438000149,CENTRALIS CONTABILIDADE,11,96613137,0,0,JOTABRIGIDA@GMAIL.COM,,,
49204314000103,AMCF CONTABILIDADE,11,84156445,,,ADRIANA.CONTABIL23@GMAIL.COM,,,
49438116000104,EOS CONTABILIDADE,11,40454038,0,0,EVERALDO@EOSCONTABILIDADE.COM.BR,,,
49646518000196,EAGLE CONSULTORIA,11,48087713,0,0,IARA.NCORREIA@GMAIL.COM,,,
49558508000107,CONSUL FISC,11,28871000,,,CONTADOR@CONSULFISC.COM.BR,,,
49737223000125,PRESTCERT CONTABILIDADE,11,85299628,,,MARCELO.MARQUES@PRESTCERT.COM.BR,,,
49748927000101,,11,40309824,,,RENIVANCRUZ@HOTMAIL.COM,,,
49769820000131,KC ASSESSORIA CONTABIL E FINANCEIRA,11,32822477,11,51073613,KARINA@KCCONTABILIDADE.COM.BR,,,
49831650000178,N L CONTABILIDADE,11,71481358,0,0,N.L.CONTABILIDADE09@GMAIL.COM,,,
49893108000140,R+ SOLUCOES CONTABEIS,11,47324169,0,0,RODRIGO.REIS@RMAISCONTABEIS.COM.BR,,,
49926432000117,CONTALUCY,11,77366917,,,FISCAL@CONTALUCY.COM.BR,,,
50001273000129,AXIA CONTABILIDADE DIGITAL,11,88644130,,,RAPHAEL@AXIACONTABILIDADEDIGITAL.COM.BR,,,
50028514000123,,11,38169856,,,PARALEGAL@CONTHABILIE.COM.BR,,,
50068793000159,,11,30987474,,,CONTABIL@X3BRAZIL.COM,,,
50305620000107,C.A.C,11,54433610,,,CORREIAEMPRESARIAL@BOL.COM.BR,,,
50431859000123,J2K CONTABILIDADE,11,87146620,0,0,KAMILA.CORDEIRO@J2KCONTABILIDADE.COM.BR,,,
50473980000118,GRUPO DOK TECH,11,48651106,0,0,DOKTECH.CONSULTORIA@OUTLOOK.COM.0002,,,
50478038000142,,11,49015839,,,RODRIGO.DASILVA11@OUTLOOK.COM,,,
50543003000140,BSS,11,56022123,0,0,BRUSOPRANI@GMAIL.COM,,,
50829197000144,AYF ADVISORY SERVICES,11,74730397,,,ALEXANDRE.FUJIMOTO@GMAIL.COM,,,
50946320000107,,11,54119179,,,EVANDRONAVAS91@GMAIL.COM,,,
51036015000140,,11,20904570,,,ATENDIMENTO@MFCO.COM.BR,,,
51151847000108,MALDONADO ASSESSORIA CONTABIL,11,20974712,,,ELFE.MALDONADO@GMAIL.COM,,,
51449449000172,SINCRO CONSULTORIA & ASSESSORIA CONTABIL,11,84442074,,,AALEXANDRA.F.G@GMAIL.COM,,,
51677603000163,CONTABILIDADE - CRISTHIAN CAVERO,11,41142742,,,CONTABILCRISS@HOTMAIL.COM,,,
51095456000113,,11,29424000,,,THIAGO.THIMOTEO@LUCRARECONTABILIDADE.COM.BR,,,
51837764000177,YLDARK ASSESSORIA CONTABIL,11,47315134,0,0,ILDARKBARBOSA@GMAIL.COM,,,
49960120000120,A2GH ASSESSORIA E CONTABILIDADE,11,88352089,,,CONTAB@A2GHCONTABILIDADE.COM.BR,,,
52174583000170,GEANELLI CONTABIL,11,26464892,0,0,CONTATO@GEANELLICONTABIL.COM.BR,,,
52182687000127,RAPI CONTABIL,11,47237491,0,0,ELIOMARTINSROSA@HOTMAIL.COM,,,
52309306000128,CAMPOS LIMA CONSULTING,11,87008944,0,0,CAMPOSLIMAADV@OUTLOOK.COM,,,
51620498000126,GIOSAMA,11,97396275,0,0,GIOVANAM@BR.IBM.COM,,,
52351348000127,,11,40448730,,,J.ALINEALVES@OUTLOOK.COM,,,
52463005000154,LIBRA CONTABILIDADE,11,96329030,,,LIBRA.CONTABILIDADEDIGITAL@GMAIL.COM,,,
52496546000189,PLANNER ACCOUNTING ASSESSORIA CONTABIL,11,32621941,,,ANTONIO.FELIPE@PLANNERACCOUNTING.COM.BR,,,
52680542000156,CITINO CONTABILIDADE,11,96588425,0,0,PAULOCITINOSTER@GMAIL.COM,,,
52715520000184,JF IMPERIAL ASSESSORIA E CONTABILIDADE,13,81794190,0,0,JOHNNY.CON@HOTMAIL.COM,,,
52749262000157,VCF ONLINE CONTABILIDADE DIGITAL,11,83983118,0,0,FISCAL@VALORCONTABILFISCAL.COM.BR,,,
52797980000107,,11,82457231,,,UNIVERSOCONTABIL2023@GMAIL.COM,,,
52852979000120,LV CONTABILIDADE LTDA,11,54823694,,,LEANDRO@PONTTUAL.COM.BR,,,
52871017000118,,11,73916238,11,26022600,FABRICIO.VAROLO@PRONE.COM.BR,,,
53075440000174,COLEVE CONTABILIDADE,11,81223515,0,0,LUISMAR.SANTOS@GMAIL.COM,,,
53137711000179,,11,59890161,0,0,SPEKITRA@YAHOO.COM.BR,,,
53266242000198,,11,16515538,,,CONTABILIDADECSASILVA@GMAIL.COM,,,
53288869000140,BWA GLOBAL,84,32046500,,,DTE@BWA.GLOBAL,,,
53376004000135,KAPRI CONTABILIDADE DIGITAL E TRADICIONAL,11,83730924,0,0,KALEU.ALVES@KAPRICONTABILIDADE.COM.BR,,,
53449451000177,,11,91192488,,,JALMEIDA@EMELOCONTABIL.COM.BR,,,
53462266000112,E W D SANTOS CONTABILIDADE E ASSESSORIA,11,84882833,,,SANTOSEDILSON2013@BOL.COM.BR,,,
53344469000104,RR SERVICOS ADMINISTRATIVOS,11,80146476,,,RODRIGO.AGUIARRODRIGUES@GMAIL.COM,,,
53552653000140,GLOBALCONT,11,25748082,,,EDNA.ARAUJO@UNICONTSP.COM.BR,,,
53619577000142,CONDUTA SOLUCOES CONTABEIS,11,58406942,0,0,AILTON.BINA007@HOTMAIL.COM,,,
53698835000123,,11,32772393,,,DANIELA@DVASSCONT.COM.BR,,,
53778535000154,BRASNIPPON,11,31116316,,,BRANIPPON@BRASNIPPON.COM.BR,,,
53808847000163,ICONE CONTABIL,11,83867039,,,JMCCOSTA2@GMAIL.COM,,,
53809699000100,,11,98110657,0,0,PAULA.SARTINI@GMAIL.COM,,,
53969160000100,C&S EASY,11,33297180,,,WAGNER@CESGROUP.COM.BR,,,
53988792000110,HB7 CONTABILIDADE,11,86866334,,,EVANDROMORAIS1977@GMAIL.COM,,,
54194161000192,JRTONETTI CONTABILIDADE,11,22031599,,,JTONETTI@GMAIL.COM,,,
54195643000167,,11,95358687,11,20556531,ROMARISASSESSORIA@GMAIL.COM,,,
6125872000243,,21,25688240,21,25687109,CONTATO@OBJETIVACONTABILBRASIL.COM.BR,,,
54281673000196,ASSESSORIA CONTABIL PAULISTA,11,54948650,,,ATENDIMENTO@CONTABILIDADEACP.COM,,,
54290182000101,Q7,11,28724498,,,SOCIETARIO@Q7CONSULTORIA.COM.BR,,,
54290781000125,ABAX SAO PAULO,85,30513923,85,92186076,ABAX@ABAXCONSULTORIA.COM,,,
54355008000108,,11,22422101,,,ANDREELAN1@GMAIL.COM,,,
54372391000102,NUCLEO FISCAL,11,50461616,,,ALEXANDRE.RODRIGUES@NUCLEOFISCAL.COM.BR,,,
54535917000110,GTW CONTABILIDADE DIGITAL,11,98065443,,,GTWCONTABILIDADE@GMAIL.COM,,,
54613170000170,LA'EL CONTABILIDADE,11,85381704,,,ANDREZAZUZA.ADM@GMAIL.COM,,,
54620488000189,AP TWO CONSULTING CONTABILIDADE LTDA,11,99990000,,,CONTABILIDADE@APTWO.COM.BR,,,
54697199000188,SS CONTABILIDADE DIGITAL,11,99067338,,,SILMARACONTABILDIGITAL@GMAIL.COM,,,
54751365000187,A&A ASSESSORIA E CONSULTORIA ESPECIALIZADA,11,92619145,,,CONTATO@AEAEMPRESARIAL.COM,,,
54753747000140,,11,87257878,,,ACZANQUETA@YAHOO.COM.BR,,,
54788927000167,DELREI CONTABILIDADE,11,27464014,,,LEGALIZACAO@DELREICONTABILIDADE.COM.BR,,,
54859465000121,TECHBIZ,11,30109050,,,TECHIZ@TECHBIZ.COM,,,
54867888000193,RIBEIRO & NASCIMENTO CONTABILIDADE,11,87696963,0,0,ONESIOR10@GMAIL.COM,,,
55053756000190,LUCA CONSULTORIA & ASSESSORIA CONTABIL,11,65653939,0,0,LEOGDO@GMAIL.COM,,,
55196191000109,MUTTARE ORGANIZACAO EMPRESARIAL,11,26218546,,,JACQUELINE.SANTOS25@HOTMAIL.COM,,,
55263731000111,,11,20535789,,,BPOEFICAZ@BPOEFICAZ.COM.BR,,,
55332446000105,VINICIUS ROQUE RAMALHO,11,75288205,,,VINICIUSRAMALHO.CONTADOR@GMAIL.COM,,,
53991457000171,NOVELLO'S CONTABILIDADE,11,67660909,0,0,SERGIO.NOVELLO@UOL.COM.BR,,,
55372089000109,,11,89164576,,,DAVIDSONCONTADOR@YAHOO.COM.BR,,,
55417904000109,WISDOM SOLUCOES CONTABEIS,11,69108616,,,ATMICO.SOLUCOES@GMAIL.COM,,,
55455168000183,TAMANDARE CONTABILIDADE,11,70476604,0,0,RUBENSOOLIVEIRA06@GMAIL.COM,,,
55510904000159,,11,84983893,,,EMDIAASSCONTABIL@GMAIL.COM,,,
55652306000114,MARTINS CONTABILIDADE,91,92703905,,,ROBSONSOUZANASCIMENTO7654@GMAIL.COM,,,
55755374000109,MR RIOS CONTABILIDADE,11,57281293,0,0,MARCOSRA.RIOS@GMAIL.COM,,,
49132950000240,CONSULFIS CONTABILIDADE FAZ BEM,71,30521011,,,PROCURADORIA@CONSULFIS.COM.BR,,,
55886496000134,SR CONTABIL,11,91441593,0,0,SIMPLICIOR82@GMAIL.COM,,,
56081341000193,,11,81090798,,,CONTABILDCI@GMAIL.COM,,,
56210952000194,KG MENDES CONTABIL,11,96740362,0,0,CONTABIL.KGMENDES@GMAIL.COM,,,
56345489000198,,11,39988486,,,ATENDIMENTO@RSALES.COM.BR,,,
52495848000132,,11,66855865,,,CONTATO@CONTACIVIL.COM.BR,,,
56875998000122,,11,68374244,0,0,ISAIAS@TEMPUS.CNT.BR,,,
56909829000166,MANY SMART,11,47667232,0,0,ALEX.TRIBUTARIO@HOTMAIL.COM,,,
57024303000161,NEXUS CONTABILIDADE DIGITAL,11,40219921,,,NEXUS@NEXUS.COM.BR,,,
57073668000186,,11,10465863,,,CONTABILIDADE@GOMESECORCOVADO.COM.BR,,,
57160072000113,TAXCIZE CONTABILIDADE,11,19982983,,,ATENDIMENTO@TAXCIZE.COM.BR,,,
57227064000147,CONTAUTO,82,96060105,,,CONTATO@CONTRATOCONSULTORIA.COM.BR,,,
57322423000145,VEGA ASSESSORIA E CONSULTORIA,11,89343265,0,0,VEGA@GMAIL.COM,,,
57378684000187,,11,85128006,0,0,JAQ.ALCANTARA@GMAIL.COM,,,
57419231000151,SMART ENTRY ACCOUNTING SP,11,72200405,,,CONTATO@SMARTENTRY.COM.BR,,,
57660921000106,CONTINENTAL SERVICOS LTDA,11,67578502,0,0,CONTINENTALFAMILIA@GMAIL.COM,,,
57813863000103,ILUMINI CONSULTORIA E INTELIGENCIA CONTABIL,11,50782055,,,LUMINI.SOCIETARIO@LUMINICONTABIL.COM.BR,,,
58048399000160,SANYS CONTABIL,11,86033394,11,29393539,JOSEROBERTO.SANYS@GMAIL.COM,,,
58074475000102,,11,50814800,,,ADILSON@CONTABS.COM.BR,,,
58078105000143,GODIAS (SOLUCOES DE PAGAMENTOS LTDA),11,52820590,0,0,GOMESDIASVAN@GMAIL.COM,,,
58137717000160,,11,55662875,,,CJARAUJO@TMNI.COM.BR,,,
58192441000112,,11,84025520,,,TCAMINOTTO79@GMAIL.COM,,,
58250392000127,,11,99999999,,,ELOISE_DINIZ@HOTMAIL.COM,,,
58347243000180,COMPASS FULL SERVICE,11,96671478,0,0,MAICONFELIX14@YAHOO.COM,,,
58431824000104,COSTA CONTABILIDADE,61,92211882,0,0,DIENEJESUS543@GMAIL.COM,,,
58462918000132,AKI-ON,11,42780888,,,ADM@AKION.COM.BR,,,
58568657000130,,11,52784427,0,0,NAYARA@VISTACONSULTORIACONTABIL.COM.BR,,,
58578486000120,CONTABIL MF,11,45265790,,,MF.SOL.EMPRESARIAIS@GMAIL.COM,,,
58692835000130,,11,41121921,11,80437376,AMS.PARALEGALCONT@GMAIL.COM,,,
58775114000193,RANU SERVICOS DE CONTABILIDADE,11,84774625,11,84774625,LUIZRANU@GMAIL.COM,,,
58906951000104,MISSAO TRIBUTARIA,11,78269899,,,REBERTTMISSAO@HOTMAIL.COM,,,
59086569000164,RUFINOS CONTABILIDADE,11,82379308,11,42689030,RUFINOSCONTABIL@GMAIL.COM,,,
45521456000135,,11,44453491,,,BOB1.CARLOS@BOL.COM.BR,,,
59441801000135,,11,82828938,,,MARCIA.SS@CETENCO.COM.BR,,,
59605511000180,,11,39178828,,,PROJEC-TAR@HOTMAIL.COM,,,
59641264000177,,11,78297469,,,ROB.ABRAHAO@GMAIL.COM,,,
59646142000173,,11,32418990,,,ADM@COMPTABILITE.COM.BR,,,
59772494000175,FV CONTABILIDADE E CONSULTORIA LTDA,11,82369906,,,CONTABILIDADEFABIANAVALE@GMAIL.COM,,,
56383387000167,,11,47341572,,,CONTATO@CONTGROUP.COM.BR,,,
59905520000196,,11,83064135,,,ALCANTARA_FABIO@MSN.COM,,,
59930367000157,,11,50800880,,,PARALEGAL.AURIUS@AURIUSCORPORATE.COM,,,
59952698000198,,11,89822501,,,CLARISSA_MORETE@HOTMAIL.COM,,,
59962718000101,NT-CORPORATE,11,11111111,,,EDUARDO200781@OUTLOOK.COM,,,
59978137000168,,11,98597426,,,OLIVEIRA.RDG@HOTMAIL.COM,,,
60084260000114,ALFA & OMEGA,11,31013336,,,VICTORINOJRALCIDES@GMAIL.COM,,,
60104819000120,ANDREO CONTABIL E AUDITORES,11,26458722,,,DIRETORIA@ANDREOCONTABIL.COM.BR,,,
60284982000112,CONTZ ASSESSORIA CONTABIL,11,32122638,,,ASSESSORIA.CZULMIRA@GMAIL.COM,,,
60407054000106,CONTABILBENS,11,93567162,,,CONTABILBENS@GMAIL.COM,,,
43961587000108,VIEIRA & FELIX CONTABILIDADE,11,40619473,,,CONTATO@VIEIRAFELIXCONTABILIDADE.COM.BR,,,
60672916000110,RIBEIRO PERICIAS CONTABEIS E CONSULTORIA LTDA,11,83243892,,,RIBEIROPERICIAS@OUTLOOK.COM,,,
60750057000130,CONTAE,11,41098290,,,CONTAECONTABILIDADE@GMAIL.COM,,,
60832715000132,,11,36160622,11,74977781,LEANCONTSP@GMAIL.COM,,,
60929930000156,ANTONIO RIBEIRO CONSULTORIA CONTABIL,11,38544000,,,SOCIETARIO@CONTABILIDADE.COM,,,
61060384000122,CONTABIL ED,11,23896232,11,45713436,EDJANE@CONTABILED.COM.BR,,,
61088245000107,,11,59603886,,,BEATRIZDOSREISNUNO@GMAIL.COM,,,
61230444000108,LTM CONTABIL,11,61982618,,,CONTATO@LTMCONTABIL.COM.BR,,,
61346954000145,,31,32443100,,,SENHAS@PREVISA.COM.BR,,,
61424227000159,,11,22556033,,,EBERTON.GENARO@GMAIL.COM,,,
61676520000103,,11,47968775,,,PIXOASSESSORIA@GMAIL.COM,,,
34367385000222,MCS MARKUP AUDITORES E CONTADORES,11,22297898,,,CONTATO@MCSMARKUP.COM.BR,,,
61846098000197,YOO2 CONTABILIDADE FACILITADA LTDA,11,59170996,,,CONTABILIDADEFACILITADAYOO2@GMAIL.COM,,,
61856178000123,DAX CONTABILIDADE,11,75858814,,,ATENDIMENTO@DAXCONTABILIDADE.COM.BR,,,
61870095000199,R2K CONTABILIDADE & BPO FINANCEIRO,11,52367346,,,R2KASSESSORIA.CONSULTORIA@GMAIL.COM,,,
61891227000169,,11,25460003,,,ACCESSTIR.CNT@TERRA.COM.BR,,,
61908227000124,FISCALCONT CONTABILIDADE,11,31150127,,,GERENTEGERAL@GRUPOPERES.COM.BR,,,
50686490000108,ARB CONSULTORIA EMPRESARIAL,11,99153144,0,0,ANTONIO.BENEDITO9@GMAIL.COM,,,
62104379000137,NTW SP CONTABILISTAS ASSOCIADOS,77,99971841,,,ADILTONSG@GMAIL.COM,,,
62264103000116,,11,93324554,,,CONTATO@CAPITALYCONSULTORIA.COM,,,
62542293000196,12 CONTABILIDADE EMPRESARIAL,11,85592018,,,HENRIQUEZANITI@GMAIL.COM,,,
62318794000193,RAIZ ACCOUNTING & BUSINESS SOLUTIONS,11,95713495,11,95713495,ROBERTA.FERNANDES079@GMAIL.COM,,,
62648149000139,,11,32730939,,,RPFCONTABILIDADE@YAHOO.COM.BR,,,
62800589000160,CLEMAR CONTABILIDADE,11,96172160,11,26427044,CLEIDEMARIAC@UOL.COM.BR,,,
62847605000170,,11,10000000,,0,LUZGUILHERMEA@GMAIL.COM,,,
62849208000137,SP CONTABILIDADE,11,87646196,,,MARCELCARLISSILVA@GMAIL.COM,,,
63052038000128,MAFFIA & ALVES CONTABILIDADE,11,24952873,,,CONTATO@MAFFIAEALVES.COM.BR,,,
63060839000135,ALIGNIO,11,91588556,,,ED.AQUINO@ALIGNIO.TECH,,,
63167849000174,SHE SOLVES CONSULTORIA DE NEGOCIOS,11,56381355,,,ATENDIMENTO@SHESOLVES.COM.BR,,,
63195860000148,,11,38057955,,,ANDRE@ARFIGUEIREDO.COM.BR,,,
63287925000185,SARAH MAIA CONSULTORIA E PERICIA,31,95060561,,,SARAH.G.MAIA@GMAIL.COM,,,
63410547000185,,11,76856165,11,76856165,DINIZ90@GMAIL.COM,,,
63429298000170,MACRUZ MASSIH CONSULTORIA E CONTABILIDADE,11,71752655,,,MASSIHRENATA@GMAIL.COM,,,
20951799000290,,11,34284144,,,CONTATO@DRECONTABIL.COM.BR,,,
64183725000145,CONTABILIZOU +,69,99183748,,,LEGALIZACAO@MAXCONTABILIDADE.COM.BR,,,
64399169000149,,11,54492176,11,54492176,MONIQUELSADM@GMAIL.COM,,,
64472233000170,ARIS CONTABIL,11,40444741,,,THAMIRES@ARISCONTABIL.COM.BR,,,
64488159000180,LINERCONT CONTABILIDADE,11,18708727,,,WESLLEY.LIMA.OLIVEIRA@HOTMAIL.COM,,,
64508489000190,IMPACTO CONTABIL ASSESSORIA E CONSULTORIA,11,0,11,43940069,B.SIQUEIRACONTABIL@GMAIL.COM,,,
64517510000113,LEO ABDO GESTAO EMPRESARIAL,11,94350597,11,94350597,LEONARDO_ABDO@HOTMAIL.COM,,,
64573936000194,,11,61673438,,,SIDNEYSANTANA.CONTABIL@GMAIL.COM,,,
64660303000113,,11,32464984,,,RODRIGUES.EDUARDOF@GMAIL.COM,,,
64750017000149,KDIASS CONTABILIDADE,11,72904134,,,KDIASS.CONTABILIDADE@GMAIL.COM,,,
64796526000102,,11,50892600,,,FRANCISCO.LANDIM@CADIS.COM.BR,,,
64800276000137,,11,50800880,,,CORPORATE@AURIUSCORPORATE.COM,,,
64845189000104,AN PRIME CONTABIL,11,68924254,11,68924254,ANA.NASCIMENTO0424@GMAIL.COM,,,
64849915000159,MARCIO DE OLIVEIRA CONTABILIDADE,11,47643502,,,MARCIODEOLIVEIRAAZ@GMAIL.COM,,,
64874080000197,GSCONTABILIDADE,11,41029686,,,GABRIEL.SILVA.CAVALCANTI97@GMAIL.COM,,,
65129648000108,CONTABILIDADE RODRIGUES CONTI,11,17876440,,,CONTABILIDADERODRIGUESCONTI@GMAIL.COM,,,
65199134000129,SJB CONSULTORIA E ACESSORIA,11,38920063,,,SJBCONSULTORIA@GMAIL.COM,,,
65212634000153,,11,87667157,,,HIGINOCONTADOR@GMAIL.COM,,,
65292739000160,CONTABILIDADE ZION,11,58192979,11,58192979,VIVIMELO82@OUTLOOK.COM,,,
65303897000178,PIVA & FERNANDES CONTABILIDADE DIGITAL,11,76364752,,,CONTATO@PIVAEFERNANDES.COM.BR,,,
65351548000121,SX CONSULTORIA CONTABIL,75,83475782,,,SXMOFICIAL@HOTMAIL.COM,,,
65491357000165,ENI DA SILVA CONTABILIDADE,11,54907316,,,FERARO52@GMAIL.COM,,,
65726516000163,,11,96417670,,,LUIZPEGORARO@ICLOUD.COM,,,
65878491000113,KAIROS CONTABILIDADE,11,21070711,,,KAIROSCONTABILIDADELTDA@GMAIL.COM,,,
65886621000160,MADE SERVICOS CONTABEIS,11,96449158,,,MAUROBUENO@MADECONSULTORIA.COM.BR,,,
66300696000180,,11,32312759,,,SOCIETARIO@THGCONSULT.COM.BR,,,
9339494000299,,11,55242877,,,NCSISTEMA@NCSISTEMA.COM.BR,,,
66351947000155,,11,45026635,,,LEME.ANDRE@HOTMAIL.COM,,,
66474795000188,IWAI & MASSUNO ASSESSORIA CONTABIL,11,36611887,,,CONTATO@IMCONTAB.COM.BR,,,
66768457000159,ELIZABETH MARTINS PERICIA CONTABIL,11,16651230,,,ELIZABETHPERICIAS@GMAIL.COM,,,
66801020000170,GUEBLY CONTABIL,11,91600907,,,CONTATO@GUEBLY.COM.BR,,,
66928180000184,DE LAIA COSTA SERVICOS CONTABEIS LTDA,11,60835461,,,JCARNEIROLAIA@GMAIL.COM,,,
67001827000190,,11,99846880,,,RC.ZANCAN@GMAIL.COM,,,
67707126000171,,11,25190998,,,PERITUMADVISORY@GMAIL.COM,,,
67734728000118,,11,49393877,11,49393877,PALOMA3_SLV@OUTLOOK.COM,,,
67754006000125,DOURADO SOLUCOES CONTABEIS,71,99519177,,,PEDROHN.DOURADO@GMAIL.COM,,,
67828768000129,NEXIO,92,84458792,92,84458792,RAMON@RQCONTABILIDADE.COM.BR,,,
67973907000108,RR&M,11,93088177,11,93088177,RODRIGUES_RENATO@OUTLOOK.COM,,,
67978283000111,JULIANA BARBOSA CANGUSSU DA FONSECA,11,21212831,11,11111111,NMCBCONTABILIDADE@GMAIL.COM,,,
67996059000152,,11,79634303,,,BRCONSULTORIAESOLUCOES@GMAIL.COM,,,
67999989000160,DGB CONTABILIDADE,11,91415560,,,DANILOGBOR@GMAIL.COM,,,
63445570000105,INFINITE,62,32552255,,,NAOTEM@GMAIL.COM,,,
68149914000152,TRAMA CONTABIL,11,99532352,,,GABRIEL@TRAMA.AC,,,
68154609000159,,11,80999603,11,80999603,TPSOLUCOESCONTABEIS@HOTMAIL.COM,,,
68172356000146,MPG SERVICOS CONTABEIS,11,47492467,,,MPGCONTABILIDADE@GMAIL.COM,,,
68305244000116,JB2 SOLUTIONS,11,77673220,11,85763220,JACKSON@JB2.COM.BR,,,
68331077000188,,11,29152900,,,CONTABIL.ESTRELLA@OUTLOOK.COM,,,
68439417000199,,11,0,11,79839933,LO.MELLITO@GMAIL.COM,,,
68457294000119,,11,91893503,,,MAURICIO.BRAZ@GMAIL.COM,,,
1672549000195,,11,32290982,11,32280185,MARTA@ALVESAVELAR.COM.BR,,,
3338765000124,GMG ORGANIZACAO E ASSESSORIA CONTABIL,11,22361882,,,MARIA.REGOS@GMGASSESSORIA.COM,,,
3355343000167,FREITAS DE OLIVEIRA,11,37982085,,,IZABEL@FREITASCONTABIL.COM.BR,,,
1712112000138,ORION SOLUCOES CONTABEIS,11,22158744,,,ORION@ORIONSC.COM.BR,,,
5018125000162,,11,34441842,,,,,,
92594000108,SEMAC,11,20638777,,,ROBERTO@SEMACCONTABILIDADE.COM.BR,,,
3426389000120,,11,29355816,,,JOAO@PLATE.COM.BR,,,
154574000114,ART'S CONTABIL,11,22833283,11,29734287,artscon@terra.com.br,,,
198870000117,,,,,,,,,
5246717000131,,,,,,,,,
3586227000159,03.586.227/0001-59,11,55873775,,,VALTER.MACEDO@SOMESOLUCOESCONTABEIS.COM.BR,,,
96399340000106,,11,95489536,11,54895367,ADM.NEWSCONSTRUTORA16@MAIL.COM,,,
333205000199,,11,36216582,,,KOZA@CVN.COM.BR,,,
96512850000148,,,,,,,,,
96534425000150,,11,56668656,11,56672088,KGP@KGP.COM.BR,,,
5311957000172,OCM7 ORGANIZACAO CONTABIL MARQUES,11,22273300,,,OCM7@OCM7.COM.BR,,,
3662547000140,MMC - MARCELO MEDEIROS CONSULTORIA,11,39267292,11,39267291,MMC@MMCCONSULTORES.COM.BR,,,
1990130000181,MERCANTIL,,,,,,,,
398269000178,,,,,,,,,
3730093000106,IRPE,11,35894011,,,IVAMRP@IRPE.COM.BR,,,
2076521000158,DOMINIO,,,,,,,,
5442427000163,,11,61636495,,,,,,
2084847000127,LOGICA,11,33758008,11,36450971,logicacon@uol.com.br,,,
473509000151,ECONAP,,,,,,,,
3846838000199,,11,22311227,,,AC.NAVAS@PPC.COM.BR,,,
2186892000192,LUIZ RODRIGUES,11,55890408,,,CONTATO@LRASSESSORIACONTABIL.COM.BR,,,
3885788000159,,11,56415202,,,,,,
2196362000125,GBE PERITOS,11,23611949,,,pomacg@uol.com.br,,,
2201238000100,EDMAR ASSESSORIA CONTABIL LTDA,11,50845906,,,MARCELO@EDMARCONTABILIDADE.COM.BR,,,
5562644000197,MD - CONTABIL,11,20810545,11,20811711,mdcontabil@mdcontabil.com.br,,,
596319000121,CAYRO CONTABILIDADE E ASSUNTOS FISCAIS,11,38515619,11,38510962,cayro@terra.com.br,,,
5574524000100,FIDE,11,32533883,,,MARCOS@FIDECONTABIL.COM.BR,,,
3929915000174,,11,38249709,,,EPACO@EPACO.COM.BR,,,
3942411000194,,11,32274746,11,33119330,ANDRE@AFCCONTABIL.COM.BR,,,
2251118000118,,11,55944446,,,HUMBERTO@OGATA.COM.BR,,,
3955354000188,,11,23310025,11,28374449,WILSON@ASPERCONT.COM.BR,,,
656539000101,,,,,,,,,
660982000148,,11,32931415,11,32931415,martcont@terra.com.br,,,
5649615000167,INDUSTRIA CONTABIL,11,23643306,,,ATENDIMENTO@RAL-ME.COM,,,
5651790000199,PHM - SERVICOS EMPRESARIAIS,11,27254066,,,SOCIETARIO@GRS3.COM.BR,,,
2297473000128,,11,33117420,,,,,,
682192000163,,11,37293457,,,MJOSEDINIZ@YAHOO.COM.BR,,,
5683439000180,,11,73727607,,,,,,
4051949000171,EDP-CONT,11,29530350,,,EDPCONT@TERRA.COM.BR,,,
2394888000110,,11,22131637,11,23011559,JBERTELLI@HUNICON.COM.BR,,,
5775107000125,,11,26022600,,,prone@prone.com.br,,,
810787000157,,11,58735464,,,SLCONTABIL@TERRA.COM.BR,,,
4148594000133,VEDO,,,,,,,,
4193404000108,FIEL,11,39013437,,,FIELASSESSORIA@UOL.COM.BR,,,
880327000103,,,,,,,,,
895720000162,BUSINESS HOUSE,11,41857750,,,valter@escon.com.br,,,
2524707000122,SKL ASSESSORIA CONTABIL,11,50332810,,,ANDRE@SKLCONTABIL.COM.BR,,,
5901859000195,LUCK,11,32310704,,,,,,
902219000186,ORGANIZE CONSULTORIA EMPRESARIAL,11,69113386,11,62119837,ORGANIZE@TERRA.COM.BR,,,
946096000185,SAN-PROCED,,,,,,,,
952573000115,,11,31515063,11,51595060,wagner@kanamaroelucas.com.br,,,
5997491000100,,11,37986211,11,62926211,m.colacicco@terra.com.br,,,
6060591000179,ATIVO CERTO,11,25077811,,,CONTATO@ATIVOCERTOCONTABIL.COM.BR,,,
6105561000131,C&S CONTABILIDADE,11,56215474,11,56214069,CONTATO@CONTABILCS.COM.BR,,,
2704249000103,SIMPLES,11,55212998,,,ADM@SIMPLESCONTABIL.COM,,,
55167035000101,,,,,,,,,
1109629000137,UNISERV,11,51023800,11,51023793,JOSNEY.UNITS@UAC.COM.BR,,,
2764772000125,CONTABILITAT,11,69591344,,,,,,
73576308000153,,,,,,,,,
4527999000182,PROFISSIONAL OFFICE ASSESSORIA E CONTABILIDADE,11,32001119,,,CONTATO@PROFISSIONALOFFICE.COM.BR,,,
55942791000160,,,,,,,,,
56088636000191,,,,,,,,,
1192627000154,,,,,,,,,
74077199000192,ADSYSTEM,11,29149922,,,ADSYSTEM@TERRA.COM.BR,,,
74146085000157,,11,55656566,,,CONTADOR@CONTATO.COM,,,
56464589000133,,11,21474174,,,souza.tec@terra.com.br,,,
6267903000110,CONTROLLER CONSULTING,11,40541510,,,CONTROLLER@CONTROLLERCONSULTING.COM.BR,,,
56578677000166,PROCONTAS,11,55614258,,,PROCONTAS@PRROCONTAS.COM.BR,,,
6279253000122,ALIANCA ASSESSORIA CONTABIL,11,25696472,,,ALIASCONTABIL@TERRA.COM.BR,,,
1237936000101,,11,36726953,11,73479921,contabil@ajmconstrutora.com.br,,,
2857544000108,,11,50630023,11,50630023,CRISTINO@CKNCONSULTORIA.COM.BR,,,
2877747000158,,,,,,,,,
2886640000176,PAIM CONSULTORIA,11,30341610,11,30341213,,,,
4649467000118,,11,20981468,,,BURATIEROPERICIAS@UOL.COM.BR,,,
6334902000140,,11,55336911,,,LEGAL@N2K.COM.BR,,,
57121956000169,,,,,,,,,
6340185000160,BR CONTABILIDADE & ASSESSORIA FISCAL,11,39650011,11,94965380,PIERRE.B.RODRIGUES@GMAIL.COM,,,
6823620000107,S.C.P.S CONSULTORIA EM GESTAO EMPRESARIAL,11,27532839,,,SCPS_CONSULTORIACONTABIL@HOTMAIL.COM,,,
2934080000188,,11,93198885,,,,,,
6866257000107,,0,0,,,ANDREAMADARAS@HOTMAIL.COM,,,
6866660000136,NUNES ASSESSORIA,11,58441378,,,CONTATO@NUNESVIRTUAL.COM.BR,,,
57650525000190,,,,,,,,,
57754616000175,,11,36721754,11,36730137,REDITO@REDITOCONT.COM.BR,,,
57862245000145,,,,,,,,,
58007915000109,,11,25072918,11,25072918,orgleste@terra.com.br,,,
38889671000128,,11,33264177,11,33264178,AMAKAN@AMAKAN.COM.BR,,,
4755444000198,,11,31496558,,,PARALEGAL@EQUACAOCONTABIL.COM.BR,,,
4782005000174,,11,33330661,,,MASTERYCONTABIL@UOL.COM.BR,,,
58412586000181,,11,27968517,,,CONTABILMARINI@GMAIL.COM,,,
58417056000126,,11,29031151,,,ABERTURA@VBNNET.COM.BR,,,
6963450000166,,11,66848435,,,,,,
58495375000150,,,,,,,,,
6981271000151,TALCEC,11,43566875,,,CONTATO@TALCEC.COM.BR,,,
6987615000130,M TENDOLINI CONSULTORIA CONTABIL LTDA.,11,55058544,,,MTENDOLINI@MTENDOLINI.COM.BR,,,
6992264000155,GILMAC,11,55119521,,,g.mac@terra.com.br,,,
7019256000190,,11,39386810,,,joao.gutierrez@premierpet.com.br,,,
3067021000112,NOMENCLATURA,11,8611034,,,,,,
3068306000178,CONTABILIDADE PEREIRA,11,5725455,,,,,,
4846712000187,EJE CONTABIL,11,27482806,,,CONTATO@EJECONTABIL.COM.BR,,,
4846740000102,BAILEY CONSULTORIA,11,31454800,11,31454816,fiscal@baileyacc.com.br,,,
3073195000198,,11,38249709,,,FISCAL@EPACO.COM.BR,,,
59181875000180,,,,,,,,,
59201426000156,,11,99132379,,,CONTATO.CONTABILIDADE1973@GMAIL.COM,,,
7046939000136,,11,50902020,11,50902020,EDER@DGCT.COM.BR,,,
3110881000191,,11,32722900,,,,,,
4903624000170,,11,22331832,11,22335525,ANALUCIA@GFCONTABILIDADE.COM.BR,,,
1497258000108,,11,69427853,,,NOVAREGIA@UOL.COM.BR,,,
1499719000181,,,,,,,,,
59938308000125,,11,38194493,,,contmoretti@uol.com.br,,,
3166131000131,ONITA & BELANI,11,37749213,11,37749214,JHONITA@TERRA.COM.BR,,,
60266012000194,,,,,,,,,
60410032000197,,,,,,,,,
1574296000117,,11,39737800,,,KAPYTTAL@KAPYTTAL.COM.BR,,,
1598726000130,,11,30170166,,,,,,
60848488000133,,11,23445252,,,SAC@PROGRESSOCONTABIL.COM.BR,,,
7211443000170,AF BRASIL,11,29508777,11,29508766,alefabrasil@uol.com.br,,,
61067880000108,MURADAS CONTABILIDADE,11,37313120,11,37312350,MURADAS@MURADASCONTABILIDADE.COM.BR,,,
7226992000119,,11,56317431,,,FERNANDO@GRASCON-CONT.COM.BR,,,
1628942000181,,11,55612181,11,55611746,ALLOS@ALLOSCONTABILIDADE.COM.BR,,,
3280504000109,,11,32588251,,,FISCAL@AURON.COM.BR,,,
61237418000101,ESCRITORIO SANTANA,11,30187700,,,ESCRITORIOSANTANA@ESCRITORIOSANTANA.COM.BR,,,
61246963000164,,11,22713380,,,ESCRITORIO@CSACOMAN.COM.BR,,,
61370607000158,,11,30229575,,,SILVIAMARIA@LEMMACONTABIL.COM.BR,,,
61372256000114,,11,2292705,,,,,,
61385159000166,CONTAG CONTABILIDADE,11,28020222,,,contag@contag.com.br,,,
3297575000106,,11,69501064,,,,,,
43109537000105,PLAUFIC,11,33132727,,,PLAUFIC@IG.COM.BR,,,
61566998000180,,11,33220449,11,33131273,NOBILIS@NOBILISCONT.COM.BR,,,
61607156000120,,11,30954333,,,PROCESSOS@CONSUPORT.COM.BR,,,
43351709000144,,11,25059133,,,FERNANDA.PORTELA@PGBR.NET.BR,,,
43462563000104,,11,50582239,,,tekcontabil3@uol.com.br,,,
61858486000198,,,,,,,,,
43654565000103,,11,38473500,,,,,,
61999587000189,,11,36468511,,,,,,
43797265000175,,,,,,,,,
43811355000173,,11,22749099,,,MAGNUS@MAGNUSCONTABIL.COM.BR,,,
62022405000188,,11,38163625,,,cmcontass@uol.com.br,,,
43889708000158,,,,,,,,,
44033751000180,FONTANA ESCRITORIO CONTABIL,,,,,,,,
44136224000109,,11,38364199,,,,,,
62270368000127,,,,,,,,,
62449202000172,,11,32142014,,,,,,
44613180000152,TEC CONTABILIDADE,11,26059730,11,26042005,TEC@TECCONTABILIDADE.COM.BR,,,
7349447000110,DUQUE CONTABILIDADE,11,55234311,11,51834821,CONTATO@DUQUECONTABILIDADE.COM.BR,,,
62586128000136,,,,,,,,,
62624986000128,,,,,,,,,
62712690000169,,,,,,,,,
62760426000109,ESCRITORIO YANE,11,25785001,,,,,,
62878988000143,,,,,,,,,
7389883000112,RGS CONTABIL,11,55897811,,,rgs@sti.com.br,,,
45760998000160,STAFF,,,,,,,,
45877289000160,,11,20212573,11,20212583,PRUDENCIA@UOL.COM.BR,,,
46523528000146,,11,33313181,,,extra@zylbercontabilidade.com.br,,,
46553814000154,,11,38312972,,,CONTATICA@CONTATICA-CSC.COM.BR,,,
64017502000108,,,,,,,,,
64027758000104,CLC CONTADORES ASSOCIADOS,11,55940005,,,CLCFISCO@CLCCONTADORES.COM.BR,,,
64687312000106,MAP & ASSOCIADOS - CONTABILIDADE LTDA,11,31043163,11,96174660,MTPRATES@TERRA.COM.BR,,,
64912116000180,,11,34761311,,,CCAPCONSULTORIA@UOL.COM.BR,,,
48579460000142,,,,,,,,,
65501769000139,,11,34761894,11,34761895,RCPENHA@WORKCONTEC.COM.BR,,,
65505471000105,,,,,,,,,
65508616000113,,11,25616000,11,25616001,ANDRELLI@ANDRELLI.COM.BR,,,
7871231000110,,11,84851976,,,MARCELO.VICTTOR@GMAIL.COM,,,
65695843000103,MUTINGA,11,39992484,,,mutinga@uol.com.br,,,
49077688000105,,11,32218534,11,29417661,,,,
66065731000123,,11,26924316,,,HELIO@AGATE.COM.BR,,,
49501679000191,ATIVA,,,,,,,,
49825011000108,,11,20249100,,,EMPRESAS@NORTONCONTABILIDADE.COM.BR,,,
49871791000114,,11,30521085,,,JOSE@SILVESTRIN.COM.BR,,,
49914484000173,,,,,,,,,
49922891000122,,11,22049614,11,22040114,atendimento@columbiacontabil.com.br,,,
50380005000165,,11,22011700,,,,,,
86982451000197,LR ASSESSORIA EMPRESARIAL,11,31293355,,,LRASSESSORIA@LRASSESSORIA.COM.BR,,,
67132662000196,,11,20974203,11,20937303,diretoria@agrici.com.br,,,
67137612000100,,11,50425333,,,EXIMIUM@UOL.COM.BR,,,
50593136000120,,11,38732883,,,VALTER@CAPCONTABIL.COM.BR,,,
67350017000140,,,,,,,,,
67350371000174,,11,33313122,11,33315997,arapongas@superig.com.br,,,
67640748000120,,11,50817001,,,njmconsultores@ig.com.br,,,
67836353000105,,11,33132700,,,SC@SANCHESECARVALHO.COM.BR,,,
67842674000104,,11,56313403,,,TECSENACCONT25.08@GMAIL.COM,,,
67973685000123,,,,,,,,,
68158062000160,,,,,,,,,
68483049000186,,,,,,,,,
69130698000166,,11,8359240,,,,,,
52629326000186,,11,38721957,,,andrigar@uol.com.br,,,
69261741000122,FISCOGREEN,11,66042768,11,66012274,dpessoal@fiscogreen.com.br,,,
69276772000157,,,,,,,,,
71741177000197,,11,39768518,,,detylu@uol.com.br,,,
54219779000160,,,,,,,,,
54282686000180,,11,50612824,,,,,,
73002412000134,,11,39023701,,,contratos@feconsultoria.com.br,,,
73002727000181,,11,38561598,,,RELIQUIA@RELIQUIACONTABIL.COM.BR,,,
7427514000177,CALVIELLO TERRANOVA CONTABILIDADE,11,31514414,,,CONTATO@CALVIELLOTERRANOVA.COM.BR,,,
7461952000151,AFFONSO CONTABIL,11,82966299,,,RZACARIASAFFONSO@UOL.COM.BR,,,
51745826000110,,11,33638000,,,FISCAL@JAPHER.COM.BR,,,
62582382000166,,,,,,,,,
3932148000152,ABA CONTABILIDADE,11,41411808,,,ADRIANA@ABACONTABILIDADE.COM,,,
58369257000103,,11,22725820,11,22749908,CONTABIL@CONTABILPANES.COM.BR,,,
7667238000114,CONTABILIDADE ALVORADA,11,27530189,11,27518376,CONTATO@CONTABILIDADEALVORADA.COM.BR,,,
7674470000180,QUALITY CONTABILIDADE SAO PAULO,11,37191134,11,37141273,qualitycontabil@superig.com.br,,,
7718591000186,D&C CONTABILIDADE MODULAR LTDA,11,71098881,,,INGRID@DCMODULAR.COM.BR,,,
7870455000107,,11,39433634,11,39414080,CONTATO@CHIARELLOCONTABIL.COM,,,
7885516000100,FCS CONTABILIDADE E GESTAO EMPRESARIAL,11,37747148,11,99999999,FLAVIA@FCSCONTABILIDADE.COM.BR,,,
7889476000174,,11,41751001,,,MARCOSAMOUZNHO@GMAIL.COM,,,
7996096000139,MEGLIO CONTABILIDADE DO FUTURO,11,32301503,,,FISCAL@MEGLIOCONTABIL.COM.BR,,,
2899404000194,ANDREO CONTABIL E AUDITORES,11,25245496,,,ESCRITAFISCAL@FUTURASC.COM.BR,,,
3200303000146,HFB,11,55736506,,,info@hfbcontabil.com.br,,,
3356321000111,,11,38646477,,,ATENDIMENTO@APOIOAIC.COM.BR,,,
3963321000180,A R F,11,29174253,11,29173377,arf@arfservicos.com.br,,,
4740461000151,TITANERO'S & ASSOCIADOS,11,50310652,,,titaneros@ajato.com.br,,,
4916114000137,,11,39665241,,,PORTAL2003@TERRA.COM.BR,,,
5457894000167,,11,31063020,,,INFO@CNCCONTABIL.COM.BR,,,
1326079000108,,11,37429446,11,37410176,OGP.CONSULTORIA@TERRA.COM.BR,,,
265842000175,,11,20764699,11,20764696,CONTATO@AGUIARASSOCIADOS.COM.BR,,,
73639288000112,,11,23464989,11,23464980,METACONTABILSP@HOTMAIL.COM,,,
74634890000120,,,,,,,,,
57857385000125,,,,,,,,,
3441223000182,,11,32974800,,,FGM@FGMCONTABILIDADE.COM.BR,,,
5045421000152,ADR CONTABIL,,,,,,,,
3814203000100,,11,50427500,,,LCR@LCRCONTADORES.COM.BR,,,
2699860000190,,11,2182793,,,,,,
2721786000161,TECNODOC ASSESSORIA EMPRESARIAL,11,31206746,,,tecnodoc@tecnodoc.com.br,,,
4416063000184,,11,32141778,,,JAIME@PARNASSACONSULTING.COM.BR,,,
1542120000183,,11,29491577,,,CONTABIL.VAZ@TERRA.COM.BR,,,
60662996000122,,11,32182622,,,RPUBLICAS@IRKO.COM.BR,,,
62154141000116,,11,38018578,11,38018579,RH@NILWAG.COM.BR,,,
3640983000119,UNICONTABIL ASSESSORIA EMPRESARIAL,11,56774949,,,CONTATO@UNICONTABIL.COM.BR,,,
1796610000106,,11,20212200,11,20271220,CLCONTABIL@CLCONTABIL.COM.BR,,,
1849002000112,,11,61912384,,,,,,
5319412000102,,,,,,,,,
361743000197,AGESAN CONTABIL,11,97921979,,,AGESAN_CONTABIL@TERRA.COM.BR,,,
3693128000176,CTB500 CONTABILIDADE,11,23739815,,,JRCONSULT@CTB500.COM.BR,,,
3923766000136,EASCON,11,20984673,,,SERGIO@EASCON.COM.BR,,,
5724180000178,,11,23443800,11,55066910,ANDREIA@ASACONTABIL.COM.BR,,,
789358000145,DESTAC CONTABILIDADE,11,31204898,,,DESTAC@UOL.COM.BR,,,
5780370000102,AQUINO CONTABILIDADE,11,32667146,,,ROGERIO.AQUINO@AQUINOCONTABIL.COM.BR,,,
4142391000130,,11,33850400,11,33850408,TOLEDO@CONTABILIDADETOLEDO.COM.BR,,,
824099000146,,11,27471014,11,91943104,GOMESNETO@SUPERIG.COM.BR,,,
4387905000117,,11,20904811,,,wanderley@accounty.com.br,,,
2712785000150,,11,2055517,,,,,,
6144080000135,SCS CONTABIL,11,26043081,,,LEGALIZACAO@SCSCONTABIL.COM.BR,,,
6223210000125,SC SERVICE,11,55942713,,,clc_nunes@hotmail.com,,,
1194352000198,,,,,,,,,
2906150000194,,11,58411824,,,,,,
38882296000194,,,,,,,,,
4903828000100,PS CONTABILIDADE,11,58216707,11,96791154,PSCONTABILIDADE1108@OUTLOOK.COM,,,
1496376000100,,11,41372466,,,SILVIA.ANTOCHESKI@GMAIL.COM,,,
3144413000138,,11,31501896,,,DOUTRINA@DELOITTE.COM.BR,,,
3277996000175,DATANIL INTELIGENCIA FISCAL,11,55259211,,,,,,
43212588000150,,11,5494266,,,,,,
43789742000150,,,,,,,,,
7324612000189,MATIZ ASSESSORIA CONTABIL,,,,,,,,
47233168000100,MICCONTABILIDADE,11,56875521,11,56868702,MICCONTABILIDADE@MICCONTABILIDADE.COM.BR,,,
66052804000142,,,,,,,,,
49468663000124,,,,,,,,,
50260504000119,,11,56414333,,,contfsilva@uol.com.br,,,
51579522000120,,11,37963694,11,22737011,,,,
51719219000186,,,,,,,,,
69128411000163,,11,69528611,11,69528611,,,,
52844917000176,PENA D'OURO,11,62835722,,,penadouro@uol.com.br,,,
8052889000162,BRITO CONDOMINIOS,11,37455845,11,37455846,BRITOADM@UOL.COM.BR,,,
96477153000101,,11,62415798,,,,,,
4353234000173,,11,28720953,,,oliveiraoc@uol.com.br,,,
6275669000172,3L CONSULTORIA,11,99999999,,,ANDREIA@3LCONTABILIDADE.COM.BR,,,
61605275000143,,11,38583270,,,,,,
47731450000118,,11,66715338,,,di.donato@uol.com.br,,,
7851840000107,,11,28796682,11,28796689,CONTATO@SEVILHA.COM.BR,,,
68150671000172,,,,,,,,,
52444577000196,,11,8690033,,,,,,
3882405000199,GEASC AUDITORIA,11,22723501,11,22152689,geasc@uol.com.br,,,
67354621000144,ROFEC CONTABILIDADE,11,32298540,11,33132665,OLAVO.FERREIRA@ROFEC.COM.BR,,,
3591809000123,,11,86985436,,,ADRIANA@AMPONTECONTABIL.COM.BR,,,
1930088000103,CONTABILIDADE SAO FRANCISCO,11,37182522,,,CONTATO@CONTABILSAOFRANCISCO.COM.BR,,,
5411639000183,NETO - ORGANIZACAO CONTABIL,11,56142237,,,eugenio.contador@ig.com.br,,,
4327648000128,,111,36222437,,,,,,
55639231000131,,11,20246922,,,SAC@ESCRITORIOVAVA.COM.BR,,,
1344881000120,,11,34530003,11,55728109,CONTATO@CPDCONTABIL.COM.BR,,,
4796030000107,,11,32621184,,,GOMES.MANIEZZO@HOTMAIL.COM,,,
1499551000104,,,,,,,,,
60739802000140,,,,,,,,,
61745865000171,RAGGION CONTABILIDADE,11,36753070,11,22150733,HELIO@RAGGION.COM.BR,,,
64028780000160,,,,,,,,,
48506513000103,,11,26011544,,,PLATINA@PLATINA.COM.BR,,,
50674035000184,,11,55493666,,,FISCAL@CONTABILDIRETRIZ.COM.BR,,,
67833996000197,CONTABIL TRIANGULO,11,32663751,,,CONTTRI@UOL.COM.BR,,,
52192515000134,CONTATUR,11,34745100,,,,,,
71581649000191,DAICON,,,,,,,,
7855238000148,DUXCONT,11,30345117,11,30345117,dappo@dappo.com.br,,,
8102610000108,PROCONSIST CONTABILIDADE,11,36677758,,,,,,
49475676000120,,11,62049292,,,,,,
73300691000112,,11,38712084,,,,,,
7217586000190,WALMAR CONTABILIDADE,11,25616755,,,ABERTURA@WALMARCONTABILIDADE.COM.BR,,,
43777366000184,,11,30823199,11,45623261,ACREL@ACREL.COM.BR,,,
60532785000175,,11,36487911,,,GERSON@GTCCONTABIL.COM.BR,,,
67353599000118,,11,50702700,,,ANDERSON@PAULISTANACONTABILIDADE.COM.BR,,,
5456792000127,NOVO MUNDO ASSESSORIA,11,38898966,,,NOVOMUNDO@NOVOMUNDOASSESSORIA.COM.BR,,,
7690097000150,,11,26197783,,,SELMA@DELPOZZO.COM.BR,,,
73822132000172,THE BEST,11,27964146,11,42827294,THEBESTCONTABILIDADE@GMAIL.COM,,,
69129427000190,,11,47147867,,,SANDRO@HENDI.COM.BR,,,
5627847000114,GCC SERVICOS CONTABEIS,11,47833030,,,GCC@GARRIDO.COM.BR,,,
48090062000168,,11,21389595,11,33159500,REPARTICAO@AUDIBRASCONTABIL.COM.BR,,,
67152801000143,IBS ASSESSORIA CONTABIL,11,30885242,11,30884760,IBSINOUE@HYDRA.COM.BR,,,
5563802000123,PROLOGIS CONSULTING,11,97222340,11,97222345,CONTATO@PROLOGISCONTABIL.COM.BR,,,
65435877000150,,11,27537879,,,allcont@uol.com.br,,,
49875032000120,,11,40406573,,,DALLAS@DALLAS-PS.COM,,,
8182678000144,TRANSAMERICANA ASSESSORIA CONTABIL,11,55716836,,,aguiar.a@transamericana.com.br,,,
8258661000123,OBJETIVA ASSISTENCIA CONTABIL,11,58845884,,,NOMAIL@SAFEMAIL.COM,,,
8294144000100,,11,32533222,,,LEGALIZACAO@GRUPOCONSULTAX.COM.BR,,,
8329358000174,PLANUS ASSESSORIA E CONSULTORIA EM SERVICOS CONTABEIS,11,29592436,,,PLANUS@PLANUS.SRV.BR,,,
8360548000154,,11,55944269,11,55871298,CONTABIL@DECISIONCONTABIL.COM.BR,,,
8385091000132,SUPREMA CONTADORES ASSOCIADOS,11,58166707,11,34619392,SUPREMA@SUPREMAASSOCIADOS.COM.BR,,,
8474771000122,MULTICON SPX,11,32940564,,,IRAN@MULTICONSP.COM.BR,,,
8748843000182,,11,96894793,,,,,,
8792299000176,JDS CONTABILIDADE,11,59281716,11,59284280,DOMICIO@HOTMAIL.COM,,,
8858392000136,SALES CONTABILIDADE,11,25587106,,,ROMILTONSALES@BOL.COM.BR,,,
8888741000162,CONTADORTECH,62,32744021,,,PROCESSOS@ALPHAESCRITORIOCONTABIL.COM.BR,,,
8148141000168,ITAMARATI INFORMATICA,11,65411433,,,CONTA.ITAMARATI@UOL.COM.BR,,,
8982291000172,R11,11,56115463,11,96148302,top.oleo@yahoo.com.br,,,
9068177000102,EXPANSAO SOLUCAO EMPRESARIAL,11,20286300,,,EXPANSAO.DPLEGAL@GMAIL.COM,,,
9083203000163,ALMEIDA & CAETANO CONTADORES,11,31050760,11,31057992,VANILSO@ALMEIDACAETANO.COM.BR,,,
9140650000107,VINISA E TALI GESTAO CONTABIL,11,31513340,,,HROSA.BR@GMAIL.COM,,,
9188102000157,,11,32370585,11,38044245,CONTAVIC@CONTAVIC.COM.BR,,,
9219028000199,NUM3RIC,11,31815999,,,PARALEGAL@NUMERICBRASIL.COM.BR,,,
9244389000195,,11,39743353,,,goliveira@toktake.com.br,,,
9279591000152,NBS CONTABILIDADE,11,35770300,,,ATENDIMENTO@NBSCONTABILIDADE.COM.BR,,,
9339494000108,,11,55242877,11,55242877,ncsistema@ncsistema.com.br,,,
9341407000157,AZEVEDO & AZEVEDO SERVICOS CONTABEIS E FISCAIS,11,31496947,11,31496947,hema1@terra.com.br,,,
9499255000115,,11,23078119,,,ADMINISTRATIVO@ASSESSORIABM.COM.BR,,,
9611905000172,,11,99999999,,,VALENTIN@BALAGUER.CNT.BR,,,
9645569000189,ALS ASSESSORIA CONTABIL,11,22962286,,,ALS.CONTABIL@TERRA.COM.BR,,,
10328774000108,R. D'ALMEIDA ASSESSORIA CONTABIL,11,39853167,,,ATENDIMENTO@RDALMEIDACONTABIL.COM.BR,,,
10340102000100,VEG,11,32052988,11,81239336,CONTATO@VEGASSESSORIA.COM.BR,,,
10217387000196,J GOLIDNO ASSESSORIA CONTABIL E FISCAL,11,33375099,,,JGOLDINO@TERRA.COM.BR,,,
10621383000179,,11,29187211,11,29187203,contabilgouveia@terra.com.br,,,
10666175000196,,11,24787835,,,martinscontab@terra.com.br,,,
10702338000149,,11,38659650,,,CONTABIL@SALDANHAESANTOS.COM.BR,,,
10704136000136,FERNANDES & ASSOCIADOS CONTABILIDADE,11,22316012,11,78770039,archimedesroger@bol.com.br,,,
10730937000176,,11,23691125,,,ANGELICA@HEXUSCONTABILIDADE.COM.BR,,,
10760607000123,TAGA CONTABIL,11,39895830,,,tagal@terra.com.br,,,
10764913000138,LEFRAN ORGANIZACAO CONTABIL,11,39924797,,,LEFRAN@LEFRANCONTABIL.COM.BR,,,
10791306000167,,11,33843707,,,,,,
10793355000139,,11,22114827,,,CONTATO@GRUPOCRASSUS.COM.BR,,,
10806541000165,ADECONX,11,38076401,11,38076405,ADECONX@ADECONX.COM.BR,,,
10810136000110,GODOY CONTABILIDADE,11,29595926,,,LUIZ@GODOYCONTABILIDADE.COM,,,
9525188000166,MM ASSESSORIA CONTABIL,11,25835206,11,82339769,MARCIOMENDESDESOUZA@YAHOO.COM.BR,,,
10897535000160,RB ASSESSORIA CONTABIL,11,21106106,,,RENATO@ASSESSORIARB.COM.BR,,,
10923980000158,,11,50322226,,,gullino@superig.com.br,,,
10954480000183,CONSULT,11,22933461,,,CONSULT.ADMINISTRACAO@SILI.COM.BR,,,
11014738000124,E & A CONTABILIDADE,11,25810506,,,CONTATO@EACONTABILIDADE.COM.BR,,,
11022219000108,PARCEIROS CONTABEIS,11,47877949,11,47877949,,,,
11027614000183,,11,75730077,,,N.DALFONSO@GMAIL.COM,,,
11060188000180,MARCANTE ASSESSORIA CONTABIL,11,39324925,,,MARCANTECONT@TERRA.COM.BR,,,
11074463000114,MARINHO & NOVAES CONTABILIDADE LTDA,11,72834707,,,navi.mm@hotmail.com,,,
11144269000168,MSC,11,29520624,11,23080624,CONTABILIDADE@MARTINSSC.COM.BR,,,
11158773000117,LAKI & RINALDI,11,36282671,11,36282672,SIMONELAKI@AASP.ORG.BR,,,
11265591000145,CONTTAR CONTABILIDADE,11,22588526,,,RINIOKA@TERRA.COM.BR,,,
11273678000164,ROSSI CONSULTORIA,11,23077859,,,ROSSICONTABIL@ROSSICONTABIL.COM.BR,,,
11370931000106,RCH CONSULT,11,32631226,,,RCH@RCHCONSULT.COM.BR,,,
11384296000108,,11,85130652,,,AMORIM_72@HOTMAIL.COM,,,
11425384000100,DPINASO ASSESSORIA EMPRESARIAL,11,56153029,11,94466842,PINASO@BOL.COM.BR,,,
11442799000192,,11,50938185,,,maria@mixer.com.br,,,
11452195000127,LCMS ASSESSORIA EMPRESARIAL,11,26579350,,,LUIZCARLOS.MARCONDES5@GMAIL.COM,,,
11467411000108,DVC CONTABILIDADE,11,36478355,11,36479012,osvaldovaz@uol.com.br,,,
11493136000105,,11,29369555,,,CONTATO@FVSCONTABIL.COM.BR,,,
11500699000175,,11,31063571,,,uemuracont@icn.com.br,,,
11534041000184,,11,27491135,,,EDMAR.PAULISTANA@YAHOO.COM.BR,,,
11592614000126,DELIBRA CONTABILIDADE,11,22913315,11,98552011,CONTABIL@CONTABIL-FISCAL.COM.BR,,,
11599219000175,MOREIRA CONTABILIDADE,11,29672993,,,jairo_moreira@terra.com.br,,,
11634944000137,DF MELLO,11,56144405,11,95398037,dilsonmello@hotmail.com,,,
11645865000121,BENTO CONTABILIDADE,11,34364406,,,EBENEZER@BENTOCONTABILIDADE.COM.BR,,,
11679001000120,ADRIANA - ASSESSORIA CONTABIL,11,29514463,,,adriana.rozendo@superig.com.br,,,
11695446000102,,11,23482359,,,ADM@MSCHMIDTCONTABIL.COM.BR,,,
11731119000150,,11,35640242,,,R_ROBERTOGOMES@YAHOO.COM.BR,,,
11731202000120,VISION ASSESSORIA CONTABIL,11,78967349,,,,,,
11756531000125,,11,32975357,,,IVAN.SALEMA@GMAIL.COM,,,
11797353000180,,11,26921522,,,ALEXANDRE@FEP.CNT.BR,,,
4089834000419,TOUTATIS BRASIL,11,36144000,,,TULIO.RESNITZKY@TOUTATISBR.COM,,,
11866567000161,,11,23590490,,,LAMARTINO@UOL.COM.BR,,,
11868714000132,DOMINIUN CONTABILIDADE,11,20966757,,,CELSO@DOMINIUNCONSULTORIA.COM.BR,,,
11897343000117,,11,23768228,,,ATENDIMENTO@FIXCONT.COM.BR,,,
11845305000110,,11,82989686,,,CARLOS@CONTABILBASILE.COM,,,
11969528000190,,11,37915896,,,PAULOAG64@HOTMAIL.COM,,,
12032354000105,CHAE CONTABILIDADE,11,41159400,,,,,,
12064524000125,BIANCO - CONTABILIDADE,11,47878521,,,MAURICIOBIANCO120@GMAIL.COM,,,
12104297000114,CGV CONTABILIDADE E GESTAO ADMINISTRATIVA FINANCEIRA,11,22833358,,,FABIOVAZ@CGVCONTABILIDADE.COM.BR,,,
12231057000180,,11,56681173,,,regularizacao@cervix.com.br,,,
12269326000106,SITEC CONTABILIDADE,11,26925084,,,CONTABILIDADESITEC@GMAIL.COM,,,
12290530000109,AS - SERVICOS CONTABEIS,11,39428100,,,alexsandro@hotmail.com,,,
12314674000140,CONTANOVA CONTABILIDADE,11,58422302,11,58427576,ANTONIA@CONTANOVA.COM.BR,,,
12353360000156,L.R. DICONO CONTABILIDADE - ME,11,39233656,11,39233656,valter@poloar.com.br,,,
12389475000109,HAZIR CONSULTORIA E ASSESSORIA CONTABIL,11,98119610,,,financeiro04@partwork.com.br,,,
12520025000103,CONTABILIDADE MARLENE,11,22803959,11,20424040,CONTABILMARLENE@TERRA.COM.BR,,,
12625705000183,SAH CONTABIL,11,32746300,,,CONTRATOS@SAHCONTABIL.COM.BR,,,
12680052000135,CAPITAL SOCIAL,11,98565251,,,SOCIETARIOEREGULARIZACAO@GMAIL.COM,,,
12865790000157,VERDUS,11,30271800,,,CONTATO@VACC.COM.BR,,,
20351809000175,,11,29063081,,,CLAUDIO.FARIA@CORPORECONTABILIDADE.COM.BR,,,
13086122000194,MACHADO ASSESSORIA CONTABIL,11,86839552,,,RIBEIRO.ASSIS@TERRA.COM.BR,,,
10221549000160,,11,20417767,,,bebconsultoria@yahoo.com.br,,,
13297328000163,OLIVEIRA CONTABIL,11,25484706,,,CESAR@OLIVEIRA-CONTABIL.COM,,,
13481748000103,CONTABIL REGENCIA,11,22615747,11,22615747,thais@contabilregencia.com.br,,,
13493194000156,A & M CONSULTING,11,55465582,,,AEMINFORMATICA13@GMAIL.COM,,,
11644578000105,GINO CONTABIL,11,84084134,11,29872563,sandro.gino@globo.com,,,
13736039000113,ACTTAX,11,32140620,,,CONTATO@DUXACCOUNTING.COM,,,
13763932000138,RDG SERVICOS CONTABEIS,11,20344555,,,rodrigosilvarodrigueschagas@gmail.com.br,,,
13814128000130,,11,38543269,11,27715219,isteodoro@uol.com.br,,,
13954901000164,B & J CONTABILIDADE,11,33123215,11,33123217,BARTO@DEMEO.COM.BR,,,
14129943000123,BAC ASSESSORIA EMPRESARIAL,11,25615932,,,BACASSESSORIA@GMAIL.COM,,,
14332004000181,,11,36875102,11,36961533,PLAN@BN.COM.BR,,,
14489615000138,T E T ASSESSORIA CONTABIL,11,36625150,11,36671264,fiscalt_torrillero@terra.com.br,,,
14545894000100,,11,45562168,,,CONTATO@SMANIACONTABILIDADE.COM.BR,,,
14632994000173,BRANCONTABIL,11,55848180,11,55832779,brancontabil@terra.com.br,,,
14830767000152,CONTABILIDADE CALCULUS,11,20255033,,,xavier.ailton@terra.com.br,,,
14835541000144,EGE ASSESSORIA CONTABIL E TREINAMENTO LTDA,11,95549116,,,REVISAO@REVISAOAUDITORIA.COM.BR,,,
14860880000180,ARENA SOLUCOES EMPRESARIAIS,11,41303102,,,SOCIETARIO@ABSGROUP.COM.BR,,,
15005997000140,HAY - CONTABILIDADE,11,25770628,11,91684974,CAZUOYAMADA@IG.COM.BR,,,
15070194000179,,11,81976464,,,JEFFERSON@GPSCONTABIL.COM.BR,,,
15155220000161,,11,26537004,11,78797717,ldias@prion.cnt.br,,,
15241428000101,FEMP CONTABIL,11,26712189,11,26712228,FABIO@FEMPCONTABIL.COM.BR,,,
8189980000124,,11,30948252,,,SOCIETARIO@LMCONTABIL.COM,,,
8237113000117,,11,29595152,,,CLAUDIO@DISACONSULTORIA.COM.BR,,,
8267412000102,AXIOMA,11,33130458,,,EDUARDO@CONTABILAXIOMA.COM.BR,,,
8362475000130,KAED CONTABILIDADE,11,22273440,,,CONTATO@KAED.COM.BR,,,
8672509000192,SDR,11,65912342,11,61632786,bulara@uol.com.br,,,
8915935000100,ORGANIZACAO PAULA CONTABIL,11,62462837,11,62426283,orgpaulacont@uol.com.br,,,
9323599000179,,11,36155099,,,richardmedina@uol.com.br,,,
9386078000160,LN - ASSESSORIA CONTABIL,11,55637919,11,95407093,LN.ASSCONT@BOL.COM.BR,,,
9467460000107,COAN CONTABIL,11,38553439,,,LEGAL@COANCONTABIL.COM.BR,,,
10693581000148,AUTTORIA,11,32973956,,,AUTTORIA@AUTTORIA.ADM.BR,,,
10944264000157,OPEN10 CONTABILIDADE,11,47373001,,,OPEN@OPENASSESSORIA.COM.BR,,,
11034160000178,CONSULTORIA PIRES,11,26055605,11,91268960,CARLOSPIRESC@UOL.COM.BR,,,
13170284000106,CDF ASSESSORIA CONTABIL-ME,11,55602931,11,67652150,cdfcontabil@gmail.com,,,
14575676000118,COSTA MELO CONTABILIDADE,11,23050771,11,79771883,NADJANE@COSTAMELOCONTABIL.COM.BR,,,
14875023000154,,11,92800510,,,ROBERTO@PEREZFRAGOSO.COM.BR,,,
15034042000110,FIGUEIREDO CONSULTORIA CONTABIL E TRIBUTARIA LTDA,11,34355396,,,KEILA.CARDOSO@FIGUEIREDOCONSULTORIA.COM.BR,,,
15285532000190,A PONTUAL CONTABILIDADE LTDA,11,25947479,,,RICARDO@APONTUALCONTABILIDADE.COM.BR,,,
15546224000170,NAZZATO CONTABILIDADE,11,29476099,,,NAZZATO@NAZZATO.COM.BR,,,
15551668000102,,11,38369287,,,ADM@MAPRICONTABILIDADE.COM.BR,,,
15572398000108,,11,67300654,,,FELIXCONTABILIDADE69@GMAIL.COM,,,
15594983000109,SRZ ASSESSORIA CONTABIL,11,38567935,11,81440735,SANDRA.ZANICHELLI@TERRA.COM.BR,,,
15600228000190,ACAF CONTABILIDADE,11,36753024,11,36752572,ACAFCONTABIL@GMAIL.COM,,,
15612604000166,,11,91214362,,,antonio.annunciato@superig.com.br,,,
15617273000157,,11,36081740,,,n.naito@uol.com.br,,,
15643301000100,,11,80184135,,,marylucyholanda@ig.com.br,,,
15690271000193,RT CONTABILIDADE,11,71050070,,,CONTABIL@CONTABILIDADERT.COM.BR,,,
16100402000106,DLR LEONARDIS,11,38651023,,,CONTATO@CONTABILLEONARDIS.COM.BR,,,
16621028000186,O & L SOLUTIONS,11,99948585,,,JLIMA.1995@GMAIL.COM,,,
10599705000120,NOBILE SOLUCOES CONTABEIS,11,22253525,,,PARALEGAL@NOBILECONTABIL.COM.BR,,,
8486234000100,BTF CONTABILIDADE,11,23734995,,,CONTATO@BTFCONSULTING.COM.BR,,,
17062671000180,CONTABIL NEROSI,11,21579477,,,roberto@nerosi.com.br,,,
17116900000100,,11,22253133,,,,,,
17216840000199,WWW.CONTABILIDADEMP.COM,11,76103382,,,PATRICIA@CONTABILIDADEMP.COM,,,
17228986000154,,11,26394755,11,66775892,CONTATO@AGERECONTABIL.COM.BR,,,
17269686000113,PRIME ADVICE CONTABILIDADE,11,20225696,,,CONTATO@PRIMEADVICE.COM.BR,,,
17289544000118,ASHTAR CONTABIL,11,84337071,,,ASHTAR.CONTABIL@GMAIL.COM,,,
17297357000186,ESCRITORIO CONTABIL ANGLO,11,38711119,,,ECACONTABIL@IG.COM.BR,,,
15276966000123,SANTA LUZIA SERVICOS CONTABEIS,11,22252441,,,GILSON@GRUPOGRCONSULT.COM.BR,,,
17351279000150,PRIME ASSESSORIA EMPRESARIAL,11,38819322,,,DIRETORIA@PRIMECONTABILSP.COM,,,
17375870000148,ACL CONTABIL,11,21438619,11,21438199,acl@aclcontabil.com.br,,,
17377479000182,DANTCONT,11,43077213,,,CONTATTO@DANTCONTCONTABILIDADE.COM,,,
14302068000130,GRILLO CONTABILIDADE,11,33612537,,,GRILLO@GRILLOCONTABILIDADE.COM.BR,,,
17465734000149,JCS CONTABILIDADE,11,39828376,11,39828376,JCLAUDIOSAN@IG.COM.BR,,,
17520522000117,LOBBYCONTABIL,11,40634991,11,47889100,CONTATO@LOBBYCONTABIL.COM.BR,,,
17569600000178,WJ CONSULTORIA,11,27291756,,,FISCAL@WJCONSULTCONT.COM.BR,,,
17615145000108,PALMIERI CONTABILIDADE,11,30814376,,,LEX@PALMIERICONSULTORIA.COM.BR,,,
17679561000161,ESCRITORIO DE CONTABILIDADE MELO,11,22768903,11,22768903,erotides@uol.com.br,,,
10156869000183,FINTIME,11,42807852,,,J.SOARES@CONT360.COM.BR,,,
17802080000100,FARID ZAIM ESCRITORIO CONTABIL,11,26934555,,,CONTABILZAIM@HOTMAIL.COM,,,
17928652000193,,11,37410115,11,37410116,CARLOS@COPAVA.COM,,,
17939036000138,DOCEL ASSESSORIA CONTABIL,11,22939800,11,22960218,CONTATO@CONTABILDOCEL.COM.BR,,,
20492059000151,UNIVERSO CONTABIL EMPRESARIAL,11,58162226,11,38675975,XAVIERSS1207@HOTMAIL.COM,,,
18066721000160,CALC MASTER,11,33266032,,,calcmaster@uol.com.br,,,
18102196000190,JMJ SERVICOS DE APOIO ADMINISTRATIVO,11,46864438,,,FISCALMAXIMAAC@GMAIL.COM,,,
18126893000181,ACT FIVE,11,39269974,11,39269875,FISCAL@ACTASSESSORIACONTABIL.COM.BR,,,
18137843000108,,11,35549464,11,65549470,REGINA.BARBOSA@BBCCONSULTORIA.COM,,,
18171864000131,JF ASSESSORIA CONTABIL,11,29057086,11,29057035,josiasgf@uol.com.br,,,
15294383000125,,11,50710797,11,50710736,PRICECON@PRICECON.COM.BR,,,
18227780000172,ISRAEL,11,29185902,,,ISRAEL.ADMCOMERCIAL@GMAIL.COM,,,
8242808000197,CONTHFIX,11,39516274,,,CRISTINA.PRADO@CONTHFIX.COM.BR,,,
9088013000139,,11,55053324,11,55053324,fpeppe@planerj.com.br,,,
10933502000129,ICONT SERVICOS,11,26849138,,,ICONTABILIDADE@ICONT.NET,,,
11003785000172,SOLIDEP-SOLUCOES INTELIGENTES EM DEPARTAMENTOS,11,28481058,,,WILLIAM@SOLIDEP.COM.BR,,,
11787995000107,M & M SERVICOS CONTABEIS E FISCAL,11,25286195,11,25256196,arlindomarinho@hotmail.com,,,
12764286000160,FIT CONSULTORIA CONTABIL,11,32139695,,,SOCIETARIO@FITCONTABIL.COM.BR,,,
14002169000195,ESCRITORIO CONTABIL TRADICAO,11,27312091,,,KSALMAZO@TERRA.COM.BR,,,
17576039000154,CONTATCON,11,88719058,,,CONTATCON@GMAIL.COM,,,
17610670000122,OREBH CONTABILIDADE,11,27723283,,,igor.bvs@gmail.com,,,
18293627000143,LUCRUM ASSESSORIA CONTABIL,11,56319123,11,25074754,terol@ig.com.br,,,
18325708000188,HONOR,11,29544397,,,ANDREW@ABROB.COM.BR,,,
18377737000193,NOVELLE VAGUE SERVICOS CONTABEIS,11,50446922,,,SOCIETARIO@LCRCONSULTORES.COM.BR,,,
10860820000107,EFFATA ORGANIZACAO CONTABIL,11,58943486,11,86692754,EFFATA@EFFATACONTABILIDADE.COM.BR,,,
18427541000166,AF CONSULTORIA CONTABIL,11,38070943,,,AFFONSOCONTABIL@GMAIL.COM,,,
18488125000178,INCOME CONSULTORIA CONTABIL E ASSESSORIA EMPRESARIAL,11,29411020,,,INFO@INCOMECONSULTORIA.COM.BR,,,
18781896000159,C.L. CONSULT APOIO ADMINISTRATIVO,11,75305087,,,claytonassuncao26@hotmail.com,,,
18802689000133,PLANEJ CONTABILIDADE,11,31593736,,,PLANEJ@TERRA.COM.BR,,,
18803428000138,CONTABIL LARA,11,23374335,,,NILTONLARA@CONTABILLARA.COM.BR,,,
18829266000107,,11,33374111,11,32235435,ad-contabil@uol.com.br,,,
18911200000161,GUEDES & ARAUJO,11,25572001,11,25525679,SANPERITA@TERRA.COM.BR,,,
18929188000112,MAXCONTI,11,41354108,,,MAXCONTI@MAXCONTI.COM.BR,,,
9242463000134,EXITO TOTAL,11,29519955,11,23851917,exitototal.servicos.empresariais@hotmail.com,,,
18976243000125,JOVECON,11,25134493,,,RODRIGUES@JOVECON.COM.BR,,,
19020835000131,ACS CONTABIL,11,29497637,,,VAIDENOVO@HOTMAIL.COM,,,
19204507000195,CONTABILIDADE MORATO,11,97907616,,,eugeniomorato@ymail.com,,,
19258841000121,SILVIA DIAS,11,51816590,11,56741671,marcia_gabriell@globo.com,,,
19289841000199,KAYROS CONTABILIDADE,11,82417277,,,PCEZARSIMONE@GMAIL.COM,,,
19291049000179,,11,33613481,11,33613479,CONTATO@S3-NOVAERACONTABIL.COM.BR,,,
19386771000197,ANDRE BARROS - CONSULTOR ME,11,47258179,,,ANDREBARROS_SERV@HOTMAIL.COM,,,
19425196000194,,18,39165185,11,21718900,VOLPI@VOLPICONTABILIDADE.COM.BR,,,
19443039000101,TUA CONTABILIDADE,11,96526745,11,23566668,THIAGO.TUACONTABILIDADE@GMAIL.COM,,,
13674947000120,DIKARELO ASSESSORIA CONTABIL,11,26712115,,,FERREIRA@DIKARELO.COM.BR,,,
19621719000178,CONECTE CONTABILIDADE,11,32231879,,,,,,
19892750000143,CLAUDIA CAMPOS REPRESENTACOES,11,34223697,,,clau.campos77@gmail.com,,,
19909535000108,URBANO CONTABIL,11,32889395,11,91052961,DONIZETEURBANO@UOL.COM.BR,,,
19931828000191,BCCO,11,27372705,,,CONTATO@BCCO.COM.BR,,,
20000740000135,EXACON CONTABIL,11,26826100,,,EXACON@EXACON.CNT.BR,,,
20161027000173,AP SERVICOS CONTABEIS,11,99047518,,,PAULO.DAMAS@TERRA.COM.BR,,,
20505713000114,ALTERNATIVA CONSULTORIA,11,23458181,11,21296801,AALTER@TERRA.COM.BR,,,
20654895000195,,11,20904570,,,ATENDIMENTO@MFCO.COM.BR,,,
20683171000170,A.S.A. ASSESSORIA CONTABIL,11,39367970,11,39366472,CONTABIL.DA@TERRA.COM.BR,,,
20721794000190,ASSESSORIA CONTABIL FERNANDES,11,39319907,11,82111277,ADV-CONTABIL@UOL.COM.BR,,,
20754662000164,,11,37911636,11,37911587,MMCONTABILASSESSORIA@GMAIL.COM,,,
20794163000109,AZEVEDO CONTABIL,11,39215641,,,azevedocontabil2013@gmail.com,,,
20888703000105,C L ASSESSORIA CONTABIL,11,27529398,,,CLAUDIA@CLACONTABILIDADE.COM.BR,,,
20893448000199,3FG CONTABILILIDADE,11,25334880,,,DEPTO_CONTABIL@3FGCONTABILIDADE.COM.BR,,,
20904503000107,R. M. SOUZA ASSESSORIA CONTABIL,11,92895155,,,ROGERIO@TRECONT.COM,,,
20926384000185,D.K. ASSESSORIA CONTABIL,11,96170845,11,59258251,DKCONTABIL@UOL.COM.BR,,,
20980386000152,LORD SERVICOS CONTABEIS,11,39041336,11,39042004,LORDCONT@TERRA.COM.BR,,,
21042516000179,MESQUITA CONTABILIDADE,11,32249133,,,CONVELASCO@UOL.COM.BR,,,
21070118000166,,11,27499300,11,54643691,VRMONTEIRO@TERRA.COM.BR,,,
21094961000182,MVM CONTABILIDADE E ASSUNTOS FISCAIS,11,20130769,,,MVMCONTABILFISCAL@HOTMAIL.COM,,,
21146879000154,GRUPO CLIGMA,11,25539466,,,IGOR@GRUPOCLIGMA.COM.BR,,,
21188647000169,CONECTABIL,11,25240414,11,96463883,JAS-MONTE@UOL.COM.BR,,,
21258309000156,GAMA ASSESSORIA CONTABIL,11,55948138,,,MAGDA@GAMACONTABILSP.COM.BR,,,
21314607000116,WINNERS CONTABILIDADE,11,37827294,11,37822926,ROBERTO@WINNERSCONT.COM.BR,,,
21361283000177,,11,98360899,,,CARMEMGS@HOTMAIL.COM,,,
21427121000194,INOVA CONSULTORIA CONTABIL LTDA,11,31410025,11,36621646,CONTATO@INOVACONSULTING-GROUP.COM.BR,,,
21447390000112,JC & S SERVICOS,11,25925610,,,JCS.CONT@TERRA.COM.BR,,,
21454185000184,,11,86495228,11,39312080,LUNAS169169@GMAIL.COM,,,
21479538000109,ESCONT CONTABILIDADE,11,30318478,,,CONTATO@ESCONTCONTABIL.COM.BR,,,
21479550000105,SLM CONTABILIDADE,11,34325685,,,SUSANALINDNER@IG.COM.BR,,,
21563780000158,LR ASSESSORIA E CONSULTORIA CONTABIL,71,91012204,,,LAERCIO1090@GMAIL.COM,,,
21664355000155,DANDENI CONTABILIDADE,11,97603700,,,ROBERTOSCABIN@TERRA.COM.BR,,,
21834830000194,NEUSA CARVALHO,11,50449753,,,neusacarvalho@uol.com.br,,,
21956168000145,,11,85007530,,,CONTATO@VALERIO.SITE,,,
21985978000120,CLAUDIO BORGES CONTABILIDADE E CONSULTORIA,11,20479676,,,claudioiborges@icloud.com,,,
22082687000194,OSM - ASSESSORIA CONTABIL E FISCAL,11,29184026,,,OSVALDO.SANTOS5@TERRA.COM.BR,,,
22108221000110,VERIS CONSULTORIA E ASSESSORIA EMPRESARIAL,11,99633931,,,VAL_MG@UOL.COM.BR,,,
22199515000103,NASCZAMP CONTABIL,11,28356515,11,43243921,AREV.CONTABIL@GMAIL.COM,,,
22296459000117,,11,36755001,,,DIRETORIA@CONTABILVISAO.COM.BR,,,
22379271000132,ERF ASSESSORIA,11,29125112,,,ederrfogaca@gmail.com,,,
16695511000105,,11,36725500,,,SIGNUS@UOL.COM.BR,,,
22627357000137,NANA & CIDA,11,31056693,,,REBELCONT@UOL.COM.BR,,,
20622170000115,,11,20131524,,,LUCIOSILVA@MSKCONTABIL.COM.BR,,,
22653953000191,REIS FILHO CONTABILIDADE,11,23063540,,,ROGERIO@REISFILHO.COM.BR,,,
22731531000197,ZARV ASSESSORIA LTDA,11,28724933,11,28724934,LEGAL@ZARV.COM.BR,,,
22765913000131,EXCLUSIVE CONTABILIDADE,11,25324089,,,katia@exclusivecontabil.com.br,,,
22777109000172,ESCRITORIO CONTABIL ERON,11,39835151,11,61166333,CONTABILIDADEERON@YAHOO.COM.BR,,,
22800115000101,DOBLON ACCOUNTING INTELLIGENCE,11,42532720,,,contato@doblon.com.br,,,
22807020000101,ZAVATIERI CONTABIL,11,23656086,11,23685895,IEDA@ZAVATIERICONTABIL.COM.BR,,,
22873276000117,PRIMO ESPLENDOR ASSESSORIA,11,55946657,,,PRIMOESPLENDOR@UOL.COM.BR,,,
22905777000138,,11,41160907,,,FISCAL@BRSERVSOLUCOES.COM.BR,,,
22975343000104,LCROCHA CONTABILIDADE,11,56211140,,,LUIZLCR@UOL.COM.BR,,,
23078384000160,CONT'BRANCO ASSESSORIA CONTABIL,11,29397793,,,CONTATO@CONTBRANCO.COM.BR,,,
23149384000104,FLASH CONDOMINIOS,11,56662850,,,FLASH.ASSESSORIA@UOL.COM.BR,,,
23182480000154,JC ADVISORY,11,64998057,,,JOSEMAR.JCS@UOL.COM.BR,,,
23188161000156,JBR CONTABIL,11,33136988,11,32279877,JBRCARDOSO@UOL.COM.BR,,,
23308971000107,,11,38897539,,,fernandodccardoso@yahoo.com.br,,,
22443058000142,JRC ASSESSORIA CONTABIL,11,33377570,11,33377565,JULIANA@JRAMPINELLICALERO.COM.BR,,,
17766238000125,,11,23669315,11,82389315,MARCO@TREVISANSAP.COM.BR,,,
23729656000145,,11,29240368,,,OLAVO.MODESTO@GRUPOESTRUTURAL.COM.BR,,,
23739373000184,AVIVA CONTABILIDADE,11,43241259,,,aviva@avivacontabilidade.com.br,,,
23792352000122,RIO CLARO CONTABIL,11,38359349,11,76762783,CONTATO@RIOCLAROCONTABIL.COMBR,,,
23811286000190,MUTTI SERVICOS,11,91883419,,,ANDMUTTI@YAHOO.COM.BR,,,
14390411000145,,11,85806815,,,douglima_fanny@yahoo.com.br,,,
23909400000110,,11,51551664,,,,,,
22211612000166,TATICCA CONTABILIDADE,11,30623000,,,TATICCA@TATICCA.COM.BR,,,
24127750000197,TIETE CONTABIL,11,27919325,11,93322457,CONTABILIDADE@PAULIGRAFI.COM.BR,,,
24204468000166,,11,79673674,,,PAULO.FREITAS@ASEESSI.COM.BR,,,
24211918000148,BELANALISE GESTAO CONTABIL E EMPRESARIAL,11,38547573,,,BRUNO.EDUARDO@BELANALISE.COM.BR,,,
24249298000136,FARIAS CONTABILIDADE E ASSESSORIA EMPRESARIAL,11,27435436,,,NEGOCIOS.FARIASCONTABILIDADE@GMAIL.COM,,,
24386790000153,,11,20763150,,,BPO.CONTACT@BR4BUSINESS.COM,,,
23203520000105,,11,43288977,,,CRISTINADIASCONTABIL@GMAIL.COM,,,
24424205000162,E.S.R. CONSULTORIA EMPRESARIAL,11,23619847,,,EDCARLOS.CONSULTORIA@GMAIL.COM,,,
24425162000130,,11,99915287,,,BELLINI@FAZENDATRIANGULO.COM.BR,,,
24548508000197,FKL SERVICOS CONTABEIS,11,25556365,,,marcosfabiogs@gmail.com,,,
24574463000125,,11,50551535,,,LEFCON@UOL.COM.BR,,,
24717539000124,,11,24507838,,,CRISTIANO@DIRECAOAUDITORIA.COM.BR,,,
24731832000146,CABRERAS,11,27980356,,,fabio.cabrera.ig@gmail.com,,,
24737585000195,CRIFA ASSESSORIA CONTABIL,11,38692218,,,contato@crifa.com.br,,,
24867102000177,EVEC CONSULTORIA E ESTRATEGIA CONTABIL,11,58280194,,,MAURICIOBARROS2010@YAHOO.COM.BR,,,
24889957000107,TECNOLAW ASSESSORIA CONTABIL,11,29726850,,,,,,
24929486000105,CONTAD EMPRESARIAL,11,27037344,,,contadempresarial@hotmail.com,,,
24990339000140,,11,29415499,,,MARKAR@MARKARCONTABIL.COM.BR,,,
22071488000180,ACERTA ASSESSORIA CONTABIL,11,25945720,,,CONTATO@ACERTAASSESSORIA.COM.BR,,,
25131347000102,NAVA ASSESSORIA CONTABIL,11,33687104,,,navaassessoriacontabil@gmail.com,,,
25144242000180,,11,29535090,,,LEGAL@LIVREE.COM.BR,,,
21278564000160,,11,38767739,,,CONTATO@MERITGESTAO.COM.BR,,,
25203081000158,,11,38426003,,,DCONT@DCONT.COM.BR,,,
25205603000150,****,11,25610802,11,991,LEGALIZACAO@BERTULINO.COM.BR,,,
25236858000180,IW SOLUCOES CONTABEIS,11,75111339,,,IVONETEMIRANDA48@GMAIL.COM,,,
25263846000145,MORIA SERVICOS CONTABEIS,11,27343206,,,CONTATO@MORIACONTABEIS.COM.BR,,,
25288514000115,TOPAZIO CONTABILIDADE,11,25998266,11,13360487,SOCIETARIO@TOPAZIOCONTABILIDADE.COM,,,
25303329000152,EUCLIDES DE OLIVEIRA FREITAS,11,50803582,11,50803581,FREITASEUCLIDES@UOL.COM.BR,,,
25532353000163,PICCOLI ASSESSORIA CONTABIL ME,11,25378150,,,ms.piccoli@yahoo.com.br,,,
15230952000179,IZILDO CASAROTO,11,31298797,,,casaroto9@hotmail.com,,,
20898262000122,,11,50545054,,,RUBENS@KHORTYWHITE.COM.BR,,,
11316120000119,RELATIVA ASSESSORIA E CONSULTORIA EMPRESARIAL,11,56795925,,,RELATIVA@RELATIVACONSULTORIA.COM.BR,,,
13171612000199,SERV MED,11,43037099,,,CONTABILIDADESERVMED@GMAIL.COM,,,
23689800000167,,11,22934201,,,SIMONEVALDO@HOTMAIL.COM,,,
15322337000192,CONTABILIDADE CAVICCHIOLI,11,20521552,11,20522929,paulinhocontabilidade@hotmail.com,,,
18528788000179,CLICK4,11,98934744,,,RENATO_RRBARBOSA@OUTLOOK.COM,,,
19961825000109,CORRECONT CONSULTORIA E LOCACOES,11,43270238,11,91364462,CORRECONTCONTABILIDADE@GMAIL.COM,,,
13859598000110,,11,96562737,,,MEGAVIOLI@UOL.COM.BR,,,
23493180000196,MN CONTABILIDADE E IMOVEIS,11,20195405,,,MNCONTABILIDADE@TERRA.COM.BR,,,
12591776000102,,11,99999999,,,dnl156@hotmail.com,,,
13126425000193,VENARES CONTABILIDADE,11,42118165,,,CONTATO@VENARESCONTABILIDADE.COM.BR,,,
10336067000155,,11,27384085,11,27384086,CONTATO@MSANTOSCONTABIL.COM,,,
14042941000100,,11,13327847,,,SAF_YAMADA@HOTMAIL.COM,,,
16995577000110,EXSECO,11,20904811,,,ACCOUNTY@UOL.COM.BR,,,
10850072000181,CONTABILIDADE SILVA TELES,11,25619311,,,CONTABILIDADESILVATELES@GMAIL.COM,,,
24521762000100,...,11,93714458,,,MLNETO.SOUSA@GMAIL.COM,,,
9518348000140,,11,94739547,,,ROBERTO@PERSONACONTABILIDADE.COM.BR,,,
11699019000194,,11,20169067,11,85445448,JORGEACARVALHO@GLOBO.COM,,,
11630215000102,,11,20150280,,,ARISONLEITE641@GMAIL.COM,,,
23832987000106,AMACON CONTABILIDADE,11,26683461,11,63353568,CONTATO@AMACONCONTABILIDADE.COM.BR,,,
21856543000185,IXA CONTABILIDADE SERVICOS & PRODUCAO,11,81430103,,,klaukortez@me.com,,,
16537824000135,SF ASSESSORIAL CONTABIL,11,99659032,,,SILAS@SFCONTJUR.COM.BR,,,
12255632000185,VR CONTABILIDADE,11,83550780,,,LUZIAVIEGASCONT@GMAIL.COM,,,
19553423000167,SHIGE ASSESSORIA TRIBUTARIA E SERVICOS CONTABEIS LTDA,11,86424945,,,kakashigue@gmail.com,,,
23521091000106,CONTABILIDADE AGAPE,11,22537965,,,GALVAOH@HOTMAIL.COM,,,
17872325000167,EBS CONTABILIDADE,11,31068400,11,97757774,EBSCONTABIL@BOL.COM.BR,,,
10230378000135,,11,35884900,,,HELOISA@GRUPOPLANCON.COM.BR,,,
23270339000103,ALESSANDRA SILVA FERREIRA,11,96514949,,,ALE_FERREIRA@YMAIL.COM,,,
10245240000100,CONTABILIDADE.COM,11,38544000,,,SOCIETARIO@CONTABILIDADE.COM,,,
12669470000121,MJP CONTROLLER,11,23615782,,,LEGALIZACAO@MJPCONTROLLER.COM.BR,,,
11230347000147,GRUPO CONTAK SOLUCOES EM CONTABILIDADE LTDA,12,82068089,,,ANDERSON@GRUPOCONTAK.COM.BR,,,
17512398000148,SMIDI CONTABIL,11,21547795,,,CONTATO@SMIDICONTABIL.COM.BR,,,
8370783000107,ADINAMICAS SOLUCAO EM PROCESSO ADMINISTRATIVO,11,37331991,11,37312681,CAPAGLARIN@GMAIL.COM,,,
10644799000102,THOR - ASSESSORIA CONTABIL,11,41781922,,,julianacontabil@hotmail.com,,,
20876775000132,,11,73874041,,,IGOR@IDCONTABIL.COM.BR,,,
10689044000124,,11,32089763,,,CONTABILIDADE@AUDIFISCO.COM,,,
10770075000105,DUE AMICI PROPTER CONTABILIDADE DIGITAL,11,35868919,,,SOCIETARIOREGULATORIO@PROPTERCONTABILIDADEDIGITAL.COM,,,
24180237000160,,11,82334471,,,ALEXANDREVEIGA@MSN.COM,,,
13090738000139,BC,11,29520390,,,BCELIASAPP@GMAIL.COM,,,
12962942000130,DFC ASSESSORIA CONTBIL,11,26076224,,,DIEGO@CONTABILIDADEDFC.COM,,,
12298478000129,APS CONTABILIDADE E CONSULTORIA,11,58451845,11,58441233,APS@APSCONTABILIDADE.COM.BR,,,
14376401000155,EXIMIA ASSESSORIA CONTABIL,11,32974023,,,DANIELA@EXIMIACONTABIL.COM,,,
14503231000122,RAIZES ASSESSORIA CONTABIL,11,39777277,11,39784734,RAIZES.CONTABIL1@HOTMAIL.COM,,,
21481281000111,NMORELO CONTABILIDADE,11,43069793,,,GERAL01@MORELOCONTABILIDADE.COM.BR,,,
26051312000118,,11,28947377,11,85952004,FHKOSAKA@GMAIL.COM,,,
26083528000165,ASSTECCONT,11,27413806,,,,,,
26239361000189,NUMERIC COMPLIANCE,11,31815999,,,EDUARDO.NUNES@NUMERICBRASIL.COM.BR,,,
26250540000117,J&P CONTABILIDADE,11,20363281,,,everaldojuiz@gmail.com,,,
26256382000102,JP&G CONSULTORES,11,98542764,11,,JPEGCONSULTORES@GMAIL.COM,,,
26400172000146,,11,38639768,,,WMORENO@RAWIBRASIL.COM.BR,,,
26554342000147,TANPEMI,11,88279898,,,PMIGUEL_PACHECO@HOTMAIL.COM,,,
11861391000236,,11,43087015,11,43086997,NADIR@PJCONTABIL.NET,,,
26692831000165,METASUCESSOS,11,29144107,,,priscila@metasucessos.com.br,,,
26751950000141,2FD CONTABILIDADE,11,41142966,11,99399978,2FDCONTABILIDADE@GMAIL.COM,,,
26764986000160,,11,56609322,,,REPRECON@REPRECON.COM.BR,,,
26823587000122,,11,20919195,11,97549791,MARCELO@ANDRADEPERICIAS.COM.BR,,,
27074326000110,,11,28945541,,,MARCAPH@TERRA.COM.BR,,,
27219797000179,SPM ASSESSORIA E CONSULTORIA CONTABIL,11,22350021,,,taniapontual@hotmail.com,,,
27273285000190,JGS 3F SERVICOS CONTABEIS,11,55619191,,,GERALDO@IPSOFAC.COM.BR,,,
27273404000105,EMS CONTABILIDADE,11,26450840,,,EMSSCONTABILIDADE@GMAIL.COM,,,
27316999000139,,12,36351723,,,,,,
27414642000193,AUSTIN ASSOCIADOS,11,55113258,,,ADMINISTRATIVO@AUSTINASSOCIADOS.COM.BR,,,
27436313000143,,11,38163705,,,EMIGO@UOL.COM.BR,,,
27460984000140,COMPEDE ASSESSORIA SOCIETARIA E CONTABIL,11,68973159,,,ELAINE.EGIDIO@COMPEDE.COM.BR,,,
27511341000188,REALE & CALLAU,11,33684565,11,33685024,ALESSANDRO_REALE@HOTMAIL.COM,,,
27537086000142,E. J. S. CONTABILIDADE,11,61524639,,,edyfilhos@hotmail.com,,,
27549818000114,,11,38485880,,,CONTAB.INTERNA@GMAIL.COM,,,
27557845000139,C F & S CONTABILIDADE FIGUEIRA & SCHEIDEGER,11,23812853,,,CONTATO@FIGUEIRACONTABIL.COM.BR,,,
27632758000107,SERGIO FLORENCIO CONSULTORIA E ASSESSORIA CONTABIL,11,94739042,,,SERGIORODRIGOFLORENCIO@GMAIL.COM,,,
27670915000160,FLG CONTABIL,11,48582505,11,47599951,CONTATO@FLGCONTABIL.COM.BR,,,
27943280000128,NEW SEVEN CONTABILIDADE,11,86827824,,,newsevencontabilidade@gmail.com,,,
28068533000124,CONCILIAR CONTABILIDADE,11,82169299,,,RICARDOZANZARINI@YAHOO.COM.BR,,,
28212781000105,RA CONTABILIDADE,11,56148490,,,RA.CONTABILIDADE.CONTATO@GMAIL.COM,,,
28222649000176,MARIO CONTABIL,11,33685799,11,34740260,MARIO.SILVA@TRANSDATA.COM.BR,,,
28241231000106,ESPECIALISTA CONTABIL,11,26883846,,,OESPECIALISTACONTABIL@GMAIL.COM,,,
28269382000172,JR SANTOS ASSESSORIA CONTABIL,11,33134536,11,,JRSANTOSCONTABIL@UOL.COM.BR,,,
28371501000101,ANM CONTABILIDADE,11,50215221,,,CONTATO@ANMCONTABIL.COM,,,
28825022000100,DP SOLUCOES CONTABILIDADE,11,46432711,,,JUCELE.AREIS@HOTMAIL.COM,,,
28825593000144,E-CONT,11,51996033,11,46313111,ATENDIMENTO@EFRAIMCONTABIL.COM.BR,,,
28862264000173,CONLINE,11,30623000,,,AGBR@AGBR.COM.BR,,,
28891055000158,FM ASSESSORIA CONTABIL,11,47316331,,,fla.matos81@gmail.com,,,
29124733000110,,11,38326670,,,JORGE.CONTABILIDADE.BORGES@GMAIL.COM,,,
29194675000109,A&G SOLUCOES EM CONTABILIDADE,11,85164235,,,rildoancigan@hotmail.com,,,
29252033000100,FOCALIZE CONTABILIDADE,11,75496988,,,,,,
29335675000173,GRAND PRIME ASSESSORIA CONTABIL E FISCAL,11,47231355,,,GRANDPRIMEASSESSORIACF@GMAIL.COM,,,
29386776000173,CONTABFLEX ASSESSORIA CONTABIL,11,25970571,,,RAMOS.GA@BOL.COM.BR,,,
29448566000162,SOSED CONTABILIDADE,11,78537614,,,CONTATO@SOSED.COM.BR,,,
29557310000193,,11,76566906,,,DLJC.CONTABIL@GMAIL.COM,,,
29582720000194,VIANA CONTABILIDADE,11,59725919,11,79542374,VIANACONTABILIDADE@OUTLOOK.COM,,,
26394272000107,,11,50722326,11,92212613,CELITANOGUEIRA@TERRA.COM.BR,,,
28742133000152,GERALDI ASSESSORIA CONTABIL,11,71664798,,,MARCELO@GERALDIASSESSORIACONTABIL.COM.BR,,,
29924023000174,RENATA OKUMA ORIENTE,11,95259733,,,RENATAOKUMA@UOL.COM.BR,,,
29972405000173,IDEALE CONTABILIDADE,11,23455685,,,CONTATO@CONTABILIDADEIDEALE.COM.BR,,,
30017086000126,A2 CONSULT,11,55559169,,,CONTATO@A2CONSULT.CNT.BR,,,
30090079000150,AVIVA SP ASSESSORIA CONTABIL,11,43082840,,,JOHNNY@AVIVACONTABIL.COM.BR,,,
30148622000122,JACOB CONSULTORIA,11,81195824,,,CARLA.JACOB@FINTECC.COM.BR,,,
30197540000178,,11,30557800,,,CONTABILIDADE@JDVCONTABIL.COM.BR,,,
30269324000190,PROTECT CONTABIL ASSESSORIA E CONSULTORIA,11,38641708,,,COMERCIA@HIGHADVICE.COM.BR,,,
30307553000152,,11,30514007,,,J1EEVES@HOTMAIL.COM,,,
30324144000164,BESTCONTABIL,11,22446248,,,CONTATO@BESTCONTABIL.COM.BR,,,
30498931000122,PRODIGIO SERVICOS,11,48731106,,,ADMPRODIGIO@GMAIL.COM,,,
30791861000104,R & J CONTABILIDADE,11,22252760,11,29418930,RJCONTABILIDADE@UOL.COM.BR,,,
30808210000171,,11,29788840,11,29788833,EDUARDO@ELTECCONTABILIDADE.COM,,,
31043679000120,,11,32630680,,,SOCIETARIO@OPICS.COM.BR,,,
30964646000150,,11,23593660,,,LUCIANA@QUEIROZEPAISASSESSORIA.COM.BR,,,
31288596000109,,11,98988951,,,CONTATO@NCSSOLUCOES.COM.BR,,,
31653117000106,,11,49183866,,,AQUITOW@GMAIL.COM,,,
31753458000145,STARK CONTABIL,11,41883288,,,CONTATO@STARKCONTABIL.COM,,,
31868669000123,,11,22752477,,,DIANA@CONTABILDPH.COM,,,
31892875000179,REAL SOLUCOES,11,26410033,11,26410491,UBIRAJARA@REALCTB.COM.BR,,,
30460707000141,RCW ASSESSORIA,11,32144478,,,RCW@RCWASSESSORIA.COM.BR,,,
32854981000120,,11,33117979,,,NOVAERA@NECONT.COM.BR,,,
33091536000119,P10 CONSULTORIA,11,95104179,,,GRASIELLY_SAIKI@YAHOO.COM.BR,,,
33101849000100,,11,26098343,,,MELOEMELOLOCACAO@GMAIL.COM,,,
33115995000195,TOTAL QUALITY CONTROLLERSHIP,11,30752855,,,CONTATO@TQCCONTABIL.COM.BR,,,
33130377000114,AGIL CONTABIL,11,23310713,11,23313106,CECILIACOSTAB@BOL.COM.BR,,,
33216990000159,,11,96510851,,,ESSENCIA@SERVICOSEMPRESARIAIS.COM.BR,,,
33227820000170,SR.SERVICOS CONTABEIS,11,98797826,,,SANTINAROCHA@YAHOO.COM.BR,,,
33384633000108,,11,25577701,11,34888100,,,,
33388947000170,,11,54610628,,,ADM@NOGUEIRAEASSUNES.COM.BR,,,
33397466000121,CONTCARE CONTABILIDADE ESPECIALIZADA,11,38954742,,,CONTCARE@CONTCARE.COM.BR,,,
30133410000171,,11,20246922,,,SAC@VAVACONSULTORIA.COM.BR,,,
33474799000107,PROCOPIO CONSULTORIA FISCAL E CONTABIL,11,89543009,,,BRUNO@PROCOPIOCONTABILIDADE.COM.BR,,,
33567562000170,INNOVA CONTABILIDADE,11,24767604,,,INNOVA_CONTABILIDADE@HOTMAIL.COM,,,
33641311000199,MERAKI CONTABIL,11,89377526,,,MICHELLEMOTA@YMAIL.COM,,,
33783817000132,MCS MARKUP CONSULTORIA,6920601,11,22297898,,,CONTATO@MCSMARKUP.COM.BR,,
33803855000100,RALVES ASSESSORIA CONTABIL,11,41718800,,,CONTATO@RALVESCONTABIL.COM.BR,,,
33814306000130,,11,34763457,,,DPCONTABIL@MEDINACONTABIL.COM.BR,,,
26187845000121,RC RODRIGUES CONTABILIDADE,11,41158226,,,CONTATO@RCRODRIGUESCONTABILIDADE.COM,,,
33883507000190,DELMIRO SERVICOS CONTABEIS,11,98233017,,,LUIZ.DELMIRO1@GMAIL.COM,,,
21642753000251,SRM CONTABILIDADE,11,45063267,,,FALECOM@SRMCONTABILIDADE.COM.BR,,,
33943508000182,,11,59840674,,,LACONTABIL17@OUTLOOK.COM,,,
22090466000249,EZ CONTABIL,11,23069441,,,ATENDIMENTO@EZCONSULTORIA.COM,,,
34038649000113,JAE CONTABILIDADE,11,37581119,,,ADILSON@JOGIL.COM.BR,,,
34091385000161,SAMEL CONTABILIDADE,11,37667133,,,CONTATO@SAMELCONTABILIDADE.COM.BR,,,
34475351000170,SILOE ASSESSORIA E CONSULTORIA CONTABIL,11,25242819,,,SILOECONTABIL.LEIDE@HOTMAIL.COM,,,
34623378000163,,11,31053255,,,LCOSTA@APOIOSPL.COM.BR,,,
34629320000127,,11,88413637,,,CONTATO@GALUCCA.COM.BR,,,
34643636000173,AFD COMPLIANCE CONSULTORIA,11,23444538,,,ATENDIMENTO@CONTABILRM.COM.BR,,,
34751899000104,JDL PARTNER,11,38312058,,,JDLCONTABIL1@GMAIL.COM,,,
34793008000174,OSHIRO ASSESSORIA CONTABIL,11,89376237,,,NHKCONTABIL@GMAIL.COM,,,
34929754000142,M&S CONTROLE E ASSESSORIA CONTABIL,11,93064875,,,MSASSESSORIACONTABILFISCAL@GMAIL.COM,,,
34953309000118,PPSE DIGITAL SERVICOS CONTABEIS,11,99999999,,,CONTATO@PPSE.COM.BR,,,
35101894000190,ACCOUNTING SERVICES,11,39190433,,,RONALDO._.SOUZA@HOTMAIL.COM,,,
26699635000112,ALGORITMO,11,55883280,,,ADCCONSULTORES@TERRA.COM.BR,,,
35270249000100,DARDA SERVICOS LTDA,11,41130422,11,62248111,DARDA@DARDA.COM.BR,,,
35372527000121,,11,26796604,11,26796598,ANACONTABIL@BRANDYS.COM.BR,,,
35413332000182,,11,95220498,,,RIBEIRO.ALEX.AVW@GMAIL.COM,,,
35609316000160,,11,21165523,,,,,,
35674010000197,,11,23715007,,,SOCIETARIO@3ACONTABILIDADE.COM.BR,,,
35766924000188,CONTAC ASSESSORIA CONTABIL,11,84172542,11,42660769,CONTAC.ASSESSORIA@OUTLOOK.COM,,,
35784557000145,SRL ASSESSORIA CONTABIL E GESTAO FINANCEIRA,11,99501812,,,KLEBER_SENHORELLI@HOTMAIL.COM,,,
35835638000127,,11,23686615,,,MILTON@MDRCONTABIL.COM.BR,,,
35850391000118,M & E SERVICOS EMPRESARIAIS,11,29415778,,,CONTATO.COMPANYCONTABIL@GMAIL.COM,,,
35984867000103,IMPACTO ASSESSORES CONTABEIS,11,36289241,,,CONTATO@IMPACTOASSESSORES.COM.BR,,,
36037938000123,BOOKK - CONTABILIDADE INTELIGENTE,11,74585384,,,CONTATO@BOOKK.COM.BR,,,
36194081000155,V2MFOLLI,11,50161478,,,FOLLI.VERA@GMAIL.COM,,,
36294780000177,IGL,11,30188031,,,IVAN.GASPAR@GMAIL.COM,,,
36328521000110,DEMONST CONTABILIDADE,11,58417591,11,96523764,CONTATO@DEMONSTCONTABILIDADE.COM.BR,,,
36360472000100,,11,20246922,,,ANTONIO.DONIZETE@ALCON.COM.BR,,,
36362088000139,CONTROLLER CONTABILIDADE,11,34739333,,,HENRIQUE@CONTABILCONTROLLER.COM.BR,,,
36371587000192,,11,23074564,,,JOAO@SALESCONTABIL.COM.BR,,,
36379443000182,RAC CONSULTORIA E CONTABILIDADE,11,73943260,11,96085022,BMCCONTABIL@BMCCONTABIL.COM.BR,,,
36404527000129,ALTERNATIVA,11,20633500,,,CONTADOR@ALTERNATIVACONTABEIS.COM,,,
36506424000170,ESTRUTURE - ACCOUNTING AND BUSINESS,11,43275165,,,CONTATO@ESTRUTUREASSESSORIA.COM.BR,,,
36901958000109,PADOVANI CONSULTORIA,11,43710401,,,CONTATO@PADOVANICONSULTORIA.COM.BR,,,
36948188000141,FONTES SERVICOS CONTABEIS,11,90120441,,,MARCIO.FONTES-CONTABILIDADE@OUTLOOK.COM,,,
37028980000140,MMN ASSESSORIA CONTABIL,11,38925214,,,MM_NASCIMENTO@YAHOO.COM.BR,,,
37059272000177,,11,63498847,,,GMARCIANO@BMATA.COM.BR,,,
37534939000146,CSS CONTABILIDADE,11,39791569,,,CLERISONCONTABILIDADE@GMAIL.COM,,,
37594615000101,BRANCO & COSTA ASSESSORIA CONTABIL LTDA,11,99414185,11,99292175,REGILSONCONTABEIS@HOTMAIL.COM,,,
37596677000144,,11,63976499,,,NATIVIDADEFLAVIO@GMAIL.COM,,,
37599352000115,ES GESSO 3D SERV CONTAB,11,56250362,,,CONTATO@ESPIMENTELEMPREITEIRA.COM,,,
37684089000162,,11,95801790,,,ANTONIOBONIN67@GMAIL.COM,,,
37721996000134,CANDIDO ASSESSORIA,6920601,11,92865047,,,MAURICIO1977@GMAIL.COM,,
37737725000177,H.C. DA SILVA SERVICOS CONTABEIS,11,47472945,11,70337625,HENRIQUE1119@HOTMAIL.COM,,,
37873864000128,MR ABREU CONSULTORIA CONTABIL,11,23058085,,,,,,
37967539000124,,11,29538789,,,TRUSKO.CONTABIL@GMAIL.COM,,,
38280402000160,G4AIC,11,55850077,,,LUIZMIRANDA1@OUTLOOK.COM.BR,,,
38431514000174,TRINITY ASSESSORIA,11,29626097,,,LUCAS@LHVCONTABILIDADE.COM.BR,,,
27772558000222,,11,26260552,11,96586061,DBFCONTABILIDADE@OUTLOOK.COM,,,
39227002000153,LPEDRO ASSESSORIA E CONSULTORIA,11,23373317,,,CONTATO@LPEDRO.COM.BR,,,
34471840000154,INTEGRALIZE,11,31165050,,,INTEGRALCONTABIL@INTEGRALCONTABIL.COM.BR,,,
39361215000173,,11,71346951,,,ERIK.HFIG@GMAIL.COM,,,
39418509000194,,11,20913359,,,CILENECONTADORA@HOTMAIL.COM,,,
39542243000197,PIXCONT,11,55899028,,,ADM.PIXCONT@GMAIL.COM,,,
39643935000121,EFRAIM GESTAO CONDOMINIAL & CONTABIL,11,23376554,,,JOAOFRANCAPAIXAO@EFRAIMASSESSORIA.COM.BR,,,
39685006000185,ASVCONTABIL,11,38737993,,,ASVCONTABIL@YAHOO.COM.BR,,,
39697325000100,GOMES BERTOLAZZO ESCRITORIO CONTABIL,11,22170084,,,GOMESBERTOLAZZO2@GMAIL.COM,,,
39720491000180,,11,36850492,,,RPSILVA44@GMAIL.COM,,,
39793279000143,PALLUCE CONSULTORIA EMPRESARIAL,11,54638320,,,LUCAS.FERREIRA@PALLUCECONSULTORIA.COM,,,
39801748000129,AB PROFIT,11,27800322,,,CONTATO@ABPROFIT.COM.BR,,,
39834266000175,USACON CONTABILIDADE,11,43200795,,,LEVI@USACONTABILIDADE.COM.BR,,,
39881015000141,ABS CONTABILIDADE,11,28798889,,,ANDERSON16_08@HOTMAIL.COM,,,
39961510000160,KPI UP CONTABILIDADE E TECNOLOGIA,11,26268568,,,LEGAL@COMPASSCO.COM.BR,,,
40055459000107,ORBITA CONTABIL,19,33056285,19,99859660,ORBITACONTABIL@GMAIL.COM,,,
40073110000106,EQUUS ASSESSORIA E CONSULTORIA CONTABIL,11,95815307,,,FERNADES.EDVALDO@TERRA.COM.BR,,,
40189489000106,GAR CONSULTORIA CONTABIL,6920601,11,37299617,,,GEORGE_RIBEIRO@GARCONSULTORIA.COM.BR,,
35462079000157,CDMA CONTABILIDADE,11,23377218,11,92531510,CDMACONTABIL@GMAIL.COM,,,
40330166000190,,11,56533700,,,AJMORAES@BOL.COM.BR,,,
40659539000171,TRIOCONT,11,64917268,,,CONTATO@CONTABILIDADETRIOCONT.COM.BR,,,
40668284000103,YESHUA SOLUCOES CONTABEIS,11,60291035,,,LUCIENE@YESHUASOLUCOESCONTABEIS.COM.BR,,,
40678653000149,,11,22186640,,,IGOR.STROKES@GMAIL.COM,,,
40729285000110,LUIZ MENDES CONTABILIDADE,5511,91650858,,,LUIZ.MENDES@SAMOT.COM.BR,,,
40783561000129,WECONTAB,11,33841255,,,TIAGO@WECONTAB.COM.BR,,,
34861014000111,PLENITUDE CONTABILIDADE E PERICIA JUDICIAL LTDA,11,37734216,11,75356688,GESTAO@CONTABILIDADEPLENITUDE.COM.BR,,,
40830845000129,R & M CONTABILIDADE,11,10891243,11,11328484,RSCONTABILSOLUCOES@GMAIL.COM,,,
40840484000100,LEGALEGIS SOLUCOES EMPRESARIAIS E CONTABILIDADE,11,67199222,,,CONTATO@LEGALEGIS.COM.BR,,,
17451026000230,,11,56706010,,,DALLAS@DALLAS-PS.COM,,,
40910480000142,PAPS CONSULTORIA,5511,75440306,0,0,RAFA_BATTAGLINI@HOTMAIL.COM,,,
41052925000163,SELECT CONTABILIDADE MEDICA,11,29711564,,,CONTATO@SELECTCONTABILIDADE.COM.BR,,,
41198354000170,RMV CONTABILIDADE,5511,89672743,,,RODOLFO@MARCILINOS.COM.BR,,,
41430796000108,WG CONT,11,22945461,,,WALGUI@UOL.COM.BR,,,
41466622000197,ASSESSORIA CONTABIL ALM,11,87805115,,,AJCONTABILIDADE2019@GMAIL.COM,,,
41572344000152,ELLORA GROUP,11,25161792,11,40346226,MARINAROMEIRO@GRUPOELLORA.COM.BR,,,
28314195000163,ALPHA ORGANIZACAO CONTABIL,11,39012848,,,ALPHA@ALPHACONTABILIDADE.COM.BR,,,
41610076000116,,11,94049550,,,VICTOR.MARCONDES.DI.MARCO@GMAIL.COM,,,
34653585000160,MARCEL ASSESSORIA CONTABIL,11,66853408,11,38587955,MARCEL_FIEL@HOTMAIL.COM,,,
34809088000109,,11,99381297,,,adrianacobucci@gmail.com,,,
40492424000135,GK CONSULTORIA CONTABIL,11,65476519,,,GK.CONSULTORIACONTABIL@OUTLOOK.COM,,,
32994333000170,,11,76684988,,,CARVITAL2014@GMAIL.COM,,,
42010970000118,,11,40409996,,,PARALEGAL.APRIORI@APRIORIBRAZIL.COM,,,
42029800000185,S R L SANTOS CONTABILIDADE,11,74188985,,,SANLIMA1564@GMAIL.COM,,,
42123749000176,AT&T ASSESSORIA EMPRESARIAL LTDA,11,81711095,,,T&T.ASSESSORIA@YAHOO.COM,,,
40832882000176,PROFILE INFORMACOES CADASTRAIS,11,86850101,,,EDSON.BARBOSA@EGMCONSULTORES.COM.BR,,,
42356773000155,,11,30793022,,,CONTABILIDADE@TRIADE.SRV.BR,,,
42362991000100,ANA ASSESSORIA CONTABIL E EMPRESARIAL LTDA,5511,86076080,0,0,MARCOSALEXANDRE.PEREIRA@HOTMAIL.COM,,,
42493324000159,,5511,59730774,0,0,ROSANACCUNHA@GMAIL.COM,,,
42537270000186,LEANDRO AGUIAR SERVICOS CONTABEIS,11,29872328,,,LEANDRO@LASERVICOSCONTABEIS.COM.BR,,,
42699743000141,,11,95869674,,,CONTABILIDADELGJ@GMAIL.COM,,,
42799594000192,,11,21001100,,,FERRACIOLI@FERRACIOLI.COM.BR,,,
42946016000131,IM CONT ASSESSORIA E CONSULTORIA CONTABIL,11,46967570,,,IVANDROMARTINS@HOTMAIL.COM,,,
42992213000197,2PONTOZERO CONTABILIDADE,5511,77235576,0,0,HEITOR@E-ECONTAX.COM.BR,,,
43060782000167,OBJETIVA CONTABIL E IMOVEIS,11,23891617,,,OBJETIVA.NO@TERRA.COM.BR,,,
43187019000100,KODAMA E MACIEL,5561,98830871,0,0,MARLONLDN@GMAIL.COM,,,
43195263000106,ESCRITORIO CONTABIL ZENI,5511,70886086,0,0,ZENI.CONTABIL@UOL.COM.BR,,,
42896882000165,FORT SOLUCOES TRIBUTARIAS,11,72876087,,,LOBATO.CONTADOR@GMAIL.COM,,,
35592806000109,ALPHA7 CONTABILIDADE,11,42424819,,,ALPHASETECONSULTORIACONTABIL@GMAIL.COM,,,
31923943000110,LUIZIS CONTABIL,11,33629980,11,84261015,LUIZMIRANDA@LUIZIS.COM.BR,,,
43448827000175,CENTO E TREZE,11,86749844,,,LETICIA@CENTOETREZE.COM.BR,,,
43453122000146,COUTINHOS CONSULTORIA,5511,82792951,0,0,KIELPCOUTINHO@GMAIL.COM,,,
43498140000144,ELO CLOUD ACCOUNTING,11,27515079,,,CONTABILISTA.ELO.SP@GMAIL.COM,,,
31758935000165,,11,31955369,,,CONTATO@GMACONTADORES.COM.BR,,,
26263914000139,GRIS CONTABIL,11,41178973,,,ATENDIMENTO@GRISCONTABIL.COM.BR,,,
34328739000149,MIGUEL & MONTEIRO ASSESSORIA CONTABIL,11,79785647,,,SHEILLA@MIGUELEMONTEIRO.COM.BR,,,
29098587000103,BLN CONTABILIDADE,11,23238594,,,CONTATO@BLNCONTABILIDADE.COM.BR,,,
28782491000199,CIA CONTABIL MAEF,11,32939255,,,MAEF@MAEF.COM,,,
32309942000142,M3CT CONSULTORIA,11,23663723,11,47690723,CONTATO@M3CT.COM.BR,,,
28030022000113,NETWORKS ONLINE,11,30909259,11,92061404,CONTATO@NETWORKSONLINE.COM.BR,,,
33559724000129,FACIL GESTAO EMPRESARIAL,11,81050112,11,23699584,CLAUADM2017@GMAIL.COM,,,
17612914000297,E-TAX CONTABILIDADE,11,41772102,,,ADRIANA@MCCONTABILIDADES.COM.BR,,,
26086135000105,NOVA PRATICA ASSESSORIA CONTABIL,11,48587622,,,ADMINISTRACAO@NOVAPRATICACONTABIL.COM.BR,,,
31313756000114,,11,99999999,,,EMAIL@EMAIL.COM.BR,,,
27254140000142,AXES,11,36379007,,,ERIKA.BARBOSA@AXESCON.COM.BR,,,
33046190000137,BRUNES ASSESSORIA CONTABIL,11,83930964,11,86093578,CONTATO@BRUNESASSESSORIACONTABIL.COM.BR,,,
40045731000178,MFGIANNINI CONTABILIDADE,11,50213426,,,FABIAN.C.GIANNINI@GMAIL.COM,,,
36642935000119,AZUL CONTABILIDADE,11,58410616,11,58426325,AZULCONTABIL@HOTMAIL.COM,,,
43851025000101,,11,85140247,,,ADM@PYCONTABIL.COM,,,
43855031000137,TAXCONNECT,11,47012164,,,CONTATO.TAXCONNECT@TAXCONNECT.COM.BR,,,
43880423000156,FSLAS CONSULTORIA,11,49607721,,0,FELIPESTICCA@GMAIL.COM,,,
44052601000113,,11,48707185,,,AIRTONLOPLOP@GMAIL.COM,,,
44073952000100,LEGRO CONTABILIDADE,11,98438278,0,0,CARLOSGROPPE@HOTMAIL.COM,,,
44179293000191,DIGITAL PROSPERUP,11,52221465,,,CONTATO@DIGITALPROSPERUP.COM.BR,,,
44194213000177,ASHANTI CONTABIL,11,96840867,0,0,ASHANTI.MAGELA@GMAIL.COM,,,
44253073000160,BM&S CONSULTORIA E ASSESSORIA CONTABIL,11,93872753,,,CONTABIL@BRITOMARSURAESILVA.COM.BR,,,
44333784000145,CONTMI MAIS,11,42867950,11,97164451,ATENDIMENTO@CONTMIMAIS.COM,,,
44428154000154,,11,38813851,,55216950,FLK.FATURAS@GMAIL.COM,,,
44499181000118,ALELAVIE CONTABILIDADE,11,55497667,11,55497704,EDUVALE2001@GMAIL.COM,,,
44645078000139,ACCURACY CONTABIL,11,97988363,,,DINILSON.LINS@ACCURACYCONTABIL.COM.BR,,,
72038292000243,,21,99143048,,,WRP.CONTABIL@YAHOO.COM.BR,,,
44962021000163,,11,83269122,,,JULIANACOLVARA@HOTMAIL.COM,,,
45053663000102,AGILIS SOLUCOES CONTABEIS,11,83187565,0,0,AGILIS.SOLUCOESCONT@GMAIL.COM,,,
45081084000173,,11,32752345,,,FISCAL@FISCAL.COM,,,
45441141000188,JS CONTABILIDADE,11,70807397,0,0,JSOARESOLIVEIRA21@GMAIL.COM,,,
45483387000112,CONJUNTO CONTABILIDADE DIGITAL,11,41545147,,,CONTATO@CONTCONJUNTO.COM.BR,,,
33292666000209,CONTABILIZE EMPRESARIAL,21,34007570,,,CONTATO@CONTABILIZE.ETI.BR,,,
45577016000108,CEF CONTABIL,11,37465668,11,75930789,DIEGO@CEFCONTABIL.COM.BR,,,
45632368000100,DFCONT,11,67119436,,,CONTATO@DFCONT.COM,,,
45699781000192,GRUPO ELASA - CONTABILIDADE,11,55129060,,,ELASACONTABILIDADE@GMAIL.COM,,,
45405383000205,,11,23919986,,,CONTROLEINTERNO@VERSAO2.COM,,,
46208347000125,,11,38039977,,,LUIZCLAUDI@FATOREMPRESARIAL.COM.BR,,,
46229805000102,HEART CONTABILIDADE,11,53000691,0,0,ROBSON.IVAN@HOTMAIL.COM,,,
46230693000100,,21,81351092,,,EDUARDOSATOP@HOTMAIL.COM,,,
46264913000116,LCT CONTABILIDADE,11,38166658,,,LCCONTABIL@NETPOINT.COM.BR,,,
46316528000175,BEAUTY CONTABILIDADE,11,55559926,,,FINANCEIRO@BEAUTYCONTABILIDADE.COM.BR,,,
27908428000274,FBP ASSESSORIA,85,91698080,,,FBPEDREIRA@GMAIL.COM,,,
46372864000135,DIFELPS SERVICOS CONTABEIS E ADMINISTRATIVOS,11,65960781,,,CONTATO@ACCOUNTBANK.COM.BR,,,
46395258000135,LFM CONTABIL LTDA,11,83758287,0,0,LEANDROFRANHAM@HOTMAIL.COM,,,
46643731000156,TELES CONTABILIDADE E ADMINISTRACAO DE CONDOMINIOS LTDA,11,58728594,0,0,PRISCILA.CONTABIL@TBSNET.COM.BR,,,
47011124000136,AWAL CONTABILIDADE,11,38132726,,,AWALCONT@TERRA.COM.BR,,,
47401097000108,CONTAC,11,56693298,,,SANTANACLEO98@GMAIL.COM,,,
46420242000135,PC ANDRADE CONSULTORIA,11,97343361,,,PALOMA.CAROLINI@HOTMAIL.COM,,,
47610599000149,MEM CONTABILIDADE,11,99551875,0,0,MEM.CONTABILIDADE@YAHOO.COM,,,
47614152000148,,11,33629882,,,PROCESSOS@SAPCONRADO.COM.BR,,,
47812937000125,FACILITAPJ - SERVICOS CONTABEIS,11,40531745,,,COMERCIAL@FACILITAPJ.COM,,,
47877110000108,MEDCONTABILIDADE ASSESSORIA CONTABIL E FINANCEIRA,11,98561824,0,0,CONTATO@MEDCONTABILIDADE.COM.BR,,,
47880095000149,,11,48033412,,,CONTABILIDADE@LIRECONT.COM,,,
47892779000160,CNDWEB ASSESSORIA CONTABIL,11,29228807,0,0,CONTATO@CNDWEB.COM.BR,,,
47901694000100,ODYSSEY CONTABILIDADE,11,90165084,,,CONTATO@ODYSSEYCONTABILIDADE.COM.BR,,,
47924845000137,,11,26156509,,,PARALEGAL@THEFLOW.COM.BR,,,
7164951000226,,18,35211198,,,TITANADT@TERRA.COM.BR,,,
47945836000122,'KAYROS CONTABILIDADE,11,59236775,11,41404641,MAGDA@KAYROSCONTABILIDADE.COM.BR,,,
47964943000106,CONTINI CONTABILIDADE,11,67025622,0,0,ALESSANDRO__CONTINE@HOTMAIL.COM,,,
48049356000146,,11,26731228,,,SILVIOFORESTI@GMAIL.COM,,,
48149053000103,ADIV ASSESSORIA CONTABIL,11,86320893,0,0,JOAO2691@HOTMAIL.COM,,,
48200410000102,NAQUES & VIANA ASSESSORIA CONTABIL,11,16955249,,,KN_ASSESSORIA@OUTLOOK.COM,,,
48209161000116,FENIX CONTABILIDADE,11,49147493,,,FENIXCONTABIL22@HOTMAIL.COM,,,
48211186000154,AUTONOMAIS,11,97543526,,,CONTATO@AUTONOMAIS.COM.BR,,,
48250645000109,GADUGI CONTABILIDADE,11,34003003,11,85720747,ATENDIMENTO@GADUGICONTABILIDADE.COM.BR,,,
48279874000156,,11,92433669,11,32594801,NILTON@MGPONTUAL.COM,,,
48281318000114,,11,43242075,,,SLO34@HOTMAIL.COM,,,
48474885000197,CAMILLA SOUZA ASSESSORIA & CONSULTORIA,11,91600226,0,0,CAMILLASOUZA.CONTADORA@GMAIL.COM,,,
48622714000168,ALPHA & OMEGA SERVICOS DE CONTABILIDADE E ASSESSORIA,11,55891814,,,JOICE@ALPHAOMEGACONT.COM,,,
48752645000107,,11,25006140,,,LEGALIZA@SLTCONSULT.COM.BR,,,
48784808000133,MIRANDA - ADVISORY,6920601,11,86304217,0,0,MATHEUSMIRANDA2508@GMAIL.COM,,
48887485000103,,11,97028073,,,FATIMA@NEXTASSESSORIACONTABIL.COM,,,
3784250000905,,11,40048000,,,BR_JURIDICO@PWC.COM,,,
49034371000183,CONTERES,11,87820353,0,0,ALESSANDRO.AHRODRIGUES@GMAIL.COM,,,
49195336000146,,11,74187781,,,JUNIOR.GREGIO@TERRA.COM.BR,,,
49284632000113,GIOVANI CORREIA ROCHA BORDINI,11,68951643,0,0,BORDINI.CONTABILIDADE@GMAIL.COM,,,
49296336000132,SHD CONSULTORIA CONTABIL,11,45882456,,,CONSULTORIA@SHDCONTABIL.COM,,,
49346358000160,RDS ASSESSORIA CONTABIL,11,93391167,,,RONNIE.SOUSASP03@GMAIL.COM,,,
48362500000108,GETRAC ASSESSORIA CONTABIL,11,27800135,,,CONTATO@GETRAC.COM.BR,,,
48419088000107,JC CONTABILIDADE,11,26198748,,,J.SANTOSCARVALHO85@GMAIL.COM,,,
49461998000110,PJ ONLINE CONTABILIDADE VIRTUAL,11,98080811,,,CONTATO@PJONLINE.COM.BR,,,
49482842000116,MAXIMUM INTELIGENCIA TRIBUTARIA,11,14633321,,,ADRIANO@MAXIMUMTRIBUTARIO.COM.BR,,,
49724280000170,OFFICIUM,11,32728394,,,CONTABIL@3AOCUBO.COM.BR,,,
49767830000138,TR MARTIM,11,76310954,0,0,TRMARTIM@GMAIL.COM,,,
49895200000149,RAMOS CONSULTORIA CONTABIL E FINANCEIRA,11,69403486,,,EDILSONR007@YAHOO.COM.BR,,,
50032063000106,CHALLENGER SERVICOS ADMINISTRATIVOS,19,37902574,19,37902570,CHALLENGERSERVICOS10@GMAIL.COM,,,
50090476000139,PROGETTI CONTABIL,11,40076168,0,0,PROGETTICONTABIL@GMAIL.COM,,,
50375399000163,OLIMPHO CONTABILIDADE,11,29944576,,,JULIANA@OLIMPHOCONTABILIDADE.COM,,,
50478539000129,ALICERCE CONTABIL,11,44992002,,,GRUPOALICERCECONTABIL@GMAIL.COM,,,
50491928000194,,11,39992484,,,MUTINGA@UOL.COM.BR,,,
50579836000160,ATTICUS CONTABILIDADE,11,72682523,,,ATTICUS.CONTABIL@HOTMAIL.COM,,,
50726743000111,,11,85418360,0,0,LAERCIO.CAVALHEIRO@TERRA.COM.BR,,,
50761524000173,A M CONTABIL,11,77927522,,,AMCONTABIL.CONTABILIDADE@GMAIL.COM,,,
50912373000107,DIGICORP CONTABILIDADE E CONSULTORIA,11,83090005,0,0,JWOILERWCI@GMAIL.COM,,,
51052970000171,C&V CONSULTORIA EMPRESARIAL E CONTABIL,11,13396547,0,0,CONSULTORIA.CVEMPRESARIAL@GMAIL.COM,,,
51067828000106,,11,24952679,,,CONTATO@PRADPOCONSULT.COM.BR,,,
51072904000163,CONAIGE ASSESSORIA E CONSULTORIA CONTABIL LTDA,11,94616753,0,0,CGASSESSORIACONSULTORIA@OUTLOOK.COM,,,
51149871000102,,11,27813846,,,CONTABILIDADELRJ@GMAIL.COM,,,
51169983000125,GOMES E LIMA CONSULTING,11,85499154,0,0,AGOMESSP@HOTMAIL.COM,,,
51215389000123,CONTABILIDADE CAZEMIM,11,47666137,0,0,SHIRLEI.VBUENO@GMAIL.COM,,,
51220674000132,,11,55393535,,,LEGAL@TOPCONT.COM.BR,,,
51425766000159,,11,99999999,,,JURIDICO@MLFCONSULTORIA.COM.BR,,,
51457312000160,CLB PERICIAS,11,96459155,0,0,CELSOBUENO@IG.COM.BR,,,
51475439000101,PICASSO CONTABILIDADE,11,41183442,,,SOCIETARIO@CONTABILIX.COM.BR,,,
51732108000100,,11,93581249,,,EDMACEDO24@GMAIL.COM,,,
51821914000154,DANIEL MOURA MANENTI DA SILVA,11,52432839,0,0,DANIIELMOURA@YAHOO.COM.BR,,,
51840133000107,POLO GRUPO CONTABIL,11,44596658,,,POLOCONTABILIDADE487@GMAIL.COM,,,
51999393000120,EZRA7,11,37198545,,,MARCELO_LIMA@EZRA7.COM,,,
52172048000180,VALERIA REIS,11,92947616,0,0,VRREIS@GMAIL.COM,,,
52214407000115,PS CONTABILIDADE,11,47803788,0,0,PA.SCRIPTORE@GMAIL.COM,,,
52252626000199,,11,59084120,,,SOCIETARIO@TOTALAUDITORIA.COM.BR,,,
46404779000101,,11,37290513,,,LEGALIZACAO@SOUSERAC.COM,,,
52520458000175,JASCONT ASSESSORIA CONTABIL,11,42774852,0,0,JAMILLESAC@HOTMAIL.COM,,,
52584145000180,,16,82008868,,,JULIANA0801@HOTMAIL.COM,,,
47531171000100,EVOLUCAO CONTABIL - SERVICOS EMPRESARIAIS,11,40029835,,,FELIPE.CAETANO.BOSCHETTI@GMAIL.COM,,,
52993180000153,,11,50902020,,,EDER@DGCT.COM.BR,,,
53162815000133,,11,51835422,,,CONTATO@CAPITALYCONSULTORIA.COM,,,
53188013000100,,11,72105538,,,JONATASSENA1958@GMAIL.COM,,,
53194198000158,LIBERTA CONTABIL E FINANCEIRO,11,86861273,,,JTAMANDARE@GMAIL.COM,,,
53271233000195,MPX COSULTORIA CONTABIL,11,96605198,0,0,MARCOSDANILO84@HOTMAIL.COM,,,
53290163000112,KGM ASSESSORIA CONTABIL E FISCAL,11,63528425,,,MOURAKEILA@HOTMAIL.COM,,,
53461239000125,ML ASSESSORIA CONTABIL,11,99999999,11,99999999,CONTATO@MLASSESSORIACONTABIL.COM.BR,,,
53533362000104,DIEGO DOM CONTABILIDADE,11,92150831,0,0,DIEGO.CONTABIL@UOL.COM.BR,,,
53545986000141,ACONTESSA,11,13325437,55,81321137,ATENDIMENTO@ACONTESSA.CNT.BR,,,
53606153000143,CANAL CONTABIL ASSESSORIA,11,91818357,0,0,CONTATO@CANALCONTABIL.COM,,,
53774826000174,CSM DIGITAL CONT,11,47127971,0,0,CSANTIMOREIRA@GMAIL.COM,,,
53784061000153,BARROS ASSOCIADOS,11,44000810,0,0,MARCO_MTN@HOTMAIL.COM,,,
53845898000165,DENVERCONTABIFI,11,72252003,,,DOLORES@CONTABIFI.COM.BR,,,
53880956000191,RS SOLUCOES CONTABEIS LTDA,11,87936235,,,RSSOLUCONT@GMAIL.COM,,,
53938552000101,TEG CONT,11,76748621,,,CONTATO@TEGCONT.COM.BR,,,
53973305000146,NATIVIDADE ASSESSORIA CONTABIL,11,81203278,0,0,OLIVEIRATAXSOLUTION@GMAIL.COM,,,
54027383000110,,11,53043020,,,FELIPE@AKESSAN.COM.BR,,,
54087406000182,SANAT ASSESSORIA CONTABIL,11,81918730,11,46033579,CONTATO@SANATCONTABIL.COM.BR,,,
54184014000131,MEMORIAL CONSULTORIA,11,85641534,0,0,MBARBOSA@MEMORIALCONTABIL.COM.BR,,,
54250400000184,DOC CULTURE SOLUCOES CONTABEIS,11,12714334,,,FALECONOSCO@DOCCULTURE.COM.BR,,,
54418147000125,GEIGER ASSESSORIA,11,41216111,,,CARLOS@OLIVEIRAJR.COM.BR,,,
54426955000134,CO CONSULTORIA CONTABIL LTDA,11,78261249,0,0,CHARLESOLIVEIRA1972@GMAIL.COM,,,
54549830000100,SG SERVICOS CONTABEIS E ADMINISTRATIVOS,12,96287012,0,0,SGCONTABILEADM@GMAIL.COM,,,
54598151000112,GRUPO COAN,11,38553439,,,LEGAL@COANCONTABIL.COM.BR,,,
54633525000193,RP CONTABILIDADE,11,76457747,,,ROGERIODOMINGUES2012@GMAIL.COM,,,
54675770000163,GUARDIANBK,11,24507468,,,GUARDIANBK@GUARDIANBK.COM.BR,,,
54512545000106,,11,26935141,11,26935143,VABORSATTO@GMAIL.COM,,,
54799717000174,,11,98610564,,,CONTATO@FICONCONTABILIDADE.COM.BR,,,
54895559000156,LILYCONTS,11,10715757,,,CORRESPONDENCIA@LILYCONTS.COM.BR,,,
54922427000176,,11,94058297,,,DENES.FEVARISTO@GMAIL.COM,,,
55093345000129,CONTABLIDADE FACTORING,11,48055583,0,0,ZEKELBE.SANTOS@GMAIL.COM,,,
55245436000132,RB,11,95537168,,,RAFBERTASSI@GMAIL.COM,,,
55426923000100,,11,51920845,,,ALTERCON@ALTERCONASSESSORIA.COM.BR,,,
55434119000164,ENERGIZE CONSULTORIA E GESTAO CONTABIL,11,74719746,,,HELIO@ENERGIZE.CNT.BR,,,
55506780000138,LFCT SERVICOS E CONSULTORIA EMPRESARIAL,11,99745456,,,LFCT@INTERTECHNE.COM.BR,,,
55548360000114,,11,66465359,,,CAMILASANTOSCONTADORA01@GMAIL.COM,,,
55906750000119,CONECTA CONTABIL,11,33000000,,,ALDILENE@CONECTACONTABIL.COM.BR,,,
53879921000132,DEPINTORE ASSESSORIA CONTABIL LTDA,11,33525118,,,SOCIETARIO@DEPINTORE.COM.BR,,,
56086139000154,EQUIVALENCIA GESTAO CONTABIL,96,84076580,,,EQUIVALENCIACONTABIL@GMAIL.COM,,,
56524821000181,GEEK CONTABIL,11,34660129,0,0,ELLITECONTABIL@HOTMAIL.COM,,,
56904517000160,FAGIO CONTABILIDADE,11,52174532,0,0,CONSULTORIA.FAGIO@GMAIL.COM,,,
56123529000157,AS ASSESSORIA CONTABIL & TRIBUTARIA,11,99634677,11,30831400,CONTROLEFINANCEIROEMPRESAS@GMAIL.COM,,,
57058441000161,CEG ASSESSORIA CONTABIL,11,98441655,0,0,CARLOSEGOMES@BOL.COM.BR,,,
56239597000186,MAGUINORIA MARIANO CONTABILIDADE,11,94799680,0,0,CONTADORA.MAGUINORIA@GMAIL.COM,,,
57271654000177,UBN ACCOUNT AGRO,63,84018299,0,0,TADEUMNETTO@GMAIL.COM,,,
57364602000145,UNATAX ASSESSORIA CONTABIL,11,82112825,,,CONTABIL@UNATAX.COM.BR,,,
53074497000159,ASSIS,11,92479430,,,CONTATO@ASSISCONTADORA.COM.BR,,,
57454739000190,,11,99999999,,,CONTABILIDADE@HALSTED.COM.BR,,,
57570473000141,R SANTOS SERVICOS CONTABEIS,11,82518797,,,ANALYCESANTOS@HOTMAIL.COM,,,
57723189000168,CBPC - CENTRAL BRASILEIRA DE PERICIAS CONTABEIS,11,23692488,11,85852029,GABRIELLERVBMARIANO@GMAIL.COM,,,
57809839000192,G.A VALOR CONTABIL,11,60612965,,,VALORCONTABILVC@GMAIL.COM,,,
58169647000121,K.REIS CONTABILIDADE,11,95110502,,,KAH.REIS@OUTLOOK.COM,,,
58225091000143,CMS CONTABILIDADE,11,84120103,0,0,CMSCONTABILIDADE.TRIBUTARIA@GMAIL.COM,,,
58281245000114,EMMA ACCOUNTING & BUSINESS,11,11351749,,,EMMAACC.ADM@GMAIL.COM,,,
58284150000154,,11,29500344,,,CONTATO@CARAVELLECONTABIL.COM.BR,,,
58289412000173,,11,31215454,,,SOCIETARIO@EFFORTS.COM.BR,,,
58387776000196,,11,75178562,,,FASF.CONSULTING@GMAIL.COM,,,
58453277000150,,11,88115446,,,CLAUCBRAGA@GMAIL.COM,,,
58534925000100,LIZZIE CONTABILIDADE,11,13981073,,,LIZZIECONTABIL@GMAIL.COM,,,
58543564000150,NAKAMURA CONTABILIDADE,11,12064360,,,NAKAMURA.CONTABILIDADE@GMAIL.COM,,,
58554637000100,LUCAS BERTO CONSULTORIA CONTABIL - LBCC,83,98843310,0,0,LUCASBERTO2023@HOTMAIL.COM,,,
58639649000137,ACCOUNTABILITY,11,11111111,,,THOMAS.FESL@GMX.AT,,,
58840739000191,BENASSI CONTABILIDADE,11,84413034,11,84413034,DANILOBENASSI@YAHOO.COM.BR,,,
58884936000102,DR. CONTABIL,11,37249440,11,99533563,LEGAL@CONTABIL.NET,,,
8463049000273,MAXXI DOCTOR,21,22069600,,,DIRETORIA@MAXXIDOCTOR.COM.BR,,,
58951117000130,CF CONTABILIDADE AVANCADA,45,84228597,,,MIKAELJHONATAN100@GMAIL.COM,,,
58959118000121,CAROLINE ROCHA ASSESSORIA CONTABIL,11,67519070,,,CRCAROLINIELR@GMAIL.COM,,,
58962188000139,,11,89315662,,,CRISTIANO.FERREIRA.CONTADOR@GMAIL.COM,,,
59026126000188,FINTELIGENTE ASSESSORIA CONTABIL E FISCAL,11,36662646,,,CAIO@FINTELIGENTE.COM.BR,,,
59309367000134,,11,38058420,,,ANTONIOJUNIOR3@GMAIL.COM,,,
59342599000194,,11,97857163,,,INFORMATIVOFISCAL@YAHOO.COM.BR,,,
59425258000182,,11,92918888,,,BORDONCONTADOR@GMAIL.COM,,,
59531230000120,CONTABILIDADE SAO MIGUEL S/S LTDA,11,20410634,11,20266950,RAFAEL@CONTABILIDADESAOMIGUEL.COM.BR,,,
59614590000195,TODA CONTABIL SP,21,79880026,,,CONTATO@TODACONTABIL.COM.BR,,,
59866195000108,CASTRO CONTABILIDADE,11,92593555,,,ACASTRO@VISIONCONSULT.COM.BR,,,
59912813000109,,11,51177833,,,ANDYRUZZANTE@GMAIL.COM,,,
60084809000170,,11,48233842,,,HDRCONTROLADORIA@GMAIL.COM,,,
60089280000188,CENS SERVICOS CONTABEIS,11,91176933,,,ADRIANOMENDES.CONTABILIDADE@GMAIL.COM,,,
55329143000133,F&E SERVICOS CONTABEIS,11,82007983,0,0,BRAGAFABRICIA@YAHOO.COM.BR,,,
49178887000100,ALEMATSU,11,54676812,,,ALEXANDRE@PRECISODECONTADOR.COM.BR,,,
60302773000154,GRUPO BILLION SP,22,97264981,22,97264981,MONIQUE@BILLIONBI.COM.BR,,,
60481581000152,,92,85027912,92,85027912,MESQUITADEQUEIROZ@GMAIL.COM,,,
60600464000160,KR ADVAISOR,11,70413209,11,70413209,KADIMACONSULTING4@GMAIL.COM,,,
60741268000106,CONTBELLI CONTABILIDADE DIGITAL,11,86649982,,,CONTATO@CONTBELLI.COM.BR,,,
60826090000104,RDC CONSULTORIA E ASSESSORIA CONTABIL,11,76960467,,,J.EDUARDO.CRUZ@HOTMAIL.COM,,,
60978634000145,ANICETO COMPANY,11,69705164,,,ANICETOCOMPANYCONT@GMAIL.COM,,,
48365327000193,J TEIXEIRA CONTABILIDADE LTDA,11,45193645,,,CONTABILIDADETEIXEIRA2@GMAIL.COM,,,
61255820000119,,11,84154727,,,BARBARA@SOARESECHELES.COM.BR,,,
61298883000152,C S ACCOUNTING SERVICE,11,67662427,,,CHENIASANTOS30@GMAIL.COM,,,
59518958000111,CARIS CONTABILIDADE,11,83172208,,,RENATO@CARISCONTABILIDADE.COM,,,
61550036000133,IPCON SERVICOS CONTABEIS,11,98287674,,,RKUME@ME.COM,,,
61896642000105,THAOS GESTAO CORPORATIVA PARA ADVOGADOS,11,51865961,,,LEGAL@ESCRITAL.COM.BR,,,
61906876000196,,11,83073374,,,CAMILAPERICIA@GMAIL.COM,,,
56200928000174,,11,20378058,,,PAULATUDE1@HOTMAIL.COM,,,
58569977000104,FSW CONSULTORIA & PERICIA CONTABIL,11,72260817,,,FLAV.SILVA@YAHOO.COM.BR,,,
52185461000180,CONTAXFIN,18,97911671,0,11111111,BRUNNORUIZS@GMAIL.COM,,,
58352946000105,JS PERICIA,11,30340556,11,30340566,MKASSESSORIA@TERRA.COM.BR,,,
61133446000189,FLUXO INTELIGENTE CONTABILIDADE,85,92424545,,,LUANADREYWYS@YAHOO.COM.BR,,,
45430169000110,CRIP,11,45122361,,,ATENDIMENTO@CRIPCONTABILIDADEDIGITAL.COM,,,
59440193000144,INLOS ASSESSORIA EM TECNOLOGIA,11,46343089,,,BR.ASSESSORIA@OUTLOOK.COM,,,
62021801000190,CONTAHERO,11,81069823,11,81069823,RAFAEL_S.1@HOTMAIL.COM,,,
62034242000153,REAL ASSESSORIA CONTABIL,11,38359928,11,,CONTATO@REALASSESSORIACONTABIL.COM.BR,,,
62063630000162,,11,96281538,,,RAQUEL-ALVES@HOTMAIL.COM,,,
62069502000126,VERTER CONTABILIDADE,11,66499008,11,66499008,CONTATO@VERTERCONTABIL.COM,,,
62077183000109,ATR CONSULTORIA,11,86460973,,,RENAN.TRINDADE@NWGROUP.COM.BR,,,
62254751000191,RD CONTABILIZA,11,50000306,,,ROZEDALBOSCO@GMAIL.COM,,,
62387839000181,,11,20763150,,,CLAUDINEI.CHAGAS@BPACONTABIL.COM.BR,,,
62112870000100,,11,87157054,,,LUCAS@NAXOSCAP.COM.BR,,,
62136431000137,NEWEON SOLUCOES CONTABEIS,11,23566668,,,RODRIGOVINAU@GMAIL.COM,,,
62528564000159,,11,92341509,,,DIMAS@CONTABILSENSO.COM.BR,,,
62723898000183,RICAR ASSESSORIA CONTABIL,11,99158720,,,RICARDO.ECAL@UOL.COM.BR,,,
62732005000166,GSR CONTABILIDADE,11,55593617,,,CONTATO@GSRCONTABILIDADE.COM.BR,,,
62777295000164,CONTABILIA CONTABILIDADE DIGITAL,11,10112166,,,CONTABILIADIGITAL@GMAIL.COM,,,
62846903000145,,11,76532872,11,76532872,GEORGE.CHINEN@MLEGATE.COM,,,
62901310000134,CF BUENO CONTABILIDADE,11,98488162,,,GABRIEL@BUENOCONTABILIDADE.COM,,,
63173396000199,,11,76256363,,,CONTABIL.GODOI22@GMAIL.COM,,,
63209452000106,,11,24414261,,,VALERIA.DA.SILVA-@HOTMAIL.COM,,,
63280576000170,BENIGNO CONSULTORIA,11,52156876,11,52156876,STEPHANIE.BENIGNO94@GMAIL.COM,,,
63314563000174,PACON CONTABILIDADE E CONSULTORIA SLU,11,70514915,11,70514915,MARKOSSVINI@GMAIL.COM,,,
63347392000180,KORELA,11,98073019,,,KORELAEMPRESAS@GMAIL.COM,,,
63501783000107,,11,63234666,,,DLR.CONSULTORIACONTABIL@HOTMAIL.COM,,,
63607971000114,JVP,11,29502066,,,FERNANDOJUNIOR0@HOTMAIL.COM,,,
63654140000101,,11,96227243,11,96227343,LAILAHANNAH@GMAIL.COM,,,
63866972000183,SHEKINAH SOLUCOES CONTABEIS,11,35227208,,,COMERCIAL@SHEKINAHCONTABEIS.COM.BR,,,
63988314000164,,11,32550555,,,LEGAL@GALLORO.COM.BR,,,
64031311000109,ARMON AUDITORES,11,44206000,,,FSYAMASHITA@ICLOUD.COM,,,
64037324000187,MCO CONTABILIDADE E CONSULTORIA LTDA,11,96213026,,,MARIACAROLINA.SDO@GMAIL.COM,,,
64094925000121,GRUPO TOFANI,11,39933611,,,TOFANI1@HOTMAIL.COM,,,
64196560000146,ELIS AZEVEDO CONTABILIDADE E CONSULTORIA,11,25394345,,,CONTABIL.ELIS1@GMAIL.COM,,,
64444207000138,,11,95985585,,,SCMACHADO10@HOTMAIL.COM,,,
64588752000106,,11,11111111,,,VANIAOLIVEIRA731@GMAIL.COM,,,
64617907000187,SAAS,11,93178771,,,SAASCONTABIL@GMAIL.COM,,,
64692881000131,GALGANA CONTABILIDADE,11,87362407,,,AURELIA.GALGANO@GMAIL.COM,,,
64775014000160,GLOBAL BRIDGE,11,81179018,11,81179018,DANIEL.ARAGAO@HOTMAIL.COM,,,
64902071000162,,11,29141674,,,INFO@MASTERQUALY.COM.BR,,,
58272703000230,LITTERIS BI LAUDOS E PERICIAS,17,92352233,,,PESCAROLITIAGO@GMAIL.COM,,,
65032148000153,R & R CONTABILIDADE,11,62767182,11,62767182,ROSI_BRAGA@HOTMAIL.COM,,,
65202174000182,,11,85462085,11,85462085,ALINECARVALHO643@GMAIL.COM,,,
65212431000167,,11,50830326,,,VLC@VLCCONSULTORES.COM.BR,,,
65231164000175,S.A. ASSESSORIA CONTABIL,11,22953130,11,22955527,ARCANGEL@UOL.COM.BR,,,
65259349000198,SANTOS NEXT CONTABILIDADE,11,75959079,11,75959079,CONTATO@CFFREGUESIADOO.COM.BR,,,
65298149000144,,11,20200310,,,HELENA.BARBATO@ABGALHA.COM.BR,,,
65307679000101,,11,69649845,,,IC99VIEIRA@GMAIL.COM,,,
65314075000192,LGC ASSESSORIA CONTABIL,11,99999999,,,A@A.COM.BR,,,
65344562000106,DATACONTECH CONSULTORIA FINANCEIRA E TECNOLOGIA DIGIT,11,92728461,,,CONTATO@DATACONTECH.COM.BR,,,
65450627000190,,11,76293967,,,CONTATO@NUCLEO-CONTABIL.COM.BR,,,
65526652000100,DECISON,85,81963090,,,BASTOSTH02@GMAIL.COM,,,
10841667000251,,14,97921893,,,CONTABIL@ESCRITORIOFUTURA.COM.BR,,,
64809922000208,,21,20102850,,,ONIX@ONIX.CNT.BR,,,
65822654000146,REALLEGAL CONTABILIDADE,11,97081049,11,97081042,IRISFSOUZA01@GMAIL.COM,,,
65918800000131,VX CONTABILIDADE,11,40471913,11,92063864,VXCONTABILIDADE01@GMAIL.COM,,,
66036299000142,,11,33856300,,,ADM@ECB.COM.BR,,,
66060067000120,,11,69294742,11,69294742,AMC5986@GMAIL.COM,,,
66173514000157,,11,64021584,,,LEGADOS@LEGADOSCONTABILIDADE.COM.BR,,,
66179181000173,LT ASSESSORIA CONTABIL,11,97047804,,,THAIS@LTASSESSORIA.COM.BR,,,
66210236000160,,11,58484968,,,LEANDROMURICIDASILVA@HOTMAIL.COM,,,
66226956000114,KAIROS SOLUCOES CONTABEIS,11,30825785,,,ARTHURRAJMAGALHAES@GMAIL.COM,,,
66306977000140,VEL CONSULTORIA,11,56616936,,,PARALEGAL@VELCONSULT.COM.BR,,,
66430659000196,GVC CONTABILIDADE,11,34590921,11,87189805,GILSILEIDE.VIEIRA@HOTMAIL.COM,,,
66506575000199,SM CONSULTORIA EM CONTABILIDADE BANCARIA,18,33413215,18,33212998,SICAMVERO@GMAIL.COM,,,
66679256000185,CRESCER CONTABILIDADE EMPRESARIAL E RURAL,17,91867063,11,17247063,NATALIALAURINDO.SJRP@GMAIL.COM,,,
66688199000109,RR CONSULTORIA EMPRESARIAL,11,81458275,11,,RAMOS_50@ICLOUD.COM,,,
67183257000105,CRP CONTROL,11,39032333,11,39032333,CARPE.ROGERIO@OUTLOOK.COM,,,
67205623000171,BD ASSESSORIA E CONSULTORIA CONTABIL,11,76399429,,,DIASB.CONTABIL@GMAIL.COM,,,
67222933000102,,11,99132671,11,99132671,ABEL_903@HOTMAIL.COM,,,
67544624000140,,11,84029049,11,84029049,PAULO.CONTROL88@GMAIL.COM,,,
67568968000190,,11,51656853,11,,JOSILENE.AXE@GMAIL.COM,,,
67656589000151,,11,85588084,,,FINANCEIRO@DRUSACONTABIL.COM.BR,,,
67701282000125,CENTRAL SOLUCOES,71,32314235,11,30923081,SPEREIRA1822@GMAIL.COM,,,
67838569000100,BPC SOLUCOES CONTABEIS,11,86404283,11,86404283,BRUNOSOUZA_9@HOTMAIL.COM,,,
67893673000199,FCS - PILAR CONTABIL E ADMINSTRATIVO,11,89537877,11,93544034,FABIULACRI@YAHOO.COM.BR,,,
68074801000135,CF CONSULTORIA INTEGRADA,11,75638333,,,CFERNANDO.TI@GMAIL.COM,,,
68144268000130,,11,52430117,,,CONTATO@BERENGUEL.COM.BR,,,
68309238000137,,11,64973871,11,64973871,GABIIMOTA14@GMAIL.COM,,,
68309596000140,RENATTI CORIGLIANE ALMEVIA ADVISORY,11,93955223,,,RENATOAPINTO@ICLOUD.COM,,,
1664745000118,,11,39232889,,,VSAGUIAR40@GMAIL.COM,,,
4960542000167,GNW SOLUCAO,11,36752450,,,GNWSOL@GNWSOL.COM.BR,,,
4972187000146,,11,30328525,,,,,,
3333474000143,,11,58943625,,,JUCELINOFSILVA@GMAIL.COM,,,
3338180000104,,11,21639500,,,JOAO@APROBATONETO.COM.BR,,,
94580000123,,,,,,,,,
98552000184,,11,55390797,11,55396141,BONI.CONTABIL@BONICONTABILIDADE.COM.BR,,,
117604000112,TACT,11,38420847,11,38420847,RICARDOPEDROZO@UOL.COM.BR,,,
3410543000175,CORREA LEITE,11,83977693,,,CORREA_LEITE@UOL.COM.BR,,,
3413686000130,H. G.,11,33264298,11,32288822,gasparegaspar@uol.com.br,,,
146568000115,DE LUCCA CONTABIL,11,23854402,,,LAIRDO.LUCCA@DELUCCACONTABIL.COM.BR,,,
5090610000147,,11,86311210,,,CRASINI@ICLOUD.COM,,,
1815227000158,,11,37962393,,,valter@slvicam.com.br,,,
5153430000167,,11,38493647,,,ELIANE@FGUERRAAUDITORES.COM.BR,,,
5170340000184,,11,36725995,,,,,,
5193153000116,MLF,11,51717936,,,JURIDICO@MLFCONSULTORIA.COM.BR,,,
296745000140,SPEC,11,31120777,11,31053207,SPEC.CONTABIL@HOTMAIL.COM,,,
3616803000163,,11,29349415,,,CONTATO@SGULMARCONTABILIDADE.COM.BR,,,
5300495000198,JRBO SERVICOS CONTABEIS LTDA.,11,38640956,,,JRBOCONTABIL@TERRA.COM.BR,,,
3641585000117,,,,,,,,,
3641581000139,,11,22252550,,,BITTA@UOL.COM.BR,,,
5317609000102,EXITOS SERVICOS EMPRESARIAIS,11,29353644,11,29353646,contabilidade.exitos@gmail.com,,,
1981241000121,,,,,,,,,
377431000171,ORGANIZACAO CONTABIL UTILEX,11,56415044,,,UTILEX@HOTMAIL.COM,,,
97476931000100,NOGAL,11,20942235,,,NELSON_NOGAL@YAHOO.COM.BR,,,
2100483000121,MEGA - CONSULTORIA CONTABIL E FISCAL,11,38367344,,,MONICA@MEGAJMP.COM.BR,,,
2126049000110,OCP,11,55110244,11,55122168,CADASTRO@CONTABILPAULISTA.COM.BR,,,
2127580000108,,11,38754715,,,RRCONTABILIDADE@RRCONTABILIDADE.COM.BR,,,
3832844000197,DOMINGUES ARRUDA,11,20151014,,,SERGIO.ELBIO.ARRUDA@TERRA.COM.BR,,,
2187580000101,,11,39184250,11,39174239,ACCRUALL@ACCRUALL.COM.BR,,,
2192017000113,,11,39363983,11,96604448,VISLA@UOL.COM.BR,,,
620421000115,STAFF CONSULTORIA,11,21087801,,,,,,
3994698000104,PENEDO,11,65612467,,,PENEDOASS@IG.COM.BR,,,
2332311000183,,11,38152288,,,FUKABORI@FUKABORI.COM.BR,,,
4050351000168,RODRIGUES & SOUZA CONSULTORIA E ASSESSORIA EMPRESARIAL,11,20945102,11,20944178,rscontadores@terra.com.br,,,
2388496000148,A FONTE,11,27265897,11,27281342,AFONTE@AFONTECONTABL.COM.BR,,,
5758043000154,,11,20528854,,,ANDRE@NUCLEOCORREIACONTABILIDADE.COM.BR,,,
5767824000105,CAPTACAO.NET,11,31501390,11,81009234,WESLES@CAPTACAO.NET,,,
2420053000197,,11,8596010,,,,,,
4162472000100,DELMAR,11,66478712,,,ELISANGELA@DELMARCONTABIL.COM.BR,,,
4188415000191,D' VISAO,11,32141504,,,silvioseg@uol.com.br,,,
877748000177,,11,38658935,,,BENE@NUCLEOAUDIT.COM.BR,,,
4327012000186,CONTACT CONTABIL,11,58435522,11,58435521,CONTSP@CONTSP.COM.BR,,,
4359061000109,,,,,,,,,
2668940000189,,11,26142496,,,JHMATA@UOL.COM.BR,,,
4410491000108,PEREZ BARROS CONTABILIDADE,11,25077092,,,CONTABILIDADE@PEREZBARROS.COM.BR,,,
1055202000101,,11,32754774,,,ORG.CONT.ONISHI@UOL.COM.BR,,,
6092483000188,,11,92603113,,,LEGAL@CONTRES.COM.BR,,,
2706583000104,MATTOS & VEIGA,,,,,,,,
6153223000175,,11,22043528,11,59191982,BENILTONMATOS@ACBRASILTRIBUTARIA.COM.BR,,,
2756759000124,,11,20249100,,,NORTON@NORTONDIGITAL.COM.BR,,,
73468639000170,,,,,,,,,
6189038000130,VALMIN,11,41160216,,,CONTABIL@VALMIN.COM.BR,,,
73594434000130,JC ALVES,11,49925255,11,49925255,jaguar@jaguarcontabil.com.br,,,
56092562000167,,,,,,,,,
1206710000135,MOCARZEL ASSESSORIA CONTABIL,11,30194499,,,MOCARZEL@MOCARZEL.COM.BR,,,
6260216000172,,11,32084183,,,,,,
1221017000131,,11,20662727,,,LEGAL@BELCONTABIL.COM.BR,,,
56571524000197,,11,22938481,11,29410802,DINAFISCO@HOTMAIL.COM,,,
2855334000172,PERSPECTIVA,11,34670569,,,CONTROLADORIA@PERSPECTIVACONTABIL.COM.BR,,,
56812993000150,CONFIRP,11,50783061,11,50783060,areasocietaria@confirp.com,,,
1286738000120,DEMARCHI,11,37989455,,,MAURICIO@VNPAR.COM.BR,,,
57279028000127,,11,23375257,,,legal@informarcontabil.com.br,,,
57280133000186,,11,27968777,,,MIGUELAMORIM@UOL.COM.BR,,,
57350290000110,,11,37490048,11,37432944,CONTATO@ZENCONTABILIDADE.COM.BR,,,
2918143000102,INOVCONT,11,32081077,,,FLAVIO@INOVCONT.COM.BR,,,
4691799000160,,11,38558080,11,38558081,PARALEGAL@OPINIAOASSESSORIA.COM.BR,,,
59640755000365,SOX CONSULT ASSESSORIA EMPRESARIAL,11,26392171,,,SOXCONSULT@SOXCONSULT.COM.BR,,,
6863281000192,,11,33182900,,,LEGALIZACAO@JGMEMPRESARIAL.COM,,,
57749061000173,,,,,,,,,
2961606000119,,11,36610494,,,,,,
6914651000173,,11,31642332,,,CONTATO@MAILTUPI.COM.BR,,,
2976000000157,,11,45087915,11,45085844,SEADECON@TERRA.COM.BR,,,
58098658000168,,11,31063020,,,INFO@CNCCONTABIL.COM.BR,,,
7704644000100,HR CONSULT,11,35649660,11,35649662,HILTON@CONSULTHR.COM.BR,,,
2997137000198,CONTJAMAX,11,22318781,,,ASSISTENTE@CONTJAMAX.COM.BR,,,
39034129000156,SOPHIA CONSULTING,11,31686672,,,DEMETRIO@COKINOS.COM.BR,,,
3003244000116,LFS CONTABIL,11,56324444,,,LFS@LFS.COM.BR,,,
4783482000154,BUCHHALTER,11,31713165,11,32531997,buchhalter@buchhalter.com.br,,,
58409673000180,,11,67261398,,,icarocontabil@terra.com.br,,,
3014659000195,BATISTA E CHAGAS,11,2958380,,,bec@hydra.com.br,,,
4795879000166,THULLER,11,29444426,11,29442358,THULLER@THULLER.COM.BR,,,
7003219000193,PEDROSO AUDITORIA E CONTABILIDADE,,,,,,,,
58916446000140,,11,50843225,,,SUPORTCONTABIL@SUPPORTAC.COM.BR,,,
4855907000193,,11,31053443,11,92420879,GDS.NET@TERRA.COM.BR,,,
1451207000145,PASIN,11,33312998,,,,,,
7048346000109,FAMS CONTABIL,11,22743142,11,20628938,WELITON@FAMSCONTABIL.CM.BR,,,
59273904000133,,11,38359380,,,pafrene@terra.com.br,,,
3103784000171,MEGA VIS,11,50614123,11,50612968,megacc@terra.com.br,,,
7070688000125,GP CONT CONTABILIDADE,11,22917233,,,DIRETORIA@GRUPOPERES.COM.BR,,,
59482745000187,GRUPO ORGPENHA - CONTABILIDADE E SERVICOS,11,29587944,,,LEGAL@ORGPENHA.COM.BR,,,
4904643000110,FDESA,11,55944474,,,FDESACONTABIL@GMAIL.COM,,,
59582874000147,,,,,,,,,
59587113000188,,11,27142550,,,CONTATO@GESTORCONTABIL.COM,,,
59588319000122,,11,21224283,,,PARALEGAL@EABCONTABILIDADE.COM,,,
7093279000144,,11,63417073,,,,,,
1506711000103,P M P,11,21652155,,,CONTATO@PMPCONTABIL.COM.BR,,,
4926060000190,,11,32428465,,,FISCAL@ABACO.SRV.BR,,,
59784488000138,KBGE CONSULTORIA EMPRESARIAL,11,31512340,,,CONTATO@KBGECONSUTORIA.COM.BR,,,
7112274000111,,,,,,,,,
7115625000148,UNIQUE,11,21434519,,,uniqueas@uol.com.br,,,
59944421000113,,11,37223542,,,planac @zipmail.com.br,,,
1529797000181,FASANOSP,11,27046086,11,27719884,CONTATO@FASANOSP.COM.BR,,,
3167238000102,FERCONSULT CONTABILIDADE,11,27296579,,,CONTATO@FERCONSULT.COM.BR,,,
60269859000122,,11,26282676,11,26282682,BETOFAVA@UOL.COM.BR,,,
1573839000181,,11,20924827,,,CADETECONTADOR@UOL.COM.BR,,,
60743820000103,,,,,,,,,
61126793000184,,11,38745757,,,,,,
61377610000101,,11,30312677,11,30315166,MARCO@EXATIC.COM.BR,,,
61456232000143,,11,31113620,,,DIRETORIA@AUDITORABRASILEIRA.COM.BR,,,
43097914000125,,11,32080106,11,32081504,CAPITALORG@UOL.COM.BR,,,
43213750000154,,,,,,,,,
43221134000145,CONPERAUDI,11,31054202,,,CONPERAUDI2020@GMAIL.COM,,,
43292663000130,,,,,,,,,
43335793000102,,11,55492043,11,55733057,BOAVISTACONTABIL@HOTMAIL.COM,,,
7280139000185,ROCA,11,37504128,,,ADM@ROCACONTABIL.COM.BR,,,
7303203000104,CONTIBEM ASSESSORIA CONTABIL,11,37981990,,,NOTIFICACOES@CONTIBEM.COM.BR,,,
62158878000107,,11,31195161,,,EXPEDIENTE@CONTABILTRES.COM.BR,,,
44086668000179,,,,,,,,,
62263710000161,,11,32281209,11,33138806,ATO@UOL.COM.BR,,,
62277918000130,,11,38873664,,,PARALEGAL@SANVILLE.COM.BR,,,
62384623000162,,,,,,,,,
62461991000167,,11,20214968,11,29652845,DELUCA@DELUCACONTABIL.COM.BR,,,
62503677000108,,,,,,,,,
62655618000147,,,,,,,,,
62693619000186,,11,35313233,,,LEGAL@ORCOSE.COM.BR,,,
62726153000178,VALFRAN ORGANIZACAO CONTABIL,11,29117587,11,28512554,VALFRANCONTABIL@TERRA.COM.BR,,,
7369197000180,EDS CONTABILIDADE,11,27981671,,,EDS.CONTABIL@UOL.COM.BR,,,
62738802000150,,11,69188577,,,,,,
7377077000124,,11,36212484,,,CONTABIL@MODESTOKOSAKA.COM,,,
7393500000180,,11,23736267,,,AECOMPANY@AECOMPANY.COM.BR,,,
63067540000102,,,,,,,,,
45356979000173,,11,20901977,,,JOAOEROS@EIFFELCNT.COM.BR,,,
45876497000144,,11,32552525,,,,,,
45880887000198,,11,38729189,,,ORGSP.CONTABIL@GMAIL.COM,,,
45881414000105,,11,38128539,,,,,,
45882222000113,,11,55894625,11,55894625,aprocon@aprocon.com.br,,,
46358016000171,,11,50561920,11,50561922,SIMAL@SIMAL.COM.BR,,,
64029598000124,,,,,,,,,
47691605000130,,,,,,,,,
7400379000176,,11,33688260,,,MARIADOCARMO@MCMCONTABIL.COM.BR,,,
48092217000103,,11,50805266,,,JC.DIRETORIA@CONAUPRO.COM.BR,,,
48221758000186,,,,,,,,,
65082562000177,,,,,,,,,
65519373000119,,11,30712720,11,31683464,BALINTE@UOL.COM.BR,,,
65529281000110,,11,55363377,11,55363585,RT@RTSP.COM.BR,,,
66050378000108,ATR PERICIAS CONTABEIS,11,29528597,,,ATRPERICIAS@ATRPERICIAS.COM.BR,,,
49338049000148,CONTAB,11,56871717,,,,,,
49777063000148,,0,0,,,PROCESSOS@DINAMICCONS.COM.BR,,,
66864893000121,,11,55740699,,,JANDIRA@NOSSAASSESSORIA.COM.BR,,,
66866666000135,,11,32621000,,,contec-av.paulista@uol.com.br,,,
67186866000100,,0,0,,,LEGAL@CONTABILBREZOLIN.COM.BR,,,
67354209000124,,11,31043307,,,CONTATO@PROVIZI.COM.BR,,,
67843516000179,EFICON,11,55237947,,,,,,
67977736000195,,11,32076913,,,DEP.FISCAL@JCSASSESSORIACONTABIL.COM.BR,,,
67981902000127,,11,36607847,,,KRCONS@KRCONS.COM.BR,,,
67988758000150,,11,55895789,,,brjkm@uol.com.br,,,
51574515000136,,11,26959444,11,22919944,contabil.coppola@uol.com.br,,,
51730646000165,CONTEUDO,11,29414133,,,FINANCEIRO@CONTEUDOCONTABILIDADE.COM.BR,,,
68471267000109,,11,50410801,,,marcos@keyssan.com.br,,,
68485176000114,,,,,,,,,
51974343000198,,,,,,,,,
52044310000101,,11,66719001,,,,,,
52400454000153,,11,51825888,,,JOSEROSA@CONTATEC.COM.BR,,,
68972637000183,,,,,,,,,
69258499000138,,11,32557449,,,MIRAGE.CONTABIL@IG.COM.BR,,,
69262558000141,VALENTE CONTABIL,11,29899299,11,29896656,VALENTE.MARLI@UOL.COM.BR,,,
69273431000128,,,,,,,,,
69274074000112,APOIO CONTABILIDADE,,,,,,,,
69281806000100,,11,55611556,,,DELLATORRE@DELLATORRE.COM.BR,,,
52842481000186,,11,66935609,11,66948340,cont_monumento@uol.com.br,,,
71743348000117,,11,55242877,11,55417374,ncsistema@ncsistema.com.br,,,
71743983000102,,11,55850220,,,DIRETORIA@CORTEZZE.COM.BR,,,
7432722000164,HERCONTABIL,11,32293043,11,32292394,HERCON@TERRA.COM.BR,,,
7468239000130,CONESP - CONTABILIDADE E ESCRITURACOES DE SAO PAULO,11,96850014,,,ANDERSON.ACADI@GMAIL.COM,,,
7592568000198,SOLUCAO CONTABILIDADE,11,50161944,11,50161942,SOLUCAO@CONTABILIDADESOLUCAO.COM.BR,,,
2556910000180,,11,25461055,,,ASSCONTABILIDADE@TERRA.COM.BR,,,
4320225000186,,11,37515605,,,consultoria@cicom.com.br,,,
4631561000140,,11,38260678,,,SAMPAHTTI@YAHOO.COM.BR,,,
1477998000182,,11,97275701,,,RENEMOLINA@IG.COM.BR,,,
4178269000113,MOVIDATA ASSESSORIA EMPRESARIAL LTDA,11,20946000,,,MOVIDATA@MOVIDATA.COM.BR,,,
7684447000176,CASTRO ALVES,11,61357308,11,61356211,,,,
7719934000127,,11,32843520,,,JOAO.BOSCO@PRORSULTNET.COM.BR,,,
7733376000154,GEMP,11,36758776,,,GEMP@GEMPASSESSORIA.COM.BR,,,
7767203000157,,11,58417664,,,,,,
7899748000117,MASTROBUONO CONSULTING & ASSOCIATES LTDA,11,28474527,11,23673469,FLAVIA@MASTROBUONOCONSULTING.COM.BR,,,
7937141000184,,11,33925201,,,CARLOS@ENURE.COM.BR,,,
7979175000131,RTB CONTABILIDADE,11,56221584,11,56252543,sylcon@uol.com.br,,,
2964219000136,,11,21647300,11,21647310,KAZUO.KOGA@MSPPAR.COM.BR,,,
3493435000103,,11,33137473,11,33130750,drcontabil@ig.com.br,,,
1237540000156,,11,38366422,,,MARIOSERGIO._@SSPCONTABIL.COM.BR,,,
61535035000110,,11,98587343,,,CONTATO@ORTECSP.COM.BR,,,
8036670000170,,11,33374819,11,33615068,BELCHIOR@CORTESCONTABILIDADE.COM.BR,,,
1655933000180,,11,31012741,,,apeop01@dialdata.com.br,,,
7978145000100,GRUPO URSA MAIOR,11,65215331,,,casemiro_707@yahoo.com.br,,,
2293451000190,PHILADELPHIA ASSESSORIA CONTABIL,,,,,,,,
7085628000186,R&D GESTAO EMPRESARIAL,11,29504220,11,29590872,REDGESTAO@REDGESTAO.COM.BR,,,
4060410000189,CLARU'S,11,55756673,,,leticiakonrath@aol.com,,,
2610646000116,CONT-PEL,11,39171188,11,39172412,SAC@CONTPEL.COM.BR,,,
2775175000104,,11,30487268,,,,,,
7792239000190,ESCRITORIO CONTABIL DERLI,11,62800711,11,62806344,DERLI.CONTABIL@TERRA.COM.BR,,,
59642835000198,,11,82671443,,,LUCIANAFERREIRACRC@HOTMAIL.COM,,,
61366456000164,,11,31676199,,,EMPRACON@EMPRACON.COM.BR,,,
62580055000175,,11,23458862,,,,,,
62595111000145,,11,50519733,,,KOKLER@KOKLER.COM.BR,,,
64161284000180,ELLY,,,,,,,,
44066827000173,,,,,,,,,
66062621000108,,,,,,,,,
67834218000112,,11,55487018,11,55226222,CONTABIL@FERNANDESARAUJO.COM.BR,,,
96523972000130,,11,26528415,,,CONTATO@ASCONTABILIDADEEMPRESARIAL.COM.BR,,,
74330523000132,,11,38319047,,,elocontabil@elocontabil.com.br,,,
6283126000105,EXATA CONTABILIDADE,11,58198200,11,58140442,exataempresarial@terra.com.br,,,
5398530000153,,11,38766636,,,ATENDIMENTO@MARPET.COM.BR,,,
62456017000105,,11,22808877,,,paineira@paineiracontabilidade.com.br,,,
478472000154,C&S GROUP,11,33297180,,,WAGNER@CESGROUP.COM.BR,,,
96514211000111,,11,61372450,,,raphasse@uol.com.br,,,
2083514000183,CONTABILIDADE RIBAS,11,39246804,,,ADMINISTRATIVO@CONTABILIDADERIBAS.COM.BR,,,
2088076000146,,11,20198669,,,SIDNEI@SMORENOAUDITORES.COM.BR,,,
5689265000162,CELERE ADM E CTB,11,60711738,11,52883711,CONTALVES19@GMAIL.COM,,,
775930000117,ROW CONTABIL,,,,,,,,
786923000110,,11,32845944,,,COSTANEIRA@COSTANEIRACONTABIL.COM.BR,,,
4272573000125,CHIRAYAMA CONTABIL,11,26710071,,,CHIRAYAMA@CHIRAYAMA.COM.BR,,,
4293581000158,,11,39763090,,,faesso@uol.com.br,,,
2601483000105,CONDRIMA SERVICOS CONTABEIS,11,25741594,,,ADILIO.CARLOTTI@TERRA.COM.BR,,,
2744798000101,DELTA CONTROLLER,,,,,,,,
6192367000130,LA ASSESSORIA,11,55720793,11,50838968,lourdesarrais@ig.com.br,,,
74356023000170,RHOMA ASSESSORIA,7107,6920601,11,29492777,11,79715243,WILLIAM@RHOMA.CNT.BR,
38890570000177,,11,32374644,11,32553320,CONTVIT@TERRA.COM.BR,,,
3017991000103,,11,30858055,11,30858055,nblcontabilidade@uol.com.br,,,
6980166000106,,11,30592900,,,GRUPO11@GRUPO11CONTABIL.COM.BR,,,
6985276000152,ARAUJO SERVICOS TRIBUTARIOS LTDA,11,33846561,,,FABIO@CONSULTORIAARAUJO.COM.BR,,,
3066268000114,YOSHIDA,11,31516353,,,leader1@ig.com.br,,,
3072920000103,IMAGEM CONTABIL,11,32415379,,,imagemcontabil@terra.com.br,,,
60575693000172,LIDERANCA,0,0,,,GOLFAR@TERRA.COM.BR,,,
43423425000116,,11,22961242,,,IACE@TERRA.COM.BR,,,
43734862000150,,11,50988977,11,50448977,SENEL@SENEL.COM.BR,,,
62843461000183,,11,33834350,,,CONTRATOS@CATANA.CNT.BR,,,
64048275000188,,11,36416169,11,36414939,gestao.contabil@terra.com.br,,,
64164536000125,,11,38587380,,,CHERRYCONTABIL33@GMAIL.COM,,,
50208420000136,ESQUEMA,11,32720744,,,CONTATO@CONTABILESQUEMA.COM.BR,,,
67984807000187,,11,30814886,,,contonix@terra.com.br,,,
7585017000105,,11,66723369,,,,,,
60836343000112,,11,29143088,,,adilson@masterscontabil.com.br,,,
6988138000127,RK ASSESSORIA CONTABIL,11,31017306,,,rk.contabilidade@uol.com.br,,,
7069582000101,,11,56609322,11,56609334,REPRECON@REPRECON.COM.BR,,,
48087704000170,,11,31076269,,,CONT-TROPICAL@UOL.COM.BR,,,
71297000186,,11,37322138,,,ATENDIMENTO@RISACONTABILIDADE.COM.BR,,,
3565663000141,CONAFIS,11,62804060,,,conafis@terra.com.br,,,
5413951000106,,11,56414595,,,mieto@terra.com.br,,,
5886082000137,,11,51829318,,,AUGUSTOPERICIAS@UOL.COM.BR,,,
6195959000106,OTC CONTABILIDADE,11,37815734,,,otc@otccontabil.com.br,,,
1414140000179,,11,26064177,,,SCRITTOFISCAL@UOL.COM.BR,,,
1485420000178,,,,,,,,,
43049782000166,,11,22251242,,,CONFISSC@TERRA.COM.BR,,,
7281406000139,,11,27417670,11,27417674,SILENE@SANTAIZILDINHA.COM.BR,,,
62031950000130,,11,39033140,,,crtl@zip.net,,,
62580063000111,,11,51054200,,,FRAN.CARVALHO@SCRITACONTABIL.COM.BR,,,
7892258000199,ASSESSORIA CONTABIL WASCON,11,76519900,11,76519900,CONTATO@WASCON.COM.BR,,,
66060310000100,,11,39753532,11,39989707,CONTABIL@PACTOCONTABIL.COM.BR,,,
176061000104,DEL RIO,11,69467073,11,69467073,mmdelrio@terra.com.br,,,
6009961000143,,11,32187799,,,ATENDIMENTO@MOOREKSM.COM.BR,,,
2843039000104,ALENCAR ASSESSORIA EMPRESARIAL,11,20412242,,,ANDERSON_ALENCAR@TERRA.COM.BR,,,
38878757000155,,11,31040379,,,DANIELE@ADEMIROCONTAB.COM.BR,,,
1648974000149,CLT CONTABILIDADE,11,56676677,11,56687968,CESAR@CLTCONTABILIDADE.COM.BR,,,
7270448000174,,11,56700780,,,ALMEPE@ALMEPE.COM.BR,,,
61957478000107,,11,22422932,,,FISCAL@CONTABILGUAPIRA.COM.BR,,,
7316618000104,GF AKTIVA,11,56777717,11,56777724,FABIANO@GFAKTIVA.COM.BR,,,
62270582000183,,,,,,,,,
46277596000172,,11,50333490,,,lucio@liracon.com.br,,,
7471562000162,,11,39791403,,,CLIENTE@ZARCONT.COM,,,
7689556000186,,11,69105011,,,ferracioli@ferracioli.com.br,,,
359665000196,,11,55623374,11,55630619,pert@uol.com.br,,,
2209097000172,CAST CONTROLLER,11,66047002,,,HAMILTON_GRANJA@HOTMAIL.COM,,,
2364592000156,,11,31788888,,,PERFIL@PERFILCONTABIL.COM.BR,,,
1561542000104,,11,31044800,,,anto-sou@uol.com.br,,,
60837564000105,,11,32081988,,,TADAO@CONTROLLER.CNT.BR,,,
427571000107,,11,22585410,,,CONTABIL@ITATINS.COM.BR,,,
4775921000187,,11,31057889,,,DEPTO.LEGAL@TERRA.COM.BR,,,
47668140000104,,11,55827777,,,PROCESSOS@ACONTABILISTA.COM.BR,,,
43428481000143,,11,55899998,,,APTA@APTACONTABILIDADE.COM.BR,,,
66050048000112,,11,89396321,11,31018768,FISCAL@TIMELY.COM.BR,,,
303887000197,ORGANOTEC,11,37747009,,,ANTONIO@ORGANOTEC.COM.BR,,,
3752262000109,P.S.K,11,27838155,11,27835328,ADMIN@PSKCONSULTORES.COM.BR,,,
6287370000138,,11,26397825,,,FALECONOSCO@ROSANEZIRAMOSCONTABIL.COM.BR,,,
48436265000163,,11,20200240,,,PACIFICO@GRUPOSAOJUDAS.COM.BR,,,
4847044000102,ELMO - PRESTACAO DE SERVICOS CONTABEIS SS LTDA,11,29530525,11,29522462,MOISES@ELMOCONTABILIDADE.COM.BR,,,
8197845000120,RUIZ & MORETTI,11,41184655,,,FABIO@RUIZEMORETTI.COM.BR,,,
8215050000106,,11,76175118,11,23683192,BELFRAGOSO@HOTMAIL.COM,,,
8217213000181,,11,32864849,11,33723300,PARALEGAL@TAKARA.COM.BR,,,
8218235000166,MONTEIRO ASSESSORIA CONTABIL,11,23596271,,,ALEXANDRE@MONTEIROCONTABIL.COM.BR,,,
8265203000111,INFOCO BPO LTDA,11,38429195,,,FINANCEIRO@INFOCO.COM.BR,,,
8310122000196,TC PRIME CONTABIL,11,32371000,,,SOCIETARIO@TCPRIMECONTABIL.COM.BR,,,
8325853000105,WR ASSESSORIA CONTABIL,11,30516873,,,WAGNER@WRASSECONTABIL.COM.BR,,,
8428694000174,GAGLIARDI ASSESSORIA CONTABIL,11,32086475,11,98971227,gagliardicontabil@terra.com.br,,,
8449066000175,TRAMIT,11,31293581,,,CGOYA@TRAMITASSESSORIA.COM.BR,,,
8453701000198,AOKI,11,33366670,,,AOKI_CONSULTORIA@HOTMAIL.COM,,,
8568137000159,RAGIONIERE CONTABILIDADE,11,50724509,,,ragionierecontabilidade@gmail.com,,,
8652150000191,,11,32210700,,,FORTECONTABIL@FORTECONTABIL.CNT.BR,,,
8658245000112,,11,56423370,,,INCOMPANNY@INCOMPANNY.COM.BR,,,
8684646000147,AM - CONTABILIDADE,11,51838335,,,milleniumcontabil@uol.com.br,,,
8689578000109,EVAZ,11,26793012,,,LEGAL@CONSULTAB.COM.BR,,,
8691879000177,,11,20157829,,,BRUNA@CONTABILIDADEGOLD.COM,,,
8746727000124,N S ORGANIZACAO CONTABIL,11,26928581,11,26929643,NILDA@NSCONTABIL.COM.BR,,,
8773473000133,,11,62158175,,,lagecont@lage.com.br,,,
8798074000127,,11,40048000,,,ROBINSON.GODENCIO@PWC.COM,,,
8267101000135,MAION,11,43010595,,,EDUARDOB@MAIONCIA.COM.BR,,,
8991518000146,FABIO MONTEIRO ASSESSORIA CONTABIL,11,39389303,11,39389307,CONTABILFABIOMONTEIRO@YAHOO.COM.BR,,,
9020573000151,,11,22043810,11,29538789,trusko.contabil@gmail.com,,,
9062694000166,,11,36419887,11,38323906,abilio@vgacontabil.com.br,,,
9074276000199,UNIAO CONSULTORIA E ASSESSORIA CONTABIL LTDA,11,26541900,11,45087880,uniaocont@superig.com.br,,,
9109630000173,,11,31496558,,,PARALEGAL@EQUACAOCONTABIL.COM.BR,,,
9153559000126,,11,39763519,11,39942461,,,,
9281165000153,SQF SOLUCOES EMPRESARIAIS,11,33737432,11,71202476,COSME@SQFSOLUCOES.COM.BR,,,
9348703000180,CONSELHEIRO CONTABIL,11,95961670,,,LEANDRO@CONSELHEIROCONTABIL.COM.BR,,,
9470195000108,,11,5040144,,,APICE@APICECONTABIL.COM.BR,,,
9481221000101,,11,33269569,11,49972288,nlcontabil@terra.com.br,,,
9538294000184,CONTABILIDADE MEDICA,11,25455979,,,CONTABILIDADEMEDICA2@TERRA.COM.BR,,,
9581896000114,,11,38335300,,,ARILDO@CONCITY.COM.BR,,,
10309388000160,GUELT CONTABILIDADE,11,50397007,,,GUELT@GUELTCONTABILIDADE.COM.BR,,,
10334766000166,WILLY CONTABIL,11,20214357,,,LEANDER.SCHREIBER@TERRA.COM.BR,,,
10456884000147,SOUZA E LIMA ASSESSORIA CONTABIL,11,25377430,,,ROGERIO@SLACONTABIL.COM.BR,,,
10495450000156,,11,29364167,,,CONTATO@NAKACONT.COM.BR,,,
10502051000175,,11,47373837,,,ATENDIMENTO@PRIMELEXIS.COM.BR,,,
10513339000145,L&B,11,25032534,,,LOBATO@CONTABIL-LB.COM.BR,,,
10585392000151,ADLER CONSULTORIA & CONTABILIDADE,11,36824243,,,PARALEGAL1@ADLERCC.COM.BR,,,
10645204000133,RCF ASSESSORIA CONTABIL E EMPRESARIAL,11,25792143,,,CONTABIL@RCFCONTABIL.COM.BR,,,
10652452000101,CONDESP CONTABILIDADE,11,58448871,11,58447680,CONDESP@CONDESPCONTABILIDADE.COM.BR,,,
10656364000188,BROMBAY CONTABILIDADE,11,29350855,,,TIAGO@BROMBAYCONTABILIDADE.COM.BR,,,
10669867000198,LAGOA CONTABILIDADE,11,35549003,,,CONTATO@LAGOACONTABILIDADE.COM.BR,,,
10675530000193,A.G.L SERVICOS CONTABEIS,11,55757328,,,COMERCIAL2@GRUPOAGL.COM.BR,,,
20282118000167,,11,20194988,,,jose_benvindo@superig.com.br,,,
10731921000188,CONTABELEZA,11,35524444,,,FINANCEIRO@PRIMEIRO.COM.BR,,,
10733031000105,,11,24787835,,,MARTINS@MFEMPRESARIAL.COM.BR,,,
10737890000172,,11,38061015,,,RAMOSVASQUES@YAHOO.COM.BR,,,
10751937000152,D&F VISAO CONTABIL,11,31076155,11,31017039,EDUARDO.FERREIRA@EAFPERICIA.COM,,,
10760290000125,JS BRASIL,11,41088307,,,CONTABIL@JSBRASILCONSULTORIA.COM.BR,,,
10763347000140,PETINATI ASSESSORIA EMPRESARIAL,11,20702207,11,20702203,ronaldo@macroforma.com.br,,,
10814199000145,IVCON ASSESSORIA CONTABIL,11,20633880,,,ATENDIMENTO@IVCON.COM.BR,,,
10814752000140,TECCONT,11,19678403,,,CONTATOTECCONT@OUTLOOK.COM,,,
10665539000113,SOLIDA CONTABILIDADE,11,55894930,,,CONTABIL@SOLIDACONTABIL.COM,,,
10865394000102,,11,35549003,,,LEGAL01@LAGOACONTABILIDADE.COM.BR,,,
10885940000169,AXXONS,11,38464601,11,38464787,luiz.lopes@axxons.com.br,,,
10928278000187,,11,50805266,,,JC.DIRETORIA@CONAUPRO.COM.BR,,,
10933530000146,ESCRITORIO CONTABIL POMBO,11,22164970,,,RAFAEL@CONTABILPOMBO.COM.BR,,,
10936812000105,,11,58314546,11,41061517,contato@contabilidadeconceito.com.br,,,
10937319000100,MCTS ASSESSORIA CONTABIL,11,32728477,11,33412345,mcleidetsilva@uol.com.br,,,
10963538000155,CASA CONTABIL,11,26283075,,,ROGERIO.COSTA@YAHOO.COM.BR,,,
10983254000120,,11,38324319,11,38314309,jsd@jsdcontabilidade.com.br,,,
11009406000151,KNOW-HOW CONTABILIDADE,11,24767809,,,knowhow_contabil@hotmail.com,,,
11017490000155,VISATA.BR,11,47432745,,,CONTATO@VISATA.COM.BR,,,
11017501000105,GAMA CONTABIL,11,25451773,11,91047395,GAMAJC@TERRA.COM.BR,,,
11019578000106,MARROM CONTABILIDADE,11,88164526,,,MARROM.CONTABIL@GMAIL.COM,,,
11091040000102,QUANTUM,11,38553281,,,CELIA.FERREIRA@CONTABILQUANTUM.COM.BR,,,
11095751000155,,11,43064377,11,43064378,PAULO.LOPES@ECDASSESSORIA.COM.BR,,,
11150583000153,,11,27265015,11,27265015,robson.dias.ferreira@terra.com.br,,,
11286858000180,ICONTEX ASSESSORIA EMPRESARIAL,11,27470299,,,CONTATO@ICONTEX.COM.BR,,,
11312638000184,,11,29052336,11,29052618,flavio@davcruz.com.br,,,
10620229000182,,11,50332810,,,ANDRE@SKLCONTABIL.COM.BR,,,
11333431000196,,11,47222280,,,RICARDO.BISPO.SANTOS@GMAIL.COM,,,
11357033000100,ANALISE CONTABIL,11,22946600,,,CONTABILIDADE@ANALISECONTABIL.COM.BR,,,
11395612000147,ZAAD ASSESSORIA CONTABIL,11,26744771,,,ZAAD.FARIAS@GMAIL.COM,,,
11402009000145,,11,56681179,,,REGULARIZACAO@CERVIX.COM.BR,,,
11426352000120,BRAZIL STARTUP & MAINTENANCE SERVICES,11,81949038,,,SILVA.AMARIANO@GMAIL.COM,,,
11453184000161,KALCONT CONTABILIDADE,11,25442651,,,PROCESSO@KALCONT.COM.BR,,,
11476158000159,EXODO CONSULTORIA,11,31857100,,,CAROLINA.LUZ@EXODOCONSULT.COM.BR,,,
11488569000164,FISCO ORGANIZACAO CONTABIL,11,29850131,,,GRUPOFISCO@GRUPOFISCO.COM.BR,,,
11501884000184,RM ASSESSORIA CONTABIL,11,37291041,11,38321271,CONTABRM@RMCONTABILIDADE.CNT.BR,,,
11545866000102,ASSESSORIA EMPRESARIAL LIMA COELHO,11,55603445,,,afgcoelho@uol.com.br,,,
11556766000173,,11,34332303,,,presenca.contabil@terra.com,,,
11634085000186,,11,85968760,,,ASGLCONTABIL@GMAIL.COM,,,
11711100000142,VN CONTABIL ASSESSORIA EM SERVICOS CONTABEIS,11,23852575,,,ATENDIMENTO@VNCONTABIL.COM.BR,,,
11872194000131,CONEXAO ASSESSORIA CONTABIL,11,25614020,,,solpalhano@hotmail.com,,,
11874919000120,,11,23062621,11,23062631,VALOR@VALORCONTABILIDADE.COM.BR,,,
11907465000147,LUCIANA APARECIDA DE ALMEIDA ALVES - ME,11,99174778,,,LUCICONT@OUTLOOK.COM.BR,,,
11909730000126,,11,56415769,,,mem_assessoriacontabil@hotmail.com,,,
11933128000124,,11,99560364,,,jackieoliveira.jso@gmail.com,,,
11959587000187,,11,21007070,,,JOSY@GRUPOATLANTICO.COM.BR,,,
12011278000143,CYCLO CONTABIL,11,33437129,,,VRODRIGUES@FICSA.COM.BR,,,
12258676000169,,11,38510697,11,39823174,alencarjordo@aasp.org.br,,,
12297646000161,EDUS ORGANIZACAO CONTABIL,11,29476923,,,eliel.scoalheira@hotmail.com,,,
12394252000121,CONTABILIDADE SCIARELI,11,37683601,,,contabilsciareli@uol.com.br,,,
12417479000145,,11,26013225,11,26054627,marcela@mairenaempresarial.com.br,,,
12445586000187,CONTABILIDADE MEDEIROS,11,27351953,11,27345222,cont.medeiros@uol.com.br,,,
12514699000197,BAMBAN ASSESSORIA & RAKSHA CONSULTORIA EMPRESARIAL,11,28412702,11,,BAMBANASSESSORIA@BAMBANASSESSORIA.NET,,,
12579722000121,NEW WORK CONTABIL,11,34217776,11,83570189,CONTATO@NEWWORKCONTABIL.COM.BR,,,
12661113000117,CONTABIL LEAO,11,55747222,,,jose.carlos@contabilleao.com.br,,,
12777771000179,,11,38041385,,,CELIA@CRCM.COM.BR,,,
12802574000162,,11,82016773,,,LUIS@LUHE.COM.BR,,,
12811541000189,CAMPOS ASSESSORIA,11,20190919,11,20190919,campos-gustavo@uol.com.br,,,
12868169000147,MELLPEN,11,29588784,,,EMELLADO@SUPERIG.COM.BR,,,
13030349000118,,11,20814857,,,BRAZCONTABIL@BRAZCONTABIL.COM.BR,,,
13066784000100,,11,29613708,,,FACTUALCONTABIL@HOTMAIL.COM,,,
13104154000175,CPS CONTABIL,11,36193356,,,CLEIA@CPSCONTABIL.COM.BR,,,
13173419000197,PLANIX CONTABIL,11,28727444,11,39762964,PLANIXCONTABIL@PLANIXCONTABIL.COM.BR,,,
13190369000156,PARTNERS CONTABILIDADE,11,26010432,11,26010432,carlos.rodrigues@partnerscont.com,,,
13488083000151,,11,25217801,,,silmara.vk@hotmail.com,,,
20374205000144,,11,29254020,,,PCABRAL7331@GLOBO.COM,,,
13536343000117,C&M CONTABILIDADE E ASSUNTOS FISCAIS,11,25575175,,,CLEIDEPEROBELLI@IG.COM.BR,,,
13568905000104,BS-CONT CONSULTORIA,11,47313454,,,BSCONTCONSULTORIA2026@GMAIL.COM,,,
13649147000159,THOTH INTELIGENCIA CONTABIL,11,99601154,,,,,,
13714052000171,,11,50822450,11,50822450,paulo@optimus.srv.br,,,
13745734000141,OCP CONTABIL,11,31883340,,,ATENDIMENTO@OCPCONTABIL.COM.BR,,,
13866620000150,,11,27293162,11,80768574,ederson.rb@hotmail.com,,,
13917613000130,DMD CONTABILIDADE,11,23617746,11,26142856,DIOGO.CONTABILIDADE@YAHOO.COM.BR,,,
13985170000114,C R CONTABIL,11,59212527,11,49842001,CONTATO@CRCONTABIL.COM.BR,,,
12536127000109,MACRIS ASSESSORIA E CONSULTORIA CONTABIL,11,31974308,,,CONTATO@GRUPOMACRIS.COM.BR,,,
14009937000132,,11,26518914,11,26518375,recontabil@uol.com.br,,,
14074833000101,VIZIONE CONTABIL,11,28222564,,,CONTATO@VIZIONECONTABIL.COM.BR,,,
14146931000107,APOLO CONTABILIDADE,11,99999999,,,SABRINADOLIVEIRA@HOTMAIL.COM,,,
14158487000140,CANDELABRO CONTABILIDADE,11,20424044,11,41068229,MARINA@CANDELABROCONTABILIDADE.COM.BR,,,
14215658000125,FSANTANA CONTABILIDADE,11,38767310,,,CONTATO@FSANTANACONTABILIDADE.COM.BR,,,
14454001000110,SILVA CONTABILIDADE,11,38012595,,,VANDERLEI@SILVACONTABIL.COM,,,
14465451000109,,11,36285119,,,CRISTINA@COCURULLO.COM.BR,,,
14520292000106,LN CONTABIL,11,22164985,,,LN-CONTABIL2011@HOTMAIL.COM,,,
14671827000131,,11,20538960,,,aderitos123@hotmail.com,,,
14754079000150,ERD ASSESSORIA CONTABIL,11,58733956,11,85190234,CONTATO@ERDCONTABIL.COM.BR,,,
14804852000146,EXCCONT GESTAO CONTABIL,11,55246810,11,55212285,sulmoreira@ig.com.br,,,
14805946000130,GFRANCE,11,29051849,,,GUILHERME@GFRANCECONTABILIDADE.COM.BR,,,
14813491000102,SERVICO CONTABIL,11,25973677,,,CONTATO@SERVICOCONTABIL.COM.BR,,,
14985554000108,CONSULTORIA E CONTABILIDADE CORDEIRO,11,43564850,,,CONTABILIDADE.CORDEIRO@UOL.COM.BR,,,
14784588000126,PRIMOS CONTABILIDADE,11,91819081,11,55122227,CONTATO@PRIMOSCONTABILIDADE.COM.BR,,,
15041464000113,ESCRITORIO CONTABILGAMA,11,22922689,,,contabilwande@ig.com.br,,,
15070653000114,,11,26044699,11,28642300,wberges@ig.com.br,,,
15150813000135,SOLARIS BR CONTABIL,11,31068851,11,31063469,JUNIOR@SOLARISBR.COM.BR,,,
15081569000104,WILKER CONTABILIDADE E CONSULTORIA,11,37946169,11,83041499,CONTATO@WILKERCONSULTORIA.COM.BR,,,
15246043000129,REALTEC,11,42442219,,,JULIO@REALTECCONTABILIDADE.COM,,,
15321553000113,SIMPLIFIQUE CONTABIL,11,59000851,11,74871001,CONTATO@SIMPLIFIQUECONTABIL.COM.BR,,,
8307960000100,,11,22395671,,,AUDIT.CTB@GMAIL.COM,,,
8696041000176,PRIZE CONTABIL SYSTEM SOCIEDADE SIMPLES LTDA,11,39789110,,,,,,
10997395000100,ADVISEALPHA CONTABILIDADE,11,26280051,11,26280052,ADVISECONTABIL@ADVISECONTABIL.COM.BR,,,
10999963000102,M QUALITY,11,26387344,11,84024426,TATA.OLIVEIRA@IG.COM.BR,,,
11023144000180,APS CONTABIL,11,38341825,11,33135743,APSESCRITORIOCONTABIL@GMAIL.COM,,,
12285393000106,,11,39479122,,,bpocontabil@bpocontabil.com.br,,,
13177752000174,GC CONTABILIDADE,11,20628848,,,GILBERTO.COLOMBO@GCCONTABILIDADE.COM.BR,,,
13728099000194,,11,37179112,11,81362939,DFISCAL@ACHARYABRASIL.COM.BR,,,
97532744000199,,11,32311077,,,bel.mendes@uol.com.br,,,
14212570000150,JQ CONSULTORIA CONTABIL & EMPRESARIAL,11,26748819,,,JQCONSULTORIA@JQCONSULTORIA.COM.BR,,,
14886804000144,,11,37943559,,,kccoelho@hotmail.com,,,
1351974000263,,11,56706010,,,DALLAS@DALLAS-PS.COM,,,
12060113000161,SDF CENTER,11,99827539,,,JMARCIOCALIXTO@GMAIL.COM,,,
15488403000107,,11,88092892,,,ADM@SUDARIOCONTABILIDADE.COM.BR,,,
15757465000169,PERFORMANCE SERVICOS ADMINISTRATIVOS,11,34737278,,,CONTABIL@PERFORMANCECONTABIL.COM.BR,,,
15789842000141,,11,74774434,,,esmeraldagevenes@ig.com.br,,,
15823245000196,,11,26093453,,,contatex@uol.com.br,,,
16650797000102,JSL ORGANIZACAO CONTABIL EIRELI - ME,11,27427447,11,91678777,jsl.contabil@terra.com.br,,,
8673438000142,AM CONTABILIDADE,11,36879415,,,monteiro@amcontabilidade.net,,,
11188194000117,CONTABILIDADE MAGALHAES E ADMINISTRACAO,11,50314482,11,50314482,contabmagalhaes@uol.com.br,,,
11218192000123,CONTABILRH,11,32276060,,,PARALEGAL@CONTABILRH.COM.BR,,,
14243580000152,S.R.B CONTABIL,11,29147698,11,22735589,srbcontabil@terra.com.br,,,
8261303000170,,11,20928662,,,VIPSCONSULTORES@VIPSCONSULTORES.COM.BR,,,
11849139000120,LIMEIRA E FREITAS ASSESSORIA CONTABIL,11,20123107,11,35354193,limeira.sp@terra.com.br,,,
16797111000100,,11,39153345,,,rosasantos61@gmail.com,,,
16859390000190,CONTABILIDADE PERSONNALISE,11,23641339,11,84696545,carlanoliveira@terra.com.br,,,
17088565000175,CNT - CONSULTORIA NACIONAL TRIBUTARIA,11,38315556,,,LEGALIZA@PORTALCNT.COM.BR,,,
17141586000107,JP PRESTACAO DE SERVICOS,11,55272939,11,55272939,josue.pacheco@ig.com.br,,,
10339993000184,,11,32620821,11,32852386,BLMLOURIVAL@UOL.COM.BR,,,
17197437000160,CONTIDA,11,39665777,,,CIDAMAURO@CONTIDA.COM.BR,,,
17264143000103,S&R CONSULTORIA,11,75796024,,,DIEGO@SANTOSERIBEIRO.COM.BR,,,
17265801000181,R P SILVA ASSESSORIA CONTABIL,11,20923221,,,RICARDO@RPSILVACONTABIL.COM.BR,,,
17481453000180,MC PERICIA TRABALHISTA,11,28150709,11,71144709,egsilva@megacalculos.com.br,,,
17515116000166,SOLUCAO CONTABIL,11,50156658,,,SOLUCAOCONTABIL.CONTATO@GMAIL.COM,,,
17537434000128,LCNV CONTABILIDADE,11,23513076,,,LCNV_CONTABILIDADE@IG.COM.BR,,,
17623388000180,,11,87524540,,,ALEXANDRE-CARMO@GMAIL.COM,,,
17629055000168,VIA DIGITAL CONTABILIDADE,11,27215688,11,88052486,VIADIGITALCONTABILIDADE@HOTMAIL.COM,,,
12891459000101,CONTROLLO,11,20917530,,,LEGAL@CONTROLLOBPO.COM.BR,,,
17828564000110,,11,34640408,11,94198534,LEILAPANZA@UOL.COM.BR,,,
17851766000182,MDVB ASSESSORIA EMPRESARIAL,11,28298423,,,vibemadi@hotmail.com,,,
18067594000113,TRUST CONSULT,11,25895040,11,87524112,ELAINETRUSTCONSULTORES@GMAIL.COM,,,
18143062000118,SIMBOLO,11,29542357,11,29559629,esimbolo@terra.com.br,,,
8264728000132,ALIANCA CONTABIL,11,34615231,,,RICARDO.ALIANCA@HOTMAIL.COM,,,
20473785000127,,11,28698175,,,CONTATO@VECCHICONTABIL.COM.BR,,,
10306049000120,MDF CONTABILIDADE,11,55899028,11,22760258,marcos829@ig.com.br,,,
12285809000196,PROHABIL,11,43293129,,,EDUARDO.LEAL@PROHABIL.COM.BR,,,
12414118000145,PAIVA-ADICONT ASSESSORIA ADMINISTRATIVA & CONTABIL,11,67415987,,,contabilidadepaiva2008@hotmail.com,,,
14209594000150,ABILITY ASSESSORIA CONTABIL,11,29835903,,,ettorifernandes@terra.com.br,,,
18286878000109,NTJ CONTABILIDADE ADMINISTRACAO E COBRANCAS,11,59656997,,,renata.coelho15@yahoo.com.br,,,
14544602000114,CCN ASSESSORIA CONTABIL,11,50587252,,,contabilidadeccn@terra.com.br,,,
14566975000196,RFMA ASSESSORIA CONTABIL,11,76270775,11,94550302,ROBSONBCN@HOTMAIL.COM,,,
14644873000141,PADOVANI CONSULTORIA,11,43710401,,,CONTATO@PADOVANICONSULTORIA.COM.BR,,,
14966610000159,BP,11,26181138,11,91006769,venturawr@uol.com.br,,,
15279396000125,MLF AUDITORES INDEPENDENTES LTDA,11,99999999,,,CONTABILIDADE@MLFCONSULTORIA.COM.BR,,,
16812946000192,PRINCIPIO CONTABILIDADE DIGITAL,11,44863735,11,44864818,SOCIETARIO@PRINCIPIOCONTABILIDADE.COM.BR,,,
17291438000179,CONTRER ASSESSORIA CONTABIL,11,59122115,,,CONTRER@CONTRERCONTABIL.COM.BR,,,
18369174000191,NO TEMPO CONTABILIDADE,11,32141477,11,25331477,CONTATO@NOTEMPOCONTABIL.COM.BR,,,
18482038000103,REVI SOLUCOES CONTABEIS E EMPRESARIAIS,11,38014011,,,ALEXVIEIRA@REVICONSULTORIA.COM.BR,,,
18484458000129,,11,32142014,,,,,,
10777144000102,BOSS - ASSESSORIA E CONSULTORIA,11,97877648,11,36751414,CVO.CONTADOR@GMAIL.COM,,,
18615811000162,,11,37272535,,,PACOVSKI@COMPASS.ADM.BR,,,
18632486000146,,11,56419569,,,rodrigo@timesassessoria.com.br,,,
18660933000170,D.A.S. SSERVICOS EMPRESARIAIS DE GESTAO & NEGOCIOS,11,35675010,,,DENILSONSILVA@ADV.OABSP.ORG.BR,,,
18673456000188,NC2 CONTABILIDADE,11,26386917,,,CONTATO@NC2CONTABILIDADE.COM.BR,,,
17304690000175,,11,50612397,,,BATALHA@BATALHACONTABIL.COM.BR,,,
18703452000103,LUGUI CONTABILIDADE,11,27468790,,,LUGUI@LUGUICONTABILIDADE.COM.BR,,,
18808321000182,HERNANDES CONTABILIDADE,11,32716771,11,32975297,LVCONTAB@GMAIL.COM,,,
11437139000113,,11,31274829,,,ADM@VFCCONTABILIDADE.COM.BR,,,
18897857000111,CALTABIANO ASSESSORIA CONTABIL,11,38535020,,,contabilcaltabiano@outlook.com.br,,,
18957660000120,,11,50892600,,,FRANCISCO.LANDIM@CADIS.COM.BR,,,
19114231000154,ACP CONSULTORIA CONTABIL,11,22912770,,,MICRONSCON@UOL.COM.BR,,,
18902116000181,KELPHA ORGANIZACAO CONTABIL,6920601,11,50625789,11,50625793,kelphaorgcontabil@ig.com.br,,
19170374000183,EDISON CONTABIL,11,28558035,,,EDISON.M.OLIVER@GMAIL.COM,,,
19172850000103,,11,37212114,,,GERENCIA@GRUPOROMA.COM.BR,,,
19258347000167,TUKAZE SERVICOS ADMINISTRATIVOS,11,24768922,,,erik.tukaze@terra.com.br,,,
19241759000194,,11,28027200,,,LEGAL@BALAN-SET.COM.BR,,,
19430327000121,MOTA & ALMEIDA,11,79826436,,,RUDOLFO@MOTAEALMEIDA.COM,,,
19456989000170,KRA CONTABIL,11,34562813,,,CONTATOKRACONTABIL@GMAIL.COM,,,
17368495000109,THOTH ACCOUNTING INTELLIGENCE,11,77777777,,,,,,
19564290000124,PERALE SERVICOS CONTABEIS,11,50344744,,,vanessa.perale@hotmail.com,,,
19598375000123,M. R. CONTABIL,11,94770875,,,MR01CONTABILIDADE050296@GMAIL.COM,,,
19693794000144,,11,74464095,,,diegozamarim@uol.com.br,,,
19831410000102,,11,91133514,11,65762899,ALVARO- TADEU@UOL.COM.BR,,,
19924225000162,PACTOS ASSESSORIA E CONSULTORIA CONTABIL,11,77984491,11,33372496,ZAANGELLA@GMAIL.COM,,,
19934075000178,NATICON CONTABIL,11,58933140,,,naticon@globo.com,,,
19941190000170,,11,56661213,11,56660046,GOLDEMBERGCONTAB@TERRA.COM.BR,,,
19946473000104,WINTEC SGS SERVICOS CONTABEIS,11,25970630,11,25970631,,,,
20520025000123,D5 ASSESSORIA E CONSULTORIA CONTABIL LTDA,11,20830284,,,DIOGO@D5CONTABIL.COM.BR,,,
20655260000102,RG CONTROLADORIA EMPRESARIAL,11,32844427,,,ROGER.GONCALVES@UOL.COM.BR,,,
20711502000138,,11,32054750,,,RBADAN.1968@GMAIL.COM,,,
20848878000199,CONTABILIDADE ASSESSOR,11,20521313,,,ASSESSOR.SAC@GMAIL.COM,,,
20928913000180,,11,30325508,,,ROCONTABIL@ROCONTABIL.COM.BR,,,
21122092000152,,11,33515604,,,LEOMIL@PWTFERRAMENTAS.COM.BR,,,
21162320000118,,11,89015198,,,CONTATO@SERCONTABILIDADE.COM.BR,,,
21186347000140,FOCCUS ASSESSORIA CONTABIL E CONDOMINIAL,11,34671865,,,CARLOS@FOCCUSASSESSORIA.COM.BR,,,
21213054000105,SETORIAL GROUP,11,33134407,11,33133940,SETORIAL@SETORIALCONTABIL.COM.BR,,,
82713595000278,GESTORA,47,31583000,,,FINANCEIRO@GESTORACONTABILIDADE.COM.BR,,,
21336984000156,AGUIACONTAB TATUAPE,11,23675173,,,MARCIA.BARRETO@AGUIACONTAB.COM.BR,,,
21408676000199,CONTABIL EQUILIBRIO,11,23085473,11,96798048,ANTONIO.ANJOS@CONTABILEQUILIBRIO.COM.BR,,,
21514461000152,JCW,11,23649891,,,JOSECARLOS@JCWCONTABIL.COM.BR,,,
21543961000112,DR. CONTABIL,11,37249440,,,LEGAL@CONTABIL.NET,,,
21586781000118,ANDREA COSTA ASSESSORIA FINANCEIRA E CONTABIL,11,84364987,11,50163299,ANDREACOSTA.SOLUCOESADM@GMAIL.COM,,,
21589225000103,HANDALL ASSESSORIA EMPRESARIAL,11,26075361,,,HANDALL@HANDALL.COM.BR,,,
21745483000123,NF ASSESSORIA CONTABIL,11,39845176,,,CONTABILIDADENF@CONTABILIDADENF.COM.BR,,,
21770927000180,VERONNE CONTABILIDADE ESTRATEGICA,11,96733591,,,TIANEAPIRES@GMAIL.COM,,,
21776185000109,LUGE CONTABIL,11,38137060,11,38124224,LUGECONTABIL@LUGECONTABIL.COM.BR,,,
21793929000195,JMATIVE SERVICOS,11,51812801,,,CONTABILIDADE@JMATIVE.COM.BR,,,
22035262000124,ADVANCE CONTABIL,11,38955642,11,32598318,FERNANDO@ADVANCEBPM.COM.BR,,,
22142542000131,S. STEFANI ASSESSORIA CONTABIL EIRELI,11,71145354,,,SILVIOLASER@HOTMAIL.COM,,,
22307505000136,QUEENS ASSESSORIA CONTABIL,11,39872858,11,39872861,QUEENSASSESSORIA@UOL.COM.BR,,,
22371351000141,GR CONTABILIDADE,11,49568288,,,CONTATO@ARCCONTABIL.COM,,,
22408328000184,ROCHALEITE ASSESSORIA CONTABIL,11,33688883,,,CONTATO@ROCHALEITE.COM,,,
22683223000133,,11,29019970,11,29019971,JAMES@ESTRUTURACONTABIL.NET.BR,,,
22698531000132,AME CONTABIL,11,35896218,11,91360678,AME.CONTABIL@UOL.COM.BR,,,
22793551000192,MR CONTABILIDADE,11,20919149,,,,,,
22829722000196,,11,75302306,,,mcjcardozo@uol.com.br,,,
22919298000170,KALCULOS CONTABILIDADE,11,55317103,,,PROCESSOS@KALCULOSCONTABILIDADE.COM.BR,,,
22673999000172,FREC CONTABILIDADE,11,27310161,,,CONTATO@FRECCONTABILIDADE.COM.BR,,,
23092592000114,VERDUS SERVICOS PROFISSIONAIS DE CONTABILIDADE S/S LTDA,11,23733600,,,CONTATO@VERDUS.COM.BR,,,
23156845000176,,11,26283312,,,ALTAMIRO.GUSMAO@CONCEITUALCONT.COM.BR,,,
23271563000110,,11,35697863,,,janaigor@msn.com,,,
23376822000177,,11,20932280,,,BERGCONT@GMAIL.COM,,,
23397109000100,EXITUS ASSESSORIA CONTABIL,11,29772922,11,29790108,EXITUSCTB@UOL.COM.BR,,,
23427287000136,RGT CONSULTORIA CONTABIL,11,99398995,,,RGT.CONTABILIDADE@YAHOO.COM.BR,,,
23526608000150,,11,43025745,,,FONTANIVE.G@OUTLOOK.COM,,,
23581235000110,SANTOS & OLIVEIRA CONSULTORIA EMPRESARIAL,11,44897387,,,ILVO452@GMAIL.COM,,,
23605514000176,GALVAO ASSESSORIA CONTABIL,11,32314155,,,CONTATO@GALVAOCONTABIL.COM.BR,,,
23668639000145,,11,33723700,11,33723701,OSMAR.BUTTIGNON@GLOBALCONSULTING.COM.BR,,,
23782076000111,ADCONTAB ASSESSORIA CONTABIL,11,74941941,,,MARCOS_ADCONTA@TERRA.COM.BR,,,
23846236000149,CONTABILIZAMOS NA MEDIDA CERTA,11,94449645,11,94449219,LEGAL@DATANIL.COM.BR,,,
23850728000108,BOOKS SERVICOS CONTABEIS,11,81492969,,,CONTATO@BOOKSBPO.COM.BR,,,
23851159000115,IL ACCOUNTING SERVICOS CONTABEIS LIMITADA,11,31429789,,,INFO@ITAPEVA-LANK.COM.BR,,,
23863354000165,DIOGENES ASSESSORIA,11,65264720,,,MARIA.DORIANE@HOTMAIL.COM,,,
19319194000110,TRESCONT CONTABILIDADE E ASSESSORIA EMPRESARIAL,11,23054115,,,CONTABILIDADE@TRESCONT.COM,,,
17544987000108,SKAF,11,22755742,11,25775840,ibrahimac@ig.com.br,,,
23926305000124,CONTABIL MARCELLUS,11,32888604,,,KASSAI@UOL.COM.BR,,,
23941980000122,RIVALE SERVICOS CONTABEIS,11,22161282,,,RAPHAVICENTINI@HOTMAIL.COM,,,
23942731000151,CONTABILIDADE DEMARCHI,11,28455788,,,GHANEY.CLEMENTE@GMAIL.COM,,,
15536547000183,,11,31298244,,,escritoriomagnum@magnuncontabil.com.br,,,
24095019000127,HGCON SECOND,11,38549347,,0,GLACIANA@HGCON.COM.BR,,,
24197933000189,ELD ASSESSORIA CONTABIL,6920601,11,71124758,,,CONTATO@ELDASSESSORIA.COM,,
24278570000106,PEREIRA SERVICOS CONTABEIS,11,32665782,,,gm.pereira1@hotmail.com,,,
24280938000170,,11,21158899,,,DELARISCICONTABIL@GMAIL.COM,,,
22939012000119,HX CONTABILIDADE AGIL,11,31642081,,,FABIO@FDMCONTABIL.COM.BR,,,
24328341000159,METROPOLE DIGITAL,11,92255908,,,lajotos@gmail.com,,,
24357269000198,,11,82612743,,,varly.jose@terra.com.br,,,
24383311000145,FAIM CONTABIL,11,65656516,,,CONTATO@FAIMCONTABIL.COM.BR,,,
22129623000100,CSOUZA CONTABILIDADE,11,20311244,,,CV.CONTABIL@CARVALHOVIZIN.COM.BR,,,
24455478000174,FISCONTABIL,11,94750501,11,47505012,MARIOMENDESDACRUZ@GMAIL.COM,,,
24466788000194,MACEL,11,42441705,,,CONTATO@MACEL.COM.BR,,,
32121543001478,,11,50418787,,,FRADEMA@FRADEMA.COM.BR,,,
21799108000166,RIGY ADMINISTRATIVO E CONTABIL,11,98827035,,,RICARDOGODOY.SANTOS@GMAIL.COM,,,
24547335000192,NDSR,11,90026462,,,CONTABILIDADE@NDSR.COM.BR,,,
24586354000128,ESO CONTABILIDADE,11,55215697,,,ELIANE@ESOCONSULTING.COM.BR,,,
24677570000189,FOCO SERVICOS ESPECIALIZADOS EM ADMINISTRACAO,11,13031413,,,PROCESSOS@CONSUPORT.COM.BR,,,
24719984000123,VERDADE CONTABILIDADE,11,74551385,11,59397378,F.PEREIRA.ALVES@IG.COM.BR,,,
21279305000154,CONTABILIZOU ASSESSORIA CONTABIL,11,25897684,,,CONTABILIZOU@OUTLOOK.COM,,,
24847734000179,,11,20847230,11,23458058,ARMGABRIEL@UOL.COM.BR,,,
24925746000174,ADVYS CONTABILIDADE,11,47656673,,,CONTATO@ADVYS.COM.BR,,,
24982352000158,L & H CONTABIL,11,39864290,,,CONTATO@LHCONTABILIDADE.COM.BR,,,
24991290000140,,11,82852418,,,VICTOR@CONSULTORIAARRUDA.COM.BR,,,
25078463000105,EA CONSULTORIA E GESTAO DE NEGOCIOS,11,23715231,,,EDUALMEIDA11@HOTMAIL.COM,,,
25104748000165,,11,83630555,11,34766681,MMETH@UOL.COM.BR,,,
25683453000190,JRN ASSESSORIA CONTABIL,11,58242216,,,JACKSON@JRNCONTABIL.COM.BR,,,
24879418000189,JEOVA LISBOA CONTABILIDADE,11,25745141,11,45173893,CONTATO@JEOVACONTABILIDADE.COM.BR,,,
14464637000143,,11,29541804,,,EMERSON@LEGFISCO.COM.BR,,,
16739946000104,,11,34592083,11,34592126,CONTATO@MAXIMOASSESSORIA.COM.BR,,,
12184878000103,LC LABORATORIO CONTABIL ME,11,23665323,,,SERGIO@LABORATORIOCONTABIL.COM.BR,,,
14675778000105,CONTABIL VIEIRA,11,29671305,,,CONTATO@CONTABILVIEIRASP.COM.BR,,,
23609638000120,HOLDER CONTABILIDADE E CONSULTORIA,11,71660426,,,ad_pires@hotmail.com.br,,,
22520296000104,CONTARG CONSULTORIA CONTABIL,11,56611679,,,CONTATO@CONTARG.COM.BR,,,
20361629000174,MAXXCONT ASSESSORIA CONTABIL,11,34222360,,,CONTATO@MAXXCONT.COM.BR,,,
10536884000157,,11,86860057,,,HENRIQUE@CONTABILPINAR.COM.BR,,,
9355940000178,GOLDMAN GROUP,11,42103226,,,RENATA@GOLDMANCONSULTORIA.COM.BR,,,
14140507000155,DIRETRIZ ASSESSORIA CONTABIL,11,22327135,,,PROCESSOS@DIRETRIZCONTABILIDADE.COM.BR,,,
25424956000141,DBO CONSULTORIA,62,81334516,11,47101797,FULVIOMBJ1977@GMAIL.COM,,,
12586052000170,PATRICIA CONTABIL,11,38659257,11,38013053,MARLENE.HORTA@PHCONTABIL.COM.BR,,,
13418297000151,MARKETING DIGITAL,11,58918859,,,MCN_ASSESSORIA@YAHOO.COM.BR,,,
11177432000199,ACTUAL ORGANIZACAO CONTABIL,11,56340727,11,91871383,ROSENY.QUERINO@IG.COM.BR,,,
14868904000148,,11,38526961,,,PJ@PJASSESSORIA.COM,,,
19552590000193,ORBYTA NEXUS CONTABILIDADE E GESTAO,11,62284500,,,CONTATO@ORBYTANEXUS.COM.BR,,,
9053572000103,TCN ASSESSORIA CONTABIL,11,86113159,,,TCN@TCNASSESSORIA.COM.BR,,,
17199932000108,M.B. ROSA CONTABILIDADE,11,60674080,,,CONTATO@MBROSACONTABILIDADE.COM.BR,,,
15576425000110,MY COUNT CONTABIL E ADMINISTRATIVO,11,22330191,,,CONTATO@MYCOUNT.COM.BR,,,
11288105000104,ORGANIZACAO CONTABIL JOAO XXIII,11,29118982,,,CONTABILIDADEJOAOXXIII@HOTMAIL.COM,,,
13010435000169,,11,36662646,,,CAIO@FINTELIGENTE.COM.BR,,,
15148410000151,,11,23382482,11,23382481,SOCIETARIO@ISMCORP.COM.BR,,,
18570205000178,BPA CONTABIL,11,31978746,,,VAGNER.CASTRO@BPACONTABIL.COM.BR,,,
17684315000106,CONTABIL VIVIT,11,97731803,,,contabilvivit@gmail.com,,,
13430041000160,AMS ASSESSORIA,11,56319392,11,56340673,AMS@AMSCONTABIL.COM.BR,,,
13431269000174,,11,27687567,,,CONTABIL@EJFCONTABILIDADE.COM.BR,,,
22641698000167,UNICON ASSESSORIA CONTABIL,11,96008477,,,UNICONCSP@GMAIL.COM,,,
20839885000124,CK CONTABIL,11,41026273,11,97874814,EELISANGELAFC@GMAIL.COM,,,
22740712000180,DLA ASSESSORIA CONTABIL,11,34326005,,,DLA@DLACONTABIL.COM.BR,,,
15655896000114,MAC - ASSESSORIA E CONSULTORIA CONTABIL,11,41134253,11,28334543,MARCOAS@MARCOASSESSORIACONTABIL.COM.BR,,,
23649735000146,,11,92957572,,,,,,
24612313000169,GISLENE VIEIRA DA SILVA,11,93577486,,,vieira.gislene@gmail.com,,,
24851684000101,CONTSTAR,11,97007840,,,CONTATO@CONTSTAR.COM.BR,,,
13674864000130,,11,32570722,,,TEODOROCONTABIL@HOTMAIL.COM,,,
20880739000142,CONTALEX SERVICOS CONTABEIS,11,31041218,,,,,,
15546596000105,CPCONT ORGANIZACAO CONTABIL,11,34410666,11,28197192,CPCONT@CPCONT.COM.BR,,,
15648592000120,ASSIS & MANDARI,11,32556297,11,31203529,celsoman@msn.com,,,
15834804000163,,11,23669672,,,azienda@azienda.com.br,,,
22536578000108,,11,43713170,,,SOCIETARIO@VLXCONSULTORIA.COM.BR,,,
17413708000177,EAC CONTABILIDADE,11,55737267,11,50840963,CONTATO@EACCONTABIL.COM.BR,,,
23012861000195,KIRIS CONTABILIDADE,11,22544441,,,KIRISCONTABILIDADE@GMAIL.COM,,,
11307628000150,SENSO SERVICOS,11,27373166,11,92341509,dimas@contabilsenso.com.br,,,
13097204000134,R&R CONTABIL E CORRETORA DE SEGUROS,11,27465242,,,CONTATO@CONTABILROMA.CNT.BR,,,
23671659000175,CONTVISOR ASSESSORIA CONTABIL,11,27379924,,,LAIZA@GODCONTROLCONTABILIDADE.COM.BR,,,
11297776000131,COPPOLA ASSESSORIA CONTABIL E TRIBUTARIA,11,50604110,,,ADMFIN@COPPOLACONTABIL.COM.BR,,,
22215765000181,J.A CONTABILIDADE,11,48626877,,,CONTATO@JACONSULTORIACONTABIL.COM.BR,,,
24386238000165,COMPLIANCE PROGN,11,28869066,,,DOMINGOS.NETO@PROGN.COM.BR,,,
10264735000186,IRWINS CONSULTING,11,36248288,,,IRWINS@IRWINS.COM.BR,,,
17321858000150,PERCEPCAO CONTABIL,11,50419595,11,50419603,PERCEPCAO@PERCEPCAOCONTABIL.COM.BR,,,
22268063000166,EMACS CONTABILIDADE E ASSESSORIA,11,58974927,11,58325089,CARDOSOELIANE@HOTMAIL.COM,,,
19631219000117,ASCON ASSESSORIA EMPRESARIAL E CONTABIL,11,25461403,11,20467491,ascon.ass.cont@uol.com.br,,,
10292955000113,WS - WORK START,11,37262131,11,37263664,LEGALIZACAO@WORKSTART.COM.BR,,,
21612410000163,AJR CONTABILIDADE,11,26676883,,,CONTATO@CONTABILIDADEAJR.COM.BR,,,
14675166000112,,11,32187799,,,ATENDIMENTO@MOOREKSM.COM.BR,,,
23828967000161,CS CONTABIL,11,22281893,,,JADESILVA@BOL.COM.BR,,,
10175582000109,OIRAM,11,23352963,11,91267944,OIRAMASSESSORIA@UOL.COM.BR,,,
15478110000130,AQS CONTABILIDADE,11,28495230,,,AQS.CONTABILIDADE@GMAIL.COM,,,
12228918000171,AG10 CONTABIL,11,83397968,,,ANTONIO@AG10CONTABIL.COM.BR,,,
9349108000320,DOMINNARE CONTABILIDADE,27,37215412,,,VANDER@DOMINNARE.COM.BR,,,
19136447000110,PROSPERO CONTABIL,11,32922161,11,32922170,PROSPERO.CONTABIL@HOTMAIL.COM,,,
11384114000107,ORGANIZACAO CONTABIL IARUSSI,11,35073579,11,35074483,contabiliarussi@bol.com.br,,,
22653098000119,DILERS CONTABILIDADE EMPRESARIAL,11,34314778,,,DILERMANDO3776@TERRA.COM.BR,,,
22630903000199,KAYROS CONTABILIDADE,11,84930365,,,KAYROSCONTABILIDADE@GMAIL.COM,,,
23122568000180,ONIX CONTABILIDADE,11,33135201,11,33135202,ALBERTOPARDA@ONIXCONTABIL.CNT.BR,,,
26040229000143,GFDV CONSULTORIA,11,20212669,11,99625012,CONTATO@GFDVCONSULTORIA.COM.BR,,,
26192598000151,,11,27811489,,,sjorare@uol.com.br,,,
26216495000184,FACT SERVICES,11,82592483,,,JOSERS@UOL.COM.BR,,,
26224960000129,,11,29416578,,,ADM@CONTABILSOLUCAO.COM.BR,,,
26282050000100,PRIORIZA CONTABIL,11,51948851,,,CONTATO@PRIORIZACONTABIL.COM.BR,,,
26368674000137,R2 ASSET EMPRESARIAL CONTABIL,11,20712275,,,RICARDO_AKIO@HOTMAIL.COM,,,
26459194000181,MULTIPLIQUE,11,72393804,11,76459556,CONTATO@GRUPOMULTIPLIQUE.COM.BR,,,
26462064000106,ADVISOR BPO,11,32621981,,,CHRISTIANE.MARQUES@ADVISORBPO.COM,,,
26488879000156,,11,38767600,11,38127415,FERNANDA@APPURACONTABIL.COM.BR,,,
26545847000145,CIRIOS CONTABIL,11,37586370,,,cibelerios@uol.com.br,,,
26596259000130,MKCG CONTABILIDADE,11,95371781,,,mkcg.contabil@gmail.com,,,
26600336000189,DNA CONTABILIDADE,11,84708723,,,SILVANASOBRAL@HOTMAIL.COM,,,
26664687000153,ANA PAULA ARRUDA RODRIGO,11,56627016,,,paulana10@yahoo.com.br,,,
26870252000165,MARTINS CONTABIL,11,96191501,,,CONTATORMO@GMAIL.COM,,,
26898398000119,OLEA CONTABILIDADE,11,22586703,,,OLEACONTABILIDADE@GMAIL.COM,,,
26914805000134,,11,29595501,,,JOAO@OLTADO.COM.BR,,,
9250627000256,CAPTA CONSULTORES,11,40039049,85,30252020,CG@CAPTACONTADORES.COM,,,
27018139000119,,11,20764646,,,FORMOSA@FORMOSACONT.COM.BR,,,
27114447000148,LABOR OMNIA,11,25394655,11,97277584,MUSAS.PRESENTES@GMAIL.COM,,,
27218640000129,KAIROS TECNOLOGIA CONTABIL,11,39386527,,,CONTATO@KAIROSEMPRESARIAL.COM.BR,,,
27271940000171,G.P. GRUPO PINHEIRO CONSULTORIA,11,35829514,,,SOCIETARIO@PINHEIROASSESSORIA.COM,,,
27466054000101,JOBCONT ASSESSORIA CONTABIL,11,26679368,,,JOBCONT@JOBCONT.COM.BR,,,
27493853000169,MPS COMPLIANCE,11,51813997,11,98096171,MARCOS@MPSCOMP.COM.BR,,,
27547455000188,,11,30623000,,,TATICCA@TATICCA.COM.BR,,,
27548077000157,HEHNKE CONSULTORIA E ASSESSORIA CONTABIL,11,96431894,,,mercia_hehnkelim@hotmail.com,,,
27950255000171,,11,31255000,,,ANDERSON@AGSOARES.COM.BR,,,
27955407000129,CPX CONSULTORIA,11,31018614,,,ADRIANO@CPXCONSULTORIA.COM.BR,,,
27960576000157,,11,80153281,11,80153280,RDI.CONTABIL@GMAIL.COM,,,
28007440000190,VAN CONTABIL,11,22172368,,,vanfonseca@hotmail.com,,,
28064971000114,CONTARO SOLUCOES CONTABEIS,11,48831550,,,CONTATO@CONTARO.COM.BR,,,
28333642000121,PARDINI CONSULTORIA,11,96448169,,,EUPARDINI@GMAIL.COM,,,
28338108000108,MENDES & REIS CONSULTORIA CONTABIL,11,82219325,,,WMENDESCONTABILIDADE@GMAIL.COM,,,
28407899000180,M & PRATES ASSESSORIA CONTABIL,11,95771679,,,MARLEIDE@MEPRATES.COM.BR,,,
28414786000102,,11,43294647,,,CARLOSALBERTOGIOLO@GMAIL.COM,,,
28509839000179,ALICERCE CONTABIL,11,54964860,11,44992002,GRUPOALICERCECONTABIL@GMAIL.COM,,,
28525163000107,PSW CONSULTORIA,11,31649295,,,SOCIETARIO@MAXIMACONTABILIDADE.COM.BR,,,
28627441000137,TERIS CONTABILIDADE E CONSULTORIA EMPRESARIAL,11,45089000,,,CONTATO@TERISCONTABILIDADE.COM.BR,,,
28814055000154,ENGEFISCO ASSESSORIA EMPRESARIAL,11,29591845,,,ENGEFISCO@ENGEFISCO.COM.BR,,,
28894622000120,,11,28996161,,,ANGELA.STARCK@GRUPOCIMCORP.COM,,,
29045972000184,,11,27826900,,,ITAMARATHY@GRUPOITAMARATHY.COM.BR,,,
29179881000131,DIRECTDEAL,13,33577162,,,CONTABILIDADE@DIRECTDEAL.COM.BR,,,
29198187000161,LIMA SERVICOS DE CONSULTORIA E ADMINISTRATIVO CONTABEIS,11,25563256,,,LIMA.ELISREGINA@GMAIL.COM,,,
29267087000140,ANKOR,11,25927391,,,CONTABILIDADE01.SP@ANKOR.COM.BR,,,
29270906000108,,11,38048469,,,FISCAL@BRCONT.COM.BR,,,
29402935000186,ATIVUM GESTAO E CONSULTORIA CONTABIL,11,47120311,,,CONTATO@ATIVUM.COM.BR,,,
29509720000169,,11,98088346,,,MARINAPRONE75@GMAIL.COM,,,
29640152000130,SERGIO RICARDO ASSESSORIA CONTABIL,11,27213557,11,99190503,SERGIORPEREIRA@TERRA.COM.BR,,,
29810050000116,YBS - CONSULTORIA E CONTABILIDADE,11,38314433,,,PARALEGAL@YBSCONTABILIDADE.COM.BR,,,
29813853000124,,11,32097300,11,32071093,EYOSHIDA@SOMACONT.COM,,,
29832412000170,,11,38681604,11,99331879,CONTABIL@GSAGESTAO.COM.BR,,,
29971990000197,CSANTOS CONTABILIDADE,11,26799543,,,CONTATO@CSANTOSCONTABILIDADE.COM.BR,,,
29986535000165,SACB CONTABILIDADE AUDITORIA E PERICIAS,11,98308031,,,,,,
29986836000199,MARCIA PEDRAO ASSESSORIA CONTABIL,11,92046122,,,,,,
30058959000149,APPELT CONTABILIDADE,11,84480009,,,CLAUDIA.APPELT@APPELTCONTABILIDADE.COM.BR,,,
30162859000168,E-NOVA,11,26584838,,,CONTATO@ENOVACONTABIL.COM,,,
30173271000100,,11,31478551,,,EMILENE_DANTAS@HOTMAIL.COM,,,
30276918000129,CONTABILIDADE ALMEIDA,11,53599447,,38079526,EDSON@CONTABILIDADEALMEIDA.COM,,,
26194230000122,REAL CONTABILIDADE,11,29189242,,,PGAGLIATO@HOTMAIL.COM,,,
30344172000143,AUTISTA EMPREENDE,11,76910766,,,JOAO.ABITANTE@CONTABILIDADE.NET,,,
30449010000170,L.R.CONTABILIDADE,11,55890408,,,LRCONTABIL@TERRA.COM.BR,,,
30655890000130,VGA GESTAO TRIBUTARIA,11,39911546,,,VANARAUJOS@GMAIL.COM,,,
30458284000125,JG CONTABILIDADE,11,53804041,,,COSTA.JUSSARA@GMAIL.COM,,,
30773119000168,EQUALISE,11,31050423,,,CONTATO@EQUALISE.COM.BR,,,
30840431000127,AREZZO,11,20287999,,,CONTATO@AREZZO.SRV.BR,,,
30843011000102,,11,58520535,,,NASCIMENTODCN@GMAIL.COM,,,
31160689000145,2CONTABIL,11,51812035,11,84461444,SONIA@2CONTABIL.COM.BR,,,
31218799000110,NEWFISC ASSESSORIA CONTABIL,11,25393904,,,NEWFISC@HOTMAIL.COM,,,
31266610000165,CONTABEAUTY,11,20982000,,,RAFAEL@CONTABEAUTY.COM.BR,,,
31274278000180,FAMAR CONTABILIDADE,11,75456355,,,FAMAR.ASSESSORIA@UOL.COM.BR,,,
31517293000102,CLEARCOUNT SOLUCOES,11,20202020,,,CLEARCOUNTCONTABIL@OUTLOOK.COM,,,
31553488000108,AC CONTABILIDADE,11,56786381,11,93630288,LUCIMARAANDRIAN@HOTMAIL.COM,,,
31709094000104,ACCECONT,11,20206922,,,,,,
31743201000102,MARQUES E MUNIZ ASSESSORIA EMPRESARIAL,11,95448360,,,SONIA.MUNIZ@MARQUESEMUNIZ.COM.BR,,,
31831116000104,,11,72944756,,,STEINADLER.SERVICOS@GMAIL.COM,,,
26331086000200,,11,45581318,,,,,,
31915964000193,,11,65112975,,,HHD@BOL.COM.BR,,,
32096592000183,,11,32074488,,,AS-ASSESSORIA@UOL.COM.BR,,,
32114422000184,,11,29773488,,,JURIDICO@FIGUEIREDOBEDA.COM.BR,,,
32114825000123,DUTRA CONTABILIDADE,63,84384739,,,DUTRACONTABILIDADE07@GMAIL.COM,,,
30643915000186,*******,11,39260197,11,22720976,SOLANGE@YIELCONSULT.COM.BR,,,
32459705000168,PROEX CONTABILIDADE,11,55041924,,,CONTATO@PROEXCONTABILIDADE.COM.BR,,,
32607511000162,O MESMO,11,38879741,,,MAURICIOMALVEZI.SERVICOS@GMAIL.COM,,,
32648836000193,ZAPATA E MORAIS CONTABILIDADE E CONSULTORIA,11,75655628,,,CONTABILIDADE@ZAPATAEMORAIS.COM.BR,,,
32661808000106,CONTREIRA - SERVICOS CONTABEIS,11,56835716,,,KCONTREIRA@METALTEX.COM.BR,,,
32676792000105,SOMMAR CONTABILIDADE,11,99819735,,,SOMMAR@CONTABILSOMMAR.COM.BR,,,
32785585000199,RPIFFER SERVICOS CONTABEIS,6920601,11,61985830,,,LILIAVILAS@GMAIL.COM,,
32830901000105,INPODERA CONTABILIDADE,11,76297355,,,INPODERACONTABILIDADE@GMAIL.COM,,,
32797876000105,,11,35789300,,,ROGERIO@AGOCONTABILIDADE.COM.BR,,,
33249169000139,TIRRENO ASSESSORIA CONTABIL E FISCAL,11,43241018,,,FARIASDELIMA@GMAIL.COM,,,
33448764000101,G S S - SERVICOS CONTABEIS,11,33468236,11,81126703,GEL.SOARES@TERRA.COM.BR,,,
33603299000128,COMPASS PLANEJAMENTO ESTRATEGICO,11,26268568,,,LEGAL@COMPASSCO.COM.BR,,,
33619805000177,,11,22766348,11,25784745,ESCTRIANGULO@TERRA.COM.BR,,,
33713601000109,AICITEL,11,25899661,11,25899662,AICITEL@AICITEL.COM.BR,,,
33893593000111,R. DA SILVA ASSESSORIA CONTABIL,11,43013229,11,97008992,RENATO@RDSILVACONTABILIDADE.COM.BR,,,
33902377000195,WERT SP,21,25334291,11,56812301,JOSECARLOS.CAMARINHA@WERT-SC.COM.B,,,
33923311000181,MS ASSESSORIA,11,32310711,11,32313248,MSASSESSORIA@UOL.COM.BR,,,
34005404000190,TT CONTABIL,11,20810700,11,38074276,,,,
34316686000146,C J CONTABIL,11,76410477,,,CLAUDIA_JUNQUEIRA@IG.COM.BR,,,
11576389000215,AGHADE CONTABIL,11,27746123,11,35968710,RENATO@AGHADECONTABIL.COM.BR,,,
34720547000183,MAIORINI CONSULTORIA E BPO,11,23666556,11,31981013,ATENDIMENTO@MAIORINICSC.COM.BR,,,
34766926000104,CENA CONTABIL,11,91293434,,,DNL.FENDS@GMAIL.COM,,,
34767396000119,BECV CONTABIL,11,99067864,,,CAO@BECV.COM.BR,,,
34868107000178,,11,42086187,,,CONTATO@DIGITALWEBCONTABIL.COM.BR,,,
34885787000138,,11,95815352,,,FERNANDARACAU@GMAIL.COM,,,
34895509000161,CETEC CONTABILIDADE,11,31057282,11,31016973,CETEC@TERRA.COM.BR,,,
34959620000174,R&M INTELIGENCIA CONTABIL E CONTROLADORIA,11,41758404,,,CONT.RAFFA@YAHOO.COM.BR,,,
34999592000119,RADM CONTABILIDADE,11,80282519,,,RADMCONTABILIDADE@GMAIL.COM.BR,,,
35119256000105,FAZZ CONSULTING,11,63041066,,,SUPORTE@FAZZCONSULTING.COM.BR,,,
35239999000100,R. SILVA CONTABIL,11,73732992,11,64046203,FILH.RPS@GMAIL.COM,,,
35573764000150,DAVID HENDERSON SERVICOS DE CONTABILIDADE,11,61643835,,,ROBENSONDACOSTA@GMAIL.COM,,,
35653168000180,CONTROLLVIX,11,41761976,,,VIRLANDIALEAL@TERRA.COM.BR,,,
35784643000158,CONTABIL 3 NIVEIS,11,20683547,,,CONTABIL3NIVEIS@GMAIL.COM,,,
35875815000107,SUPREMACIA CONTABIL,11,81521781,11,27467822,JANAINA.BENEDETTI@GMAIL.COM,,,
35929395000196,LIMA CONTABILIDADE,11,40252519,,,LIMANETTO@GMAIL.COM,,,
36213276000103,CONTAPE CONTABILIDADE,11,85780549,11,83057314,ISABELOLIVEIRA23@YAHOO.COM.BR,,,
36233628000184,,11,94646323,,,LUCIANORODRIGUES@ADV.OABSP.ORG.BR,,,
36150828000173,QUAZZA CONSULTORIA,11,16388353,,,CONTATO@QUAZZACONSULTORIA.COM.BR,,,
36333332000135,MAFRA CONTABILIDADE,11,37686523,,,MARLON@MJMAFRA.COM.BR,,,
36378344000186,PR ABREU CONTABILIDADE,11,42246929,11,32896451,EDSONCONTABIL@EDSONCONTABIL.CNT.BR,,,
36446173000185,,11,81088114,,,ANGELICA.ZOEY@GMAIL.COM,,,
36475038000168,,11,89868404,,,,,,
36481053000119,FLXS,11,71275183,11,35545465,JOSE.NACID@GMAIL.COM,,,
36506591000110,F. SOUZA ASSESSORIA CONTABIL,11,29939695,,,FASINHA.OLIVEIRA@HOTMAIL.COM,,,
36716960000108,ROVI,11,36734671,,,ROVIASSESSORIA@UOL.COM.BR,,,
36823786000194,LEGALIZE CONTABILIDADE,11,81752704,,,CRISTINA@CONTABILIDADELEGALIZE.COM.BR,,,
36839015000195,JACARANDA CONTABILIDADE E PERICIA,11,42572077,,,CONTATO@JACARANDA.CNT.BR,,,
36984239000190,ATTIVO CONTABIL,11,39659737,11,81113599,CARLOSMARTINSJR@UOL.COM.BR,,,
37008805000191,,11,45261266,,,DEMETRIO.HABIB@GRUPOQUALITY.SRV.BR,,,
37018706000190,ID ASSESSORIA CONTABIL,11,25484041,,,CONTATO@IDASSESSORIA.COM,,,
37064329000126,MT CONSULTORIA GLOBAL,11,11111111,,,BACKOFFICE.SBV@NTWCONTABILIDADE.COM.BR,,,
37425214000110,ACERTA CONTABILIDADE,11,39958892,11,81063481,TLIMA@ACERTACONT.COM.BR,,,
37433996000139,T2Y CONTABILIDADE E SERVICOS ADMINISTRATIVOS,11,86147819,,,TATYANY.PEREIRA@VIDADEAUDITOR.COM.BR,,,
37468976000101,JRF CONTABIL,11,23890393,,,CONTATO@JRFCONTABIL.COM.BR,,,
29726622000183,,11,33336161,,,PARALEGAL@TARGETCTB.COM.BR,,,
37955023000160,CONTABWILL,11,69232828,,,CONTATO@CONTABWILL.COM.BR,,,
28334497000101,GRUPO VS11 CONTABILIDADE,11,85474207,,,CONTATO@GRUPOVS11.COM.BR,,,
38289288000139,LIVINS,11,42377156,,,CONTATO@VIANAESA.COM.BR,,,
38326027000141,L BALLET CONTABILIDADE,11,96740838,,,LBALLET.CONTABILIDADE@GMAIL.COM,,,
38420518000157,,11,98056557,,,MQUEIROZ_99@HOTMAIL.COM,,,
38457147000188,,11,89100121,,,ENEASDASILVA@UOL.COM.VR,,,
6980921000225,,16,39646780,,,LEGAL@CERIBELLICONTAB.COM.BR,,,
39255457000182,BR EFFORTS,11,32621981,,,LEGALIZACAO@ADVISORBPO.COM,,,
39290082000191,,15,32571097,,,BALDACIN@OUTLOOK.COM,,,
39430431000123,,11,31061505,,,GUIMARAES@TARGETBPO.COM.BR,,,
39514140000113,RESOURCE ASSESSORIA CONTABIL,11,80125657,,,RESOURCE.ASSESSORIA@GMAIL.COM,,,
39528116000133,ICONTABILE,11,65667064,,,OJ_MOTTA@YAHOO.COM.BR,,,
39546633000135,,11,96241753,,,XPACONTABILIDADE@GMAIL.COM,,,
39371822000114,ERIC CRUZ CONTABILIDADE,11,51543622,11,99999999,CONTABILIDADE@ECCONTAB.COM.BR,,,
39580848000172,,11,26826066,,,CONTATO@ORGHAYASHI.COM.BR,,,
39751527000193,OLIVEIRA SERVICOS CONTABEIS,11,20152331,,,CARLOSXOLIVEIRA@UOL.COM.BR,,,
39887141000103,RESULT CONTABIL,11,24920634,,,ANTONIO.BARROSC@GMAIL.COM,,,
39969378000133,,11,29490299,,,RFIORI60.RF@GMAIL.COM,,,
40002544000107,DI CONTA LTDA,11,79737419,,,CONTATO@DICONTA.COM.BR,,,
40172721000101,MEDCOUNT CONTABILIDADE,11,50713757,,,EMARQUES@MEDCOUNT.COM.BR,,,
40207547000187,ETHAN CONSULTORIAS,11,80267675,11,20592687,JULIANA.JJSAMPAIO@GMAIL.COM,,,
40495621000108,DECLARA ASSESSORIA CONTABIL,81,97194244,,,WANESSA@DECLARACONTABIL.COM.BR,,,
40533007000193,CONTABILIDADE CONSULTIVA DIGITAL,11,90118475,22,81697634,IRLANYROLIM7@GMAIL.COM,,,
40572487000100,HORIZON CONTABILIDADE,11,37960600,,,CONTATO@HORIZONCONTABIL.COM.BR,,,
40611947000153,MSG,5511,91461474,0,0,MARCO_A_FERRAZ@HOTMAIL.COM,,,
40654981000105,SINERGIA CONTABIL,11,41124571,,,SINERGIA.CONTABIL@OUTLOOK.COM,,,
40723060000157,NEXT AVANCE,11,25808319,,,ANA@CONTABILIDADENEXT.COM,,,
40744837000160,EXATA CONSULTORIA CONTABIL,11,57447623,,,ADAIAS@EXATACONSULTORIACONTABIL.COM.BR,,,
40759636000136,CONTABILIDADE GOMES BARRETO,11,22215315,11,22210691,NELSON@UOL.COM.BR,,,
38330875000124,L&A BUSINESS PARTNERS,11,27142661,,,ANAPAULA@LABUSINESS.COM.BR,,,
40789369000140,,11,44802000,,,FABIO@TIEX.COM.BR,,,
40954981000120,ROMUAL CONSULTORIA TRIBUTARIA,5511,54491773,0,0,WILLIANROMUAL@MCMCONTABIL.COM.BR,,,
40966353000165,RSV CONTABILIDADE,11,94766734,,,RSVCONTABILIDADE2021@GMAIL.COM,,,
40989583000140,JPROS CONTABILIDADE,11,23730922,,,JPROS@JPROSCONTABILIDADE.COM,,,
41132597000105,PEARSON PARTNERS,11,77586247,11,87763132,EDSON@EDIGITALCONT.COM.BR,,,
41314623000116,RESULTAJA ASSESSORIA E GESTAO EMPRESARIAL,11,24782398,,,CONTABILIDADE@RESULTAJA.COM,,,
41339989000140,MULTICON ASSESSORIA E CONTABILIDADE,11,51023011,11,33687268,MULTICON@MULTICONTAB.COM.BR,,,
41437888000101,,11,20192656,,,HENRIQUE.SBENJAMIN@GMAIL.COM,,,
41494533000154,MORANDI CONTABILIDADE,5511,31430889,0,0,GIHMORANDI1234@GMAIL.COM,,,
41571351000130,MATTOS CONTABILIDADE,11,54357182,,,CONTABIL@MATTOSCONTABIL.COM,,,
41689801000193,CONTVAROLO,11,98327061,,,ELIANAVAROLO@HOTMAIL.COM,,,
41718221000187,,11,37575676,,,R.GASPARETO@PERSONNALITE.SRV.BR,,,
41837601000130,RF,5511,95527601,0,0,RONALDOBADONA@YAHOO.COM.BR,,,
36398417000100,NORDEN CONTABILIDADE,11,55740093,,,CONTATO@NORDENCONTABIL.COM.BR,,,
11477355000273,JULIPE CONTABILIDADE,11,21548755,,,CONTATO@JULIPECONTABILIDADE.COM.BR,,,
38061460000100,,11,56311362,,,CONTABILIDADEEDY@GMAIL.COM,,,
39770200000169,GEM,11,85893590,,,WVBADM@GMAIL.COM,,,
41800332000138,,11,44271521,,,NORBERTO@PIMENTELASSESSORIA.COM.BR,,,
42150911000145,S F CONTABILIDADE,11,74374460,,,QSFELIX@HOTMAIL.COM,,,
42201661000125,PATRIC CONTABILIDADE AUDITORIA E PERICIA,11,64875877,,,RICBAP7@GMAIL.COM,,,
42248679000182,AADUARTE CONSULTORIA TRIBUTARIA,11,65438761,,,AGATHADUARTECONTADORA@GMAIL.COM,,,
42449997000101,,11,40565627,,,CONTABIL@ACCSOLUTION.COM.BR,,,
42531074000102,ADS ASSESSORIA CONTABIL,11,26197970,11,84423875,ADS_ASSESSORIACONTABIL@HOTMAIL.COM,,,
35981389000188,PJ,11,29503006,,,DANIMATTOS5@HOTMAIL.COM,,,
42653133000107,BORGES ASSESSORIA CONTABIL,11,89610101,,,ROSANGELAGSBORGES@GMAIL.COM,,,
42686399000156,10COMPLIQUE,11,51312374,,,CONTATO@DEZCOMPLIQUE.COM.BR,,,
42712327000136,,5511,73060390,0,0,KATIVARCONTABILIDADE@GMAIL.COM,,,
42730237000178,,11,95307657,,,NOLASCOEFILHOS@GMAIL.COM,,,
42751659000120,WL CONTABILIDADE,11,57473796,,,CONTATO@WLACONSULTORIA.COM.BR,,,
42839361000176,SISAN CONTABILIDADE,11,97453979,,,EVERTONSILVA@OUTLOOK.COM,,,
42839616000109,CARREIRA CONT,11,47158598,,,VINICIUS.SALES@CARREIRACONT.COM.BR,,,
42846833000118,,11,50510236,,,MAC@ERHARDT.COM.BR,,,
42947591000159,,11,97258904,,,ER4.SOLUCOES@GMAIL.COM,,,
43135221000180,,11,50626472,,,SBMRODRIGUES@GMAIL.COM,,,
40646159000100,,11,99878941,,,ATENDIMENTO@RERSOLUCOES.COM.BR,,,
27390997000190,,11,94922555,,,MARCIO.PINTO@MRJSCONSULTORIA.ONMICROSOFT.COM,,,
35756572000180,R72 ASSESSORIA CONTABIL EMPRESARIAL,11,92167716,,,CONTATO@R72CONTABIL.COM.BR,,,
43287099000167,,11,67136708,,,CONTATO@ELENCHOS.COM.BR,,,
43355025000110,LCAMILO ASSESSORIA CONTABIL E TRIBUTARIA,11,95560087,,,LUCAS@LCAMILO.COM.BR,,,
43491220000178,P.A.C.,11,45077005,,,PAULOA_COUTINHO@YAHOO.COM.BR,,,
43584905000169,HSAMPAIO SERVICOS CONTABEIS,11,96116573,11,29648681,HUGO.SAMPAIO@LIVE.COM,,,
43751035000175,,11,89430376,0,0,SAMPAWE@UOL.COM.BR,,,
36940283000107,JJM ASSESSORIA CONTABIL,11,99998596,,,JUNIORMAZZO@JJMASSESSORIACONTABIL.COM,,,
27541049000108,MOBI CONTABIL,11,32305248,,,SUPORTE@MOBICONTABIL.COM.BR,,,
32391836000150,,11,23482359,,,SOCIETARIO@MSCHMIDTCONTABIL.COM.BR,,,
27391247000132,ASSENT SOLUCOES CONTABEIS,11,26542750,11,85889913,ADRIANA_FGARCIA@YAHOO.COM.BR,,,
28648141000134,PENSE CONTABIL,11,22034111,,,MARCELO.POLATO@PENSECONTABIL.COM,,,
29573105000111,INNOVATECH CONTABIL,11,31429599,,,CONTATO@INNOVATECHCONTABIL.COM.BR,,,
28912135000142,SAFECONT,11,32511804,,,PARALEGAL@SAFECONT.COM.BR,,,
26575350000170,ON CONTABIL,11,50711527,,,SANDRA.OGAWA@OGAWAENICOLINI.COM.BR,,,
31281575000153,CONTABILIZA EXPRESS,11,26852723,,,CONTATO@UPHOLD.COM.BR,,,
29292630000169,,11,26267983,,,CONTATO@PRAXIA.COM.BR,,,
41215081000124,,11,36483000,,,PFLCONTABILIDADE@GMAIL.COM,,,
36623731000130,,11,28066491,,,LEGALIZACAO@GMAASSESSORIA.COM.BR,,,
35205770000155,,11,40211020,,,CIVINELI@GMAIL.COM,,,
32640352000106,OCM CONTABIL,11,20970004,,,GERAL@OCMCONTABIL.COM.BR,,,
35800933000148,ADVISOR ACCOUNTING,11,32621981,,,LEGALIZACAO@ADVISORBPO.COM,,,
37569127000136,CAPI ASSESSORIA CONTABIL,11,59129642,,,,,,
40375379000139,SPARTACUS CONSULTORIA,11,41773108,,,CONTATO@SPARTACUSCONSULTORIA.COM.BR,,,
41737836000150,EXPERTISE SERVICOS CONTABEIS,11,80625388,,,EXPERTISESERVICOSCONTABEIS@GMAIL.COM,,,
29219531000151,FT ASSESSORIA E CONSULTORIA CONTABIL,11,72845540,,,NATMAESTRELO@GMAIL.COM,,,
44103542000165,NX CONTABILIDADE,11,56611035,,,BRUNOMEDEIROSCONTADOR@OUTLOOK.COM.BR,,,
44171139000173,WHO CONTABILIDADE,11,75455426,,,HUSSEINE@IG.COM.BR,,,
44276051000116,SEVEN CONTABILIDADE,11,49597997,,,CONTATO@SEVENCONTABILIDADE.COM,,,
44388152000189,,11,33371554,,,SPCONTABIL@SPASSESSORIACONTABIL.COM.BR,,,
44407970000181,,11,50813122,,,MARCELOVLIRA@HOTMAIL.COM,,,
44528657000100,,11,80735772,,,EDU.ANCHIETA@HOTMAIL.COM,,,
44573718000142,,11,43275007,,,LEGAL003@GOFURTHERGROUP.COM.BR,,,
44615004000150,,11,43275007,,,NOTIFICACAO@GOFURTHERGROUP.COM.BR,,,
44651361000173,CONTABILIDADE GRAJAU,11,22477998,,,CONTABILGRAJAU2020@GMAIL.COM,,,
44823836000161,SAGA CONSULTORIA,11,17628857,,,SAGAEMPRESARIAL2@GMAIL.COM,,,
44931577000192,AJALA & AZEVEDO CONTABILIDADE,11,84256240,,,CINTIATATIANE@ICLOUD.COM,,,
45023615000171,,11,86538495,0,0,BELALUZBELA@HOTMAIL.COM,,,
45056000000141,LUX ASSESSORIA CONTABIL,11,32576984,,,BORGES@INCORPX.COM.BR,,,
44201977000142,BULL CONTABIL,11,35625511,,,BULLCONTABIL@BULLCONTABIL.COM.BR,,,
45117313000162,COELHO SOLUCOES,11,44442756,,,CONTATO@ATOCONTABIL.COM,,,
45128041000104,MED.CO,11,63683666,,,VEIGAFILHO@YAHOO.COM.BR,,,
10620651000308,,18,33014256,,,REGISTRA@TAPARO.COM.BR,,,
45774604000123,FINEMP PARCERIA EMPRESARIAL,11,50266712,,,LEGALIZACAO@FINEMP.COM.BR,,,
45789126000125,,11,11111111,,,EFICIENTE.TRIBUTOS@GMAIL.COM,,,
45825169000119,ANGELS CONTABILIDADE,11,91576998,0,0,JESSICAMORAIS199@YAHOO.COM.BR,,,
45843680000143,CONTABMULTI CONSULTORIA,11,47378158,,,FALECONOSCO@CONTABMULTI.COM.BR,,,
45868200000107,MOVENTIS CONTABIL,11,81940463,,,NOPAPERCONTABIL@GMAIL.COM,,,
46062586000110,ASSETAX,11,44970759,11,12642770,ASSETAXCONTABIL@GMAIL.COM,,,
46137505000101,ABA CONSULTORIA,11,82229121,,,ALECAM.ANDRAD@GMAIL.COM,,,
46207571000100,,11,25383681,,,LEGALIZACAO@HEALTHCARECONTABILIDADE.COM.BR,,,
46209288000100,,11,25383681,,,LEGALIZACAO@HEALTHCARECONTABILIDADE.COM.BR,,,
46224638000107,MF7 CONTABILIDADE,11,58338681,,,SILAS@MF7CONTABILIDADE.COM.BR,,,
46644205000100,AGEF CONTABILIDADE,11,74920560,0,0,CONTADOR@AGEFCONTABILIDADE.COM.BR,,,
46662658000160,AVANTE GESTAO CONTABILIDADE,11,92561423,0,0,CLAUDIO.MANOEL9@GMAIL.COM,,,
46754563000176,THE GUARDIAN CONTABILIDADE,11,54203642,0,0,MAHTOSTA@GMAIL.COM,,,
46766327000170,,11,21002046,,,ELAINE.SANTOS@GRUPOCOMBUSTRAN.COM.BR,,,
46770540000155,REIS E RESENDE ASSESSORIA,11,47378648,0,0,REIS.CLEBER@HOTMAIL.COM,,,
46880657000191,ANDRACONT,11,99705374,,,CONTATO@ANDRACONT.COM.BR,,,
46885926000102,,11,70458317,,,MARCELLO.CTG@RNCONTABILIDADE.COM.BR,,,
46888687000144,,11,65201207,,,FABIO@CALCULLE.COM.BR,,,
46961890000107,,11,61848519,0,0,JW_ASSESSORIACONTABIL@OUTLOOK.COM,,,
47190952000189,,11,86970616,,,FATIMA.LIMA.MFAL@GMAIL.COM,,,
47504850000190,F&M ASSESSORIA CONTABIL ME,11,48295740,0,0,C.ALAN991@GMAIL.COM,,,
47560999000197,G & S ASSESSORIA CONTABIL E FISCAL,11,99999999,,,,,,
47656490000142,BUSINESS ROOM,11,89588686,,,GRAZIELA.CASSOLI@BRGESTAO.NET.BR,,,
47723136000193,MAURI ORGANIZACAO CONTABIL,11,23458007,0,0,MAURIORGCONTABIL@GMAIL.COM,,,
48100154000181,,21,72054198,,,GALVAOMARCELLA@HOTMAIL.COM,,,
45635358000129,GOL CONTABILIDADE,11,50297979,,,LEGALIZACAO@GOLCONTABILIDADE.COM.BR,,,
48135595000119,CMS ASSESSORIA CONTABIL,11,32248396,,,CRIS_MAR_SILVA@HOTMAIL.COM,,,
48538900000113,DYC CONTABILIDADE,11,29774641,,,DYC.ADM@HOTMAIL.COM,,,
48752730000175,AGYLLE MAX FISCO CONTABIL,11,47982670,,,LEGALIZACAO@AGYLLEMAX.COM,,,
48773085000177,VTG CONTABILIDADE,11,53481010,,,CONTABILVTG@GMAIL.COM,,,
48878846000155,FSS CONTABIL,11,49923464,,,FSSCONTABIL@OUTLOOK.COM,,,
23924685000249,CONVERGENCIA ASSESSORIA CONTABIL E EMPRESARIAL,11,35696691,11,35696693,JORGE.FRANCK@CONVERGENCIACONTABIL.COM.BR,,,
48963701000152,SAMTHURAC,11,40022859,0,0,LEONARDODOMIENCIO@HOTMAIL.COM,,,
48970770000193,PARANHOS MACEDO CONTABILIDADE,11,99202257,,,CONTATO@PMASSESSORIACONTABIL.COM.BR,,,
49113794000199,NAZCONT,11,44655256,,,ATENDIMENTO@NAZCONT.COM.BR,,,
16747333000208,,27,33009000,,,SOCIETARIO2@CONTROLTECH.COM.BR,,,
49133569000114,CONTA DELAS,11,80984361,0,0,JULIANA@LIFECONSULTORIAEMPRESARIAL.COM.BR,,,
49216769000130,ZAZ CONTABIL,11,70812850,0,0,VANDERLEIWEBER@YAHOO.COM.BR,,,
49475889000152,LFD CONTABILIDADE,11,87691797,,,CONTATO@TERUELCONTABILIDADE.COM.BR,,,
49513752000145,LP ASSESSORIA E CONSULTORIA CONTABIL,11,87691797,,,CONTATO@TERUELCONTABILIDADE.COM.BR,,,
49548550000139,ASSIS CONSULTORIA E NEGOCIOS,11,66105999,,,GUSTAVO@APSCONTABILIDADE.NET.BR,,,
49561325000132,ADMITE SOLUCOES CONTABEIS,11,99270312,,,ADMITESOLUCOESCONTABEIS@GMAIL.COM,,,
49601999000113,2RK CONSULTORIA EMPRESARIAL,11,51949678,0,0,ROBSONSA888@YAHOO.COM.BR,,,
49669683000163,,11,20964831,,,CONTABILIDADE@FOCUSCONTADORES.COM,,,
49674829000169,KLW CONTABILIDADE E IMOBILIARIA,11,60804310,0,0,CASSIOCONTABIL@HOTMAIL.COM,,,
49710219000173,ALPHA ASSESSORIA CONTABIL,11,30812275,,,ALPHA.ASSESSORIA96@GMAIL.COM,,,
47403668000143,AUDCONT,11,44801511,11,44801515,CONTABILIDADE@AUD-CONT.COM,,,
49760487000108,,11,54545454,,,BPO@BPO.COM.BR,,,
49816397000183,,11,22537965,,,GALVAOH@HOTMAIL.COM,,,
49949154000113,,11,26845386,,,MARCOS.JMTCONTABIL@GMAIL.COM,,,
50002116000138,ZICONT ASSESSORIA CONTABIL,11,25740460,,,CONTATO@ZICONT.COM.BR,,,
50099737000181,MCARVALHO ASSESSORIA CONTABIL,11,89032483,,,MARCIOSCARVALHO@UOL.COM.BR,,,
50108601000190,AMMA CONSULTORIA,11,26841841,,,ANDREAMARAUJO@GMAIL.COM,,,
50157753000183,P&B CONTABILIDADE ADVOCACIA E GESTAO EMPRESARIAL LTDA,11,97647716,0,0,PBADVOGADOCONTADOR@TERRA.COM.BR,,,
50163727000168,C & S ASSESSORIA E CONTABILIDADE,11,52222092,0,0,CES.CONTABILIDADE23@GMAIL.COM,,,
59784488000561,KBGE CONSULTORIA EMPRESARIAL,11,31512340,,,CONTATO@KBGECONSULTORIA.COM.BR,,,
50304819000110,LC ASSESSORIA E SERVICOS CONTABEIS,11,81821773,0,0,LUCI.CURSINO@TERRA.COM.BR,,,
50356346000103,GS EMILIO,11,34622831,0,0,GUSTAVOOEMILIOO@GMAIL.COM,,,
50714908000135,ZENITH DF CONTABILIDADE,11,35017676,11,96573812,ADLASSESSCONTABIL@GMAIL.COM,,,
50746959000149,R&R ASSESSORIA EMPRESARIAL,11,46200704,0,0,RICARDO.DANTAS@AUDAXSP.COM.BR,,,
50807978000138,,11,85846736,,,PROCESSO@CONTJET.COM.BR,,,
50814910000186,TEIXEIRA & LEITE,11,75087473,0,0,ANTONIA.LEITE@HOTMAIL.COM,,,
51081239000174,SPDC,11,38032884,0,0,CONTATO@40GRAUSPRODUCOES.COM.BR,,,
51370715000177,MASF CONTHABIL LTDA,11,95245527,,,MA37SF@HOTMAIL.COM,,,
51384905000143,SIMPMAIS,11,18510455,,,CONTATO@SIMPMAISCONTABEIS.COM.BR,,,
51459658000105,A.V.C.S. CONTABILIDADE,11,81337704,0,0,VAGNER_ASSESSORIA.CONTABIL@YAHOO.COM.BR,,,
51488502000144,CONTABILISOU,11,69076120,0,0,ELEN.MAGALHAESPEREIRA@GMAIL.COM,,,
51742767000127,INOVACAO ASSESSORIA CONTABIL,11,20148247,,,CONTATO.INOVACAOCONTABILIDADE@GMAIL.COM,,,
51830548000108,JOSE MANUEL DA COSTA GOMES,11,60112799,0,0,BRUNOOLIVEIRA1@GMAIL.COM,,,
51842421000109,RACONSP ASSESSORIA EMPRESARIAL,11,47562182,0,0,RODRIGO@RACONSP.COM.BR,,,
51895515000138,APOZZO,11,81408789,0,0,ALEDELPOZZO@HOTMAIL.COM,,,
51916779000120,SAAL CONTABIL,11,91063162,,,ATENDIMENTO@SAALCONTABIL.COM.BR,,,
51997133000115,GRUPO MACRIS,11,31974308,11,39258070,CONTATO@GRUPOMACRIS.COM.BR,,,
52196655000180,MANTOVANNI ASSESSORIA E CONSULTORIA CONTABIL,11,70110802,0,0,FELIPEMANTOVANNI@LIVE.COM,,,
52286802000103,,11,40409996,,,SK.SHARMA@APRIORIBRAZIL.COM,,,
52307418000140,ON TIME ASSESSORIA CONTABIL,11,82748624,,,MARCIACFURLAN@HOTMAIL.COM,,,
52378517000112,GD CONTABIL,11,46470031,11,37291307,GIOVANNI.IORIO@GDCONTABIL.COM,,,
52396602000103,LEMMO CONTABILIDADE,11,81217049,0,0,VINCENZINA@TERRA.COM.BR,,,
52452574000102,COLOGNESI SERVIOS E AUDITORIA,11,96527483,0,0,ADRICOLOGNESI@UOL.COM.BR,,,
52508402000103,,11,65468839,,,PROBERTO.CORPORATIVO@GMAIL.COM,,,
52545938000190,MARANE,11,29599642,11,74742013,MARIA@ACESSESERVICOS.COM,,,
52594682000101,,11,97066548,0,0,LUCIANA.FAMILIA.BELA@GMAIL.COM,,,
52651453000181,SEG CONSULTORIA E CONTABILIDADE,11,96081847,,,COMERCIAL@SEGCONTABILIDADEDIGITAL.COM.BR,,,
52663433000120,,11,74875773,,,CONTATO@DIASRAMALHO.COM,,,
52667936000174,SALLAI CONTABILIDADE,11,11111111,,,SALLAI.CONSULTORIA@GMAIL.COM,,,
52490487000131,ELAINE LIMA CONTADORA,11,97945001,,,ELLIMA881@GMAIL.COM,,,
52685789000165,SEREGULARIZE LTDA,11,74071096,,,SEREGULARIZEONLINE@GMAIL.COM,,,
52751084000107,,21,22592274,,,CONTATO@GSANTOSCONSULTORIA.COM.BR,,,
53002497000143,AFD PERICIA CONTABIL,11,85757586,0,0,PERITODAMASCENO30@GMAIL.COM,,,
53156983000116,VLV AUDITORES,18,97791515,,,AUDITORESVLV@GMAIL.COM,,,
40523502000200,VALIDA SP,21,41482338,,,VALIDA@VALIDACONTABIL.COM.BR,,,
53521539000152,,11,41867087,0,0,SAND-AGUIAR@UOL.COM.BR,,,
53630206000161,YNDIARA NIMBU ASSESSORIA CONTABIL,11,82226766,0,0,YNDIARA.NIMBU@OUTLOOK.COM,,,
53765238000174,FMV CONTABILIDADE,11,66991788,0,0,FMV.CONTABIL@OUTLOOK.COM,,,
53813836000171,PONTES ASSESSORIA CONTABIL LTDA,11,81283217,,,PONTES.CONTABIL@OUTLOOK.COM,,,
53865034000105,CHILE ASSESSORIA CONTABIL,11,69295507,,,CHILECONTABIL@GMAIL.COM,,,
53867522000151,ALBUQUERQUE & CO.,11,40001407,,,ALBUQUERQUE.CO.SP@GMAIL.COM,,,
21685613000260,,17,30454417,,,ROBERT@COROCONTABILIDADE.COM.BR,,,
54125389000120,GUARDIAN CONSULTORIA & CORRETORA,11,30907510,,,COMERCIAL2@PMCCONTABILIDADE.COM.BR,,,
54294631000190,CCONT CONTABILIDADE DIGITAL,11,16103749,,,CONTATO@CCONTCONTABILIDADEDIGITAL.COM.BR,,,
54295956000197,A. S. CONTABIL,12,96374437,0,0,ASOUZA@ASCONTABIL.CNT.BR,,,
54491028000106,,11,23611786,,,RELACIONAMENTO@IGCPCONTABILIDADE.COM.BR,,,
54507325000194,ACCONTABIL,11,94366734,0,0,ANDREIA.REZENDE.CRUZ@GMAIL.COM,,,
54524102000135,SIMPLICONT ASSESSORIA E CONSULTORIA,11,39042155,,,CONTATO@SIMPLICONT.COM.BR,,,
54531912000119,K & H SERVICOS CONTABEIS,11,99885781,,,KATIA@KFSCONTABILIDADE.COM.BR,,,
49547754000155,,11,54611281,,,CONTATO@EWCONTADORES.COM.BR,,,
54669847000192,CTFA - CONSULTORIA TRIBUTARIA FISCAL AVILA,11,96164483,,,MARTINHO.CTFA@GMAIL.COM,,,
54683190000118,,11,32012017,0,0,BETHBGC@HOTMAIL.COM,,,
54848529000199,,11,65515187,,,ANASILVAALVES.CONTABIL@GMAIL.COM,,,
54961190000132,SANCONT INTELIGENCIA CONTABIL,11,93134588,,,CONTABILIDADE@SANCONT.COM.BR,,,
55071265000172,CONTABILIDADE ANJOS & VIEIRA,11,72505862,,,ADEMIRMOA@HOTMAIL.COM,,,
55180754000162,EASYCOUNT,11,79648990,0,0,BRENDO.FERREIRAA@GMAIL.COM,,,
55216269000100,ETHICAL COMPANY CONTABILIDADE E ASSESSORIA EMPRESARIAL,11,63466492,0,0,NERY.JESSICA100@HOTMAIL.COM,,,
55370062000187,E P R A SERVICOS CONTABEIS,11,83963103,,,CONTABILIDADEREISARAGAO@GMAIL.COM,,,
55476500000196,CONTABILIDADE E GESTAO EMPRESARIAL ALBUQUERQUE,11,23372947,,,GESTAO@CONTABILIDADEALBUQUERQUE.COM.BR,,,
55540667000179,,11,29544003,,,ROSANA.CONTABIL@EXALTING.COM.BR,,,
55569483000131,REALECOM ASSESSORIA CONTABIL,11,52523662,,,NEWFOREVER123456@OUTLOOK.COM,,,
55588957000192,CONTALOGICA ASSESSORIA CONTABIL,11,74583644,,,FISCAL@CONTALOGICA.COM.BR,,,
55650341000102,ROMANOS PRIME CONSULTORIA CONTABIL,11,85446639,0,0,ROMANOCONTADOR@GMAIL.COM,,,
55709121000107,SL CONTABIL,11,74312497,,,CONTATO@SLCONTABIL.COM.BR,,,
55751987000178,LULIZ CONTABILIDADE,11,70418539,0,0,LULIZCONTABILIDADE@GMAIL.COM,,,
55767185000156,THG CONSULTORIA CONTABIL,11,32312759,,,ATENDIMENTO@THGCONSULT.COM.BR,,,
55936331000120,RESURGENCE CONTABIL,11,75958395,,,CONTATO@RESURGENCECONTABIL.COM.BR,,,
55954255000185,IOD CONTABIL,11,81665336,,,WILLIANS@IODCONTABIL.COM.BR,,,
56039979000166,ERICA J CONTABILIDADE,11,85706302,0,0,ERICAJORGE28@GMAIL.COM,,,
56202787000129,,11,31247570,,,CONTATO@GROUPACCOUNTING.COM.BR,,,
56263713000100,EXAUCON CONTABILIDADE,11,72828822,,,CONTATO@EXAUCON.COM,,,
56384490000121,RBORDIGNON CONTABIL,11,10351975,,,ADMINISTRACAO@RBORDIGNON.COM.BR,,,
56662112000162,,11,68334170,,,BRUNASILVA.IRPF@GMAIL.COM,,,
56702300000177,FG CONTABILIDADE,11,29197822,,,FGCONTABILIDADE30@GMAIL.COM,,,
57065417000150,CLICK - CONSULTORIA E GESTAO EMPRESARIAL,11,12621042,,,ATENDIMENTO@CLICKCON.COM.BR,,,
57206949000160,,11,48412981,,,SIMONE@MSSCONTABILIDADE.COM.BR,,,
57222110000115,CAINAN SYNC,11,55583732,11,50791693,CONTATO@CAINANSYNC.COM.BR,,,
52459812000101,MEX UNION SERVICOS CONTABEIS,11,59024995,,,ATENDIMENTO@MEXUNION.COM.BR,,,
57424199000100,,11,50798588,,,MRSHIRATA@GMAIL.COM,,,
57488684000130,EPW SOLUCOES CONTABEIS,11,99539646,,,ERIKPW@UOL.COM.BR,,,
57588454000142,SCONT CONTABILIDADE,11,41277279,,,SUYHANE20@GMAIL.COM,,,
57597506000147,ADGE GROUP,11,99999999,11,99999998,SAC@ADG.COM.BR,,,
57201630000141,LA ASSESSORIA CONTABIL,11,67390495,0,0,LUCILIOGRAFICA@GMAIL.COM,,,
57660014000159,,11,76788711,,,RUYPSF@GMAIL.COM,,,
57661758000198,ASA SERVICOS CONTABEIS LTDA,11,96049657,0,0,ADROALDOAMORIM@HOTMAIL.COM,,,
57662300000153,,11,64352660,0,0,CONT.ELVISMELLO@GMAIL.COM,,,
57678828000110,LJE ASSESSORIA CONTABIL DIGITAL,11,17127879,0,0,JEH.CRS@HOTMAIL.COM,,,
57734958000123,REAL ASSESSORIA,11,94105537,0,0,MARCOS.CENO@BOL.COM.BR,,,
57886130000190,RNF APOIO ADMINISTRATIVO,11,59482883,0,0,RENANNUNESF@GMAIL.COM,,,
57970880000146,,11,91191280,,,CLAUDIOWASSERMAN@GMAIL.COM,,,
3952941000385,EMASFI EMPRESA DE ASSESSORIA E SERVICOS FISCAIS SS LTDA,19,38262087,,,EDUARDO@EMASFI.COM.BR,,,
58081591000159,FENIX CONTABILIDADE,11,89636945,0,0,DORIVAL-DIAS@UOL.COM.BR,,,
58085884000104,,11,43134854,0,0,JOSE.A.GUSSONI@GMAIL.COM,,,
58131361000157,,11,99999999,,,CONTATO@QUALITYASSOCIADOS.COM.BR,,,
58136943000126,CCONTABIL CONTABILIDADE DIGITAL E CONSULTIVA LTDA,11,99396367,11,42492742,CONTATO@CCONTABIL.COM,,,
58157523000126,WATANABE BPO,11,32577739,,,CONTATO@WATANABEASSESSORIA.COM.BR,,,
58361448000110,CLAYTON SANTOS CONSULTORIA CONTABIL,11,87081825,0,0,ACAPELABASS@GMAIL.COM,,,
57632112000182,CONTACTUS MED ASSESSORIA CONTABIL,11,14972560,,,CONTATO@CONTACTUSMED.COM.BR,,,
58449140000121,OFICINA CONTABIL,11,83699965,,,SLUDUVICE@UOL.COM.BR,,,
53280166000175,AZEHA CONSULTORIA,11,35027216,,,CONTATO@AZEHA.COM.BR,,,
58792641000106,,11,65195241,11,65195241,MAREALTACONTABILIDADE@GMAIL.COM,,,
58815055000130,,11,23730007,,,WILSON@WYMCONSULTORIA.COM.BR,,,
58864084000191,ROSA CONTABILIDADE,11,91623525,11,91623525,IROSA.OLIVEIRA29@HOTMAIL.COM,,,
58886188000105,,11,79658680,,,MARCUS07BIZUTTI@GMAIL.COM,,,
59145473000120,AN SOLUTIO,11,72877430,,,ADRIANA.ANSOLUTIO@GMAIL.COM,,,
59202072000164,,11,97222380,,,CONTATO@KALLOS.COM.BR,,,
59217266000133,FRANCA ASSESSORIA CONTABIL E EMPRESARIAL,11,96697611,,,FC.DODO@GMAIL.COM,,,
59321586000139,S&M CONSULTORIA E ASSESSORIA,11,37430836,,,MARCELO@CENSEACONSULTORES.COM.BR,,,
59346919000184,HERCULES BRUNO BORGES,11,75854752,,,HERCULES_B@HOTMAIL.COM,,,
59388540000137,,11,67467505,,,JENNYVANESSA2012@GMAIL.COM,,,
59395208000108,YAHWEH SERVICOS CONTABEIS LTDA,11,97739233,,,YAHWEH.CONTABIL@GMAIL.COM,,,
59429087000160,RDS ASSESSORIA E CONSULTORIA CONTABIL,11,82776904,11,82776904,REDOREA@GMAIL.COM,,,
59431182000106,FISCALIZE CONTABILIDADE,11,52029285,11,51204255,CONTABILIDADEFISCALIZE@GMAIL.COM,,,
59513742000163,AM7 CONTABILIDADE,11,29495633,,,AM7CONTABILIDADE@OUTLOOK.COM,,,
59525069000181,BALCE CONTABILIDADE,11,80342989,,,CONTATO@GTDCONTABIL.COM.BR,,,
59557048000148,WILC SOLUTIONS,11,54532168,,,BALEEIRO94@GMAIL.COM,,,
59680417000195,NIERI ASSESSORIA CONTABIL,11,20982440,,,NIERI@NIERIASSESSORIA.COM.BR,,,
59701980000100,DK CONTABILIDADE E CONSULTORIA,11,39925957,11,86690316,DAYFANTINATI86@GMAIL.COM,,,
52058739000158,OLLIVANELLI CONTABILIDADE & AUDITORIA,11,58489855,11,54785066,LUIZLIMACLIENTE@HOTMAIL.COM,,,
55144019000101,L+ CONTABILIDADE,11,26923211,,,CONTATO@VEMLUCRARMAIS.COM.BR,,,
59828118000155,,62,39261126,,,CADASTROS@PLANNING.COM.BR,,,
59890703000185,M.P. SOUZA SOLUCAO CONTABIL,11,55273820,11,82192464,MPSOUZASOLUCAOCONTABIL@GMAIL.COM,,,
59957192000171,APTIDAO CONTABIL CONSULTORIA EMPRESARIAL,11,78967247,11,65707785,ANAPAULA.MDASILVA@GMAIL.COM,,,
60162790000133,,11,33737435,,,ADM@ALUMNUSACCOUNTING.COM,,,
60282734000132,,11,76928139,,,ALEXANDREARANDA432@YAHOO.COM,,,
60381590000171,,11,75808005,,,LEGAL@MARINHOADVISORY.COM.BR,,,
60390695000197,SODAN CONTABILIDADE,11,96896205,,,CONTATO@SODANCONTABILIDADE.COM.BR,,,
60529550000124,CONTABILIDADE DK,11,76034351,11,70115294,LUCASDETUSKPROFISSIONAL@GMAIL.COM,,,
60611245000187,,11,53122217,,,THO_HRADOSKI@HOTMAIL.COM,,,
60680411000105,WM CONTEX,11,53726853,11,53726853,WAGNER.DMJ@HOTMAIL.COM,,,
60813620000171,,11,69454245,11,69454245,LUKINHOLUIS@GMAIL.COM,,,
61084949000101,,11,45621387,11,50390455,ANDERSON_SSANTOS@HOTMAIL.COM,,,
61135744000108,DD3 CONT,11,51999589,,,CONTATO@DD3.COM.BR,,,
58223037000169,GR ASSESSORIA EMPRESARIAL,19,81700205,0,0,GRCONTABIL.LIMEIRA@GMAIL.COM,,,
61416556000158,SEU CONTAS,11,47422347,,,ATENDIMENTO@SEUCONTAS.COM.BR,,,
61433452000151,,11,86909365,,,LEONARDOLOPES@HOTMAIL.COM,,,
61693240000103,CRESTANI CONSULTORES LTDA,11,29252197,,,CRESTANI.CONSULT@GMAIL.COM,,,
61894423000197,,11,41846905,,,CONTATO@CONSULTTECH.COM.BR,,,
60617435000101,ARKADY WEB BUSINESS,19,99669233,11,70593533,ANDRE.COSTA@ARKADY.COM.BR,,,
44872686000186,,11,20814401,,,MARCO@LITAKI.COM.BR,,,
48597134000168,LSR SERVICOS,11,64045574,0,0,CONTATO@YELLOWCONTABILIDADE.COM.BR,,,
53515859000108,RRM CONTABILIDADE,11,27036738,,,RUBIA_OLIVEIRA@YMAIL.COM,,,
52576026000186,BB CONTABIL,11,88759922,,,BESFISCAL@GMAIL.COM,,,
53151419000100,ROCHAS CONTABILIDADE,21,99796547,21,88173521,ROCHACONTABILIDADE2024@GMAIL.COM,,,
12394181000248,IMPACTO CONTABILIDADE,71,30138162,,,CONTATO@CONTABILIDADEIMPACTO.COM.BR,,,
62293129000192,,21,88749437,,,WECORPORATESERVICES@GMAIL.COM,,,
62332134000167,AMPLAZ - CONTABILIDADE,6920601,11,95714604,,,COMERCIAL@AMPLAZ.COM.BR,,
62427138000129,HOD CONTABILIDADE,11,94743078,,,ELIZABETH@HODCONTABIL.COM,,,
62488892000179,TM CONTABILIDADE TATUAPE,11,49758001,11,21458001,CONTATO@CONTABILIDADETAISSAMACEDO.COM.BR,,,
62492895000186,KEYS ACCOUNTING,11,36816860,,,PARALEGAL@ENDURANCECONSULTING.COM.BR,,,
62572772000155,GRUPO CBS CONTABILIDADE,11,16568492,11,16568492,JONATASBRUNO2@GMAL.COM,,,
62585290000130,SLTCONSULT CONTABILIDADE LTDA,11,25006140,,,LEGALIZA@SLTCONSULT.COM.BR,,,
62670036000130,ORBE CONTABIL,11,82417707,11,49443437,TK.YNGG@GMAIL.COM,,,
62872934000170,MAUB,11,39233315,,,CNPJ@MAUB.COM.BR,,,
62874605000169,,11,25941633,,,VILMA@MELOASSESSORIACONTABIL.COM.BR,,,
62935921000101,FELICITA CONTABIL,11,86759396,,,CONTATO@FELICITACONTABIL.COM.BR,,,
62944007000119,GRATITUDE CONTABILIDADE,11,97979031,,,LUCINEIA.RAS@GMAIL.COM,,,
63014763000101,YAMADA KIMIO ASSESSORIA CONTABIL,11,83040004,11,22222222,RICARDOKIMIO@GMAIL.COM,,,
63059534000103,THOUGHT ASSESSORIA CONTABIL,11,56410550,,,CRISTINA@THOUGHTASSESSORIA.COM.BR,,,
63115557000198,SS PARCERIA CONTABIL & DP,11,89507328,,,FERNANDOS_SENA@ICLOUD.COM,,,
63307311000118,SPMG CONDESP CONTABILIDADE CONSULTIVA,11,58447680,,,CONDESP.CONDESPCONTABILIDADE@GMAIL.COM,,,
63333845000119,,11,31336700,,,SOCIETARIO@CONTABILCB.COM.BR,,,
63392839000132,,11,40210381,11,40210381,LETICIA.GL@HOTMAIL.COM,,,
63490644000125,VALCCON,11,40583227,,,VALTIERES@VALCCON.COM.BR,,,
63564754000194,NN & ASSOCIADOS,11,92346237,11,92346237,NUNESOVERSEAS@GMAIL.COM,,,
63644573000178,S. APARECIDA ALVES BATISTA,11,96523575,11,65235754,SOL.ALVESBATISTA@GMAIL.COM,,,
63695410000114,SMESQUITA CONTABILIDADE,85,99968792,,,SMESQUITA1@GMAIL.COM,,,
63796524000150,SEMAC CONSULTORIA,11,40076657,11,88057101,SEMAC.PAULISTANA@GMAIL.COM,,,
63816815000163,MSB CONSULTORIA ESTRATEGICA,11,82630187,,,DENOIITTE@GMAIL.COM,,,
63829470000182,FISCALMIND ASSESSORIA CONTABIL E EMPRESARIAL LTDA,11,35300247,,,CLEITON@ALPASSESSORIA.COM.BR,,,
63855004000171,STOPGAIN CONTABILIDADE LTDA,11,45719690,,,CONTATO@STOPGAIN.COM,,,
63973024000147,,71,93705445,,,C.TROVAO@STRATEGICOS.COM.BR,,,
64020788000180,,87,88327811,11,63225566,M94348376@GMAIL.COM,,,
64161087000161,,11,47780889,,,CONTATO@DOBLON.COM.BR,,,
64182303000155,ARFFE CONTABIL,11,29502066,11,29502074,ARFECONTABIL@ARFECONTABIL.COM.BR,,,
64271280000155,8+CONT.,11,68991042,11,68991042,NEIDE.CB7065@GMAIL.COM,,,
64449802000166,,11,47675131,11,47675131,UZIELEUTERIO@GMAIL.COM,,,
64452385000100,EVIDEN CONTABILIDADE,11,19224957,,,EVIDEN@GRUPOEVIDEN.COM.BR,,,
64488351000176,RANAS CONTABILIDADE_,11,98538413,,,RANAS.CTB@OUTLOOK.COM,,,
64574461000150,LUCENA & CO PRIVATE TAX,11,22880309,,,CONTATO@LUCENAPRIVATETAX.COM,,,
64792592000104,VIVAN CONTABILIDADE,11,92502955,11,92502955,CONT.RODRIGO.VIVAN@GMAIL.COM,,,
64950615000161,CONTAVIA,11,40246402,,,RONALDO.MOURA@CONTAVIA.COM.BR,,,
65039597000123,ALTIVA GESTAO CONTABIL,43,33440677,,,ALTIVAGESTAOCONTABIL@GMAIL.COM,,,
65092208000123,NUCLEO SAUDE EMPRESARIAL,11,99999999,,,NUCLEO@NUCLEOSAUDEEMPRESARIAL.COM.BR,,,
65172068000101,,11,88219119,,,TESOUROCONTABILIDADE@GMAIL.COM,,,
65175990000144,BENEDETTO CONTABILIDADE SLU,11,98763955,11,89718522,JOAO.CONTABIL2025@GMAIL.COM,,,
65192028000113,VALORATTI,11,48802423,,,VALORATTI@VALORATTI.COM,,,
65227494000197,,11,82840569,11,82840569,RXAVIER.MOBILE@GMAIL.COM,,,
65773336000132,SOLO ASSESSORIA CONTABIL,11,73119941,11,73119941,RCPMORENO@GMAIL.COM,,,
65940517000106,,11,27317401,,,CONTATO@OSISCONSULTORIA.COM,,,
65941484000119,,11,56246007,,,FDXCONTABILIDADE@GMAIL.COM,,,
66019612000134,,11,94413303,11,94413303,VRAGUIAR61@HOTMAIL.COM,,,
66243053000141,,11,14627227,,,FALECOM@BOND.COM.BR,,,
66437159000186,,11,99999999,,,CERRETTI.CONTADOR@GMAIL.COM,,,
66491943000172,DANTAS LEVER CONSULTORIA CONTABIL LTDA,11,54797007,11,54797007,DIEGODANTAS1@LIVE.COM,,,
66521752000106,FREITAS ASSESSORIA E CONSULTORIA CONTABIL,11,82447624,11,82447624,VICTORDEFREITAS@OUTLOOK.COM.BR,,,
66549522000155,,11,92863496,11,96478366,NESSAJULIA3@GMAIL.COM,,,
66619907000141,UEMATSU CONSULTORIA,11,74619405,,,ATENDIMENTO@UEMATSU.COM.BR,,,
66688113000130,A S CONSULTORIA E GESTAO DE NEGOCIOS,11,98602321,,,ADOLFOFSOUSA@GMAIL.COM,,,
66878821000133,VJ CONTABILIDADE,11,14581701,,,CONTATO.VJCONTABILIDADE@OUTLOOK.COM,,,
66959193000110,SOPHOS GESTAO CONTABIL,11,97753849,,,SOPHOSCONTABIL@OUTLOOK.COM,,,
66986927000150,SRB SERVICOS CONTABEIS,11,70929128,11,,SRBCONTABEIS@GMAIL.COM,,,
67020284000159,PLAVIC,11,47176609,,,CONTATO@PLAVIC.COM.BR,,,
67071617000179,LEP CONTABILIDADE,11,0,11,78997263,PALOMABARBOSACONTADORA@GMAIL.COM,,,
67168244000159,FATTORE SP,27,88427584,,,CIDA@FATTORECONTABIL.COM,,,
67221166000109,GUIMARAIS SOLUCOES CONTABEIS E FISCAIS,11,95196288,11,95196288,JONATHANGUIMARAIS1992@GMAIL.COM,,,
67266133000185,FENICE CONTABILIDADE,11,65097705,,,FINICEASSESSORIA@GMAIL.COM,,,
67549983000190,,11,91227691,11,71008700,EASSATO@GMAIL.COM,,,
67583766000117,MONTANHA CONTADORES E AUDITORES ASSOCIADOS LTDA,11,73158561,,,KZAIZECH@YAHOO.COM.BR,,,
67652639000122,E & S CONTABIL,11,79603648,11,79603648,ELSMACHADO89@GMAIL.COM,,,
67702096000100,VERTEX CONTABIL,11,99476272,,,VERTEX.ASSESSORIACONTABIL@GMAIL.COM,,,
67823313000110,,11,80294899,,,ANDREAGS.CONTADORA@GMAIL.COM,,,
67830264000143,CONTABILIDADE DAS SOLUCOES,11,33860573,11,33860573,MIRIIANCOSTA@UOL.COM.BR,,,
67879589000110,,11,29353821,,,CLIENTE@E-LABORE.APP.BR,,,
67969628000170,ERICSON CONTABILIDADE,11,91837551,11,91837551,ERICSONCONTABLIDADE@GMAIL.COM,,,
67996554000161,BASICA SERVICOS CONTABEIS,11,50823517,,,BASICACONTABIL@HOTMAIL.COM,,,
68017062000140,MRCA CONTABILIDADE,11,65425158,,,MHOLANDA.CONTABILIDADE@HOTMAIL.COM,,,
68055027000115,,11,33318647,11,33319656,ORFISCO@NETPOINT.COM.BR,,,
68126664000135,HM ADVISORY LTDA,11,97331793,,,MICHAELHIROMOTO@HOTMAIL.COM,,,
68137428000114,RASCONT CONTABIL,11,83892778,,,ROGER.APSANTOS29@GMAIL.COM,,,
68166622000128,ASSESSORIA CONTABIL CORACAO PROSPERO,11,48227791,,,CONSULTORIACONTABILJA@GMAIL.COM,,,
41555317000252,,85,96282382,,,CONTATO@SETCONTABIL.ORG,,,
68320160000151,,11,73039447,11,73039447,ADENILSONPONTES@GMAIL.COM,,,
68379002000177,Z3 CONSULTORIA FINANCEIRA E CONTABIL,11,70637867,,,CONSULTORIALARISSACZ@GMAIL.COM,,,
68389225000115,FISCALYZE TAX SOLUTIONS,11,78067747,11,78067747,JESSIKA@FTSTECH.COM.BR,,,
68392044000148,CN SOLUCOES CONTABEIS,11,77961581,11,77961581,CRISTIANE_SILVA1948@HOTMAIL.COM,,,
68410379000141,AZEVEDO & GOIS CONTABILIDADE,11,94896272,11,20117345,AZEVEDOTALITA21@GMAIL.COM,,,
68439073000118,,11,79939552,11,79939552,JESSICA-REIS@OUTLOOK.COM,,,
1663716000131,,11,79700330,,,MBUGHOLI@YAHOO.COM.BR,,,
4992584000180,,,,,,,,,
82268000110,,11,36196500,,,,,,
87055000180,,11,29554477,11,29556456,CONTABILSILMAR@TERRA.COM.BR,,,
1721308000199,,11,31016688,,,CCI@CCICONTABIL.COM.BR,,,
5045215000142,RF CONTABIL,11,26066255,11,26064464,TARCISO@CONTABILRF.COM.BR,,,
5047179000156,,11,42794003,,,JOSY_FARIAS@TERRA.COM.BR,,,
3414982000156,,11,56942412,,,RAULMORAN@HOTMAIL.COM,,,
3421359000120,,11,26750747,,,CONTABILIDADE@SKIRECONTABIL.COM.BR,,,
3440926000196,W S,11,47473952,11,98821900,WCHRISPI1@GMAIL.COM,,,
163227000158,,11,55815091,,,natanaelgm@yahoo.com.br,,,
5102350000182,RJC CONTADORES ASSOCIADOS,11,40637811,19,20422428,RJCCONTADORES@GMAIL.COM,,,
1800279000150,,11,66716929,,,escrhorizonte@uol.com.br,,,
176038000110,,11,32848580,11,32848068,CLORG@UOL.COM.BR,,,
3469033000173,CONTMED,11,34698787,11,34698786,LEGAL@CONTMED.COM.BR,,,
5202737000100,,11,50580820,,,,,,
5202764000183,DOESCHER CONSULTORES,11,35628746,,,CONTATO@DOESCHERCONSULTORES.COM.BR,,,
3552413000177,,11,38897424,11,38840717,cmjose@terra.com.br,,,
1925115000150,,11,51826305,,,CONTADOR@AMCCONTABILIDADE.COM.BR,,,
310098000183,UNION,11,31384910,,,COMERCIAL@UNIONCONTABIL.COM.BR,,,
96291877000158,,11,28425000,,,QUALITY@QUALITYCONTABIL.COM.BR,,,
96293949000104,,,,,,,,,
96294814000155,,11,38342639,,,CONTRATUS@CONTRATUS.COM.BR,,,
1948062000192,MASTER-CONT,11,62251599,,,mastercont@bol.com.br,,,
5297906000133,,11,29010056,,,LUNADEPARTAMENTOFISCAL@GMAIL.COM,,,
1953529000192,MAKROSULT,11,20615251,,,,,,
5310426000165,ROOTS CONTABILIDADE,11,25327762,,,VALDEMIR@ROOTSCONTABILIDADE.COM.BR,,,
1965368000157,,11,32574063,,,,,,
3695495000109,,11,50512539,,,GERENCIA@LOURENZEM.COM.BR,,,
2030806000158,EMMERICH ASSESSORIA CONTABIL,11,58120502,,,emmerich@terra.com.br,,,
5399964000178,,11,38864800,,,CONTROLADORIA.CORP@HLB.COM.BR,,,
3729814000150,HAMER CONTABIL,11,35374514,11,67483040,RAFAEL@HAMERCONTABIL.COM.BR,,,
2077842000177,,11,56658150,,,MARILIA@BHM2.COM.BR,,,
3769430000160,TROIANO ASSESSORIA CONTABIL,11,24784022,11,24784023,j_trajano@uol.com.br,,,
521395000178,,,,,,,,,
2168317000167,FERA CONSULTORIA E CONTABILIDADE,11,36418064,,,FERA@FERACONTABILIDADE.COM.BR,,,
3919125000108,JLA CONTABILIDADE E PAPELARIA,11,34620287,,,JLACONTABILIDADE@OUTLOOK.COM,,,
3921759000103,MORAIS SANTOS CONTABILIDADE,11,25065595,,,CONTATO@MORAISSANTOS.CNT.BR,,,
5587303000176,SKN PRIME CONTABILIDADE,11,33881818,,,LEGAL@SKNPRIME.COM.BR,,,
622909000181,GVS CONECON,11,35895007,,,GVSCONECONT@GMAIL.COM,,,
3936685000170,,11,28425000,,,externos@qualitycontabil.com.br,,,
625839000115,APIS & ASSOCIADOS,11,55435222,,,APISASSOCIADOS@APISASSOCIADOS.COM.BR,,,
5609047000170,,11,32856500,,,zmacedo@brasfanta.com.br,,,
3954558000102,,11,38570122,,,JORGE@VECTRACONTABIL.COM,,,
2282225000103,,11,33137715,,,JAZILMA@PCONT.COM.BR,,,
5657106000186,TREVO,11,26215473,,,FISCALTREVO@GMAIL.COM,,,
2342187000137,,11,2883820,,,,,,
5797269000164,ROOTS CONTABILIDADE,11,11111111,11,22222222,ROOTSCONTABILIDADE@ROOTSCONTABILIDADE.COM.BR,,,
5800452000171,,11,30872211,,,,,,
836061000193,PREMIER CONTABILIDADE DIGITAL,11,51805100,,,LEGALIZACAO@PREMIERSOLUTIONS.COM.BR,,,
2467518000165,SRMENDES CONTABILIDADE,11,37295091,,,SONIARMENDES@TERRA.COM.BR,,,
5840563000101,,11,56878131,,,,,,
854254000177,,11,23390586,,,CONTATO@PONCHIROLLICONTABIL.COM.BR,,,
5850275000138,YARA FISCO CONTABIL,11,38534100,11,38534101,YARAFISCO@UOL.COM.BR,,,
2483870000194,M. SOUZA NEGOCIOS,11,22180091,,,,,,
5875804000158,,11,64880276,,,,,,
4260309000171,JHS CONTABILIDADE,11,22959159,,,JHS@JHSCONTABILIDADE.COM.BR,,,
5953822000100,EXACTHO,11,69445700,11,61736922,exactho@uol.com.br,,,
5971962000101,ORGANIZACOES CONTABEIS VBL,11,62386342,,,orgvbl@ig.com.br,,,
5977342000180,,,,,,,,,
6009181000101,PVSCONTABIL,11,66189895,,,PVS@PVSCONTABIL.COM.BR,,,
2622511000170,,11,38125771,,,ANDREIAAGOSTINI1@OUTLOOK.COM,,,
6022189000108,,11,31057099,,,ADILSON@ELAC.COM.BR,,,
7821970000105,AH RODRIGUES ARQUIERES CONSULTORIA.,11,23722908,,,ALESSANDRO.AHRODRIGUES@GMAIL.COM,,,
30715304000287,,21,30942323,,,SJTEIXEIRA.RIO@SJTEIXEIRA.COM.BR,,,
4417835000100,,11,37299009,,,CONTATO@TRADY.COM.BR,,,
4445348000143,VILAS BOAS CONSULTORIA,11,20992186,11,20992186,fabiano@vilasboasconsultoria.com.br,,,
4451487000180,,11,38583270,,,,,,
4454728000144,,11,32367825,,,rsobreira@jomaro.com.br,,,
6144580000177,SINOPSE,11,50838020,,,COMERCIAL@SINOPSECONTABIL.COM.BR,,,
6154680000184,,11,26729400,,,NILSON@FERRARICONTABIL.COM.BR,,,
2753421000119,,11,30487268,,,,,,
2758286000102,ATIVA ORGANIZACAO CONTABIL,11,38313396,,,ismael.ribeiro@altavw.com.br,,,
1150976000103,ZTHAL,11,27251545,11,82328100,JOSEHENRIQUE@NUVEMCONTABILIDADE.COM.BR,,,
73617722000163,,,,,,,,,
56099062000157,,11,38164544,,,JACOB@JOCIMATICA.COM.BR,,,
2821689000140,,,,,,,,,
74146044000160,,,,,,,,,
6260331000147,KHAZNE - CONTABILIDADE,11,31204557,11,31590666,KHAZNE@UOL.COM.BR,,,
1226049000120,,11,32235615,11,33371274,ZANATA@ZANATACONTABILIDADE.COM.BR,,,
6284071000140,OCP - ORGANIZACAO CONTABIL PASSOS,11,29116375,11,32136942,ORGPASSOS@UOL.COM.BR,,,
56826456000160,SR CONSULTORIA CONTABIL,11,35896001,,,SERGIO@SRCONSULTORIACONTABIL.COM.BR,,,
2867755000113,,112,576744,,,,,,
6344657000152,IMAN CONTABIL,11,71813333,,,LUQUE@IMANCONTABIL.COM.BR,,,
2901622000116,ATRIOS,11,22056134,11,22056134,atrioscontabil@terra.com.br,,,
6352394000123,,11,29571131,11,59475311,DFRCON@GMAIL.COM,,,
2908933000107,CHRYSTAL,11,91940706,,,CIDAMILAN@GMAIL.COM,,,
2917061000143,B&F,11,20972165,,,LEGALIZACAO@BEFCONTABIL.COM.BR,,,
2923789000188,,11,29773488,11,29773488,juridico@asteco.com.br,,,
57690463000140,,11,8704855,,,,,,
6879279000101,,11,69146922,,,seletos@uol.com.br,,,
6887261000151,PLEON,11,76668112,,,VIVIANE.PONCE@UOL.COM.BR,,,
57859274000158,NARDINI - SERVICOS CONTABEIS,11,2043344,,,CONTATO@NARDINICONTABEIS.COM.BR,,,
2970320000108,NOVA SIEL,11,36727582,,,siel.contabil@uol.com.br,,,
38879375000146,,,,,,,,,
38883211000192,,,,,,,,,
4770098000117,,,,,,,,,
4773182000194,3A,11,23715007,,,3A@3ACONTABILIDADE.COM.BR,,,
58369331000183,,11,50831100,11,50830010,audconper@uol.com.br,,,
6989425000151,BORGES - SERVICOS E FACILIDADES,11,27242972,11,97230830,REGINALDOCBORGES@HOTMAIL.COM,,,
1438348000128,SILVACON AUDITORIA CONSULTORIA CONTABIL E GESTAO EMPRES,11,26045454,11,26059038,SILVACON@UOL.COM.BR,,,
3075414000178,,11,22387472,,,CONTCOSTA@TERRA.COM.BR,,,
59181297000181,CONFIE CONSULTORIA CONTABIL,11,36750859,11,36750860,WG@UOL.COM.BR,,,
7047625000158,BELLUCCI E MAION,11,43010595,,,EDUARDOB@MAIONCIA.COM.BR,,,
59279547000110,,,,,,,,,
59288514000137,MONELLO CONTADORES,11,38686333,,,,,,
3107734000162,,11,29650523,11,20289029,athenys@ruralsp.com.br,,,
59397042000150,,,,,,,,,
4914322000105,EXATUS,11,33110078,,,remo_contab@uol.com.br,,,
7096432000197,,11,51820155,,,WILLIAM@WMPROCONTABIL.COM.BR,,,
7099404000123,INC CONSULTORIA TRIBUTARIA,11,32583773,,,INC@INC.COM.BR,,,
4921327000157,SAO RAFAEL,11,23699087,11,23699087,CONTATO@CONTABILSAORAFAEL.COM.BR,,,
59835199000110,EXATIDAO ASSESSORIA CONTABIL,11,56313761,11,56352753,EXATIDAO@EXATIDAOCONTABILIDADE.COM.BR,,,
4938751000104,OCEAN ORGANIZACAO CONTABIL,11,37634407,,,oceancontabil@terra.com.br,,,
1530923000118,,11,26741533,,,marcelo@viger.com.br,,,
3188699000153,TAF CONSULTORIA EMPRESARIAL,11,58514502,,,TANIA.GURGEL@UOL.COM.BR,,,
60259660000113,,,,,,,,,
60261658000189,,,,,,,,,
1564002000176,M.ROSAN SERVICOS CONTABEIS,11,22768031,11,95086675,CONSULTMROSAN@HOTMAIL.COM,,,
7175928000156,BRIMACONIX,11,30612070,,,brimacltda@terra.com.br,,,
7181030000190,MB CONTABIL,11,22058006,11,20741964,ADM@MBCCONTABIL.COM.BR,,,
7910056000122,,11,66464911,,,,,,
1591495000133,L C L,11,33335433,11,33335355,LCLCONT@TERRA.COM.BR,,,
60741386000114,,11,34053001,,,AVSECRETARIA@UOL.COM.BR,,,
60856408000191,,,,,,,,,
60908225000172,,,,,,,,,
1608020000102,,,,,,,,,
7469793000131,,,,,,,,,
61054979000175,,,,,,,,,
61111480000152,CONTABIL POLONIO,11,31052440,,,MR.BRAGA@TERRA.COM.BR,,,
1628573000127,,11,51821790,11,51834490,,,,
3276756000156,,11,58127331,11,58127331,drs@drs.speedycorp.com.br,,,
61183810000115,,11,55719356,,,IRIDURANTE@IG.COM.BR,,,
7262610000102,,11,29944219,11,30903150,LIGIA@ANALLYSE.COM,,,
7262828000167,HL CONTABILIDADE,11,27537110,11,20183024,CONTATO@HLCONTABILIDADE.COM.BR,,,
61542890000158,,,,,,,,,
43197268000178,,,,,,,,,
61567319000198,BETTENCOURT ASSESSORIA CONTABIL - ACB,11,39812505,,,BETTENCOURT@BETTENCOURT.COM.BR,,,
43214485000129,SOCIVAL,,,,,,,,
61590014000105,,11,61911144,,,,,,
7267345000155,CECON,11,20913359,,,CECON.FISCAL@HOTMAIL.COM,,,
43280940000194,NOVOS RUMOS CONTABEIS,11,25810750,11,77609301,novosrumos@hotmail.com,,,
61790101000106,,11,55893117,,,WRPERICIACONT@UOL.COM.BR,,,
61810610000145,,,,,,,,,
61859997000124,,,,,,,,,
43643592000172,JUPITER CONTABILIDADE,11,93304543,,,JUPITER.CONT@TERRA.COM.BR,,,
61919668000121,,11,55796616,,,MARONNA.SP@MARONNA.COM.BR,,,
43719178000108,,,,,,,,,
43798487000102,ESCRITORIO DE CONTABILIDADE GRUPO UNIAO,,,,,,,,
43824929000148,,,,,,,,,
7309808000102,INOVARE CONTABILIDADE,11,69414209,,,contab@uol.com.br,,,
44000800000188,,,,,,,,,
62410709000112,,11,69651228,,,5deabril@uol.com.br,,,
62463203000171,,11,27962111,11,27962111,sensu22@hotmail.com,,,
62552674000156,,11,37077606,,,,,,
7372175000179,JLB CONTABIL,11,30224449,11,92121769,JLBCONTABIL@GMAIL.COM,,,
45572492000128,,11,56412045,,,opcaocont@uol.com.br,,,
46284493000130,,11,26428244,,,DCONTABIL@CONTABILIDADEMONTESANTO.COM.BR,,,
46534616000143,,,,,,,,,
64014897000195,PROVISAO ASSESSORIA CONTABIL,11,55624451,,,GILSONOVAIS@PROVISAOCONTABIL.COM.BR,,,
64018989000143,,11,5748175,,,JESTEVAM@MTECNETSP.COM.BR,,,
64028517000171,,11,2060191,,,,,,
46847943000155,,11,32294055,,,fielctb@uol.com.br,,,
64160005000164,,11,26677787,11,26677797,CONTATO@ASSESSORIATOTAL.COM.BR,,,
64162084000142,,11,38353522,,,CONTATO@CIVICA.COM.BR,,,
47127188000105,ORGANIZACAO CONTABIL VILA LIVIERO,,,,,,,,
47313408000187,,11,26056800,,,ADM@OTO.COM.BR,,,
64548910000196,,11,33267506,11,33267506,CONTATO@SENACONSULTORIACONTABIL.COM.BR,,,
47686662000120,,,,,,,,,
64724842000179,,11,50781111,,,ATUAL@ATUALCONSULT.COM.BR,,,
47827811000124,,11,2942498,,,,,,
64915085000110,,11,47960315,,,SEVEROSANTOS1974@GMAIL.COM,,,
48052310000186,GERENCIA ADMINISTRACAO E PARTICIPACAO LTDA,,,,,,,,
65084188000149,,11,55790770,,,MARCELO@SMPERICIA.COM.BR,,,
65087421000147,,11,50118428,11,50121900,tjcontabil@uol.com.br,,,
65088288000143,,11,22768964,11,55832658,,,,
48436661000190,,,,,,,,,
48609440000177,,,,,,,,,
65518672000139,,11,50892600,,,JURIDICO@CADIS.COM.BR,,,
65888497000171,,,,,,,,,
66050709000100,,11,31070178,11,31075990,legal.itapema@bol.com.br,,,
66053083000195,ACL ASSESSORIA E ORGANIZACAO CONTABIL,11,33370933,11,33370933,aclcont@uol.com.br,,,
66053679000195,,,,,,,,,
66057738000101,,11,55062497,,,pirescon@terra.com.br,,,
49493927000108,,11,21981398,,,penafiel@penafiel.com.br,,,
67136275000128,,11,50942033,,,LUPAVI@LUPAVICONTABILIDADE.COM,.BR,,
67146555000117,,11,55749190,,,TENDE@TERRA.COM.BR,,,
50548544000160,,,,,,,,,
50594068000114,,11,66054666,,,dinamicacont@terra.com.br,,,
67351361000153,,11,2758543,,,HVVPERICIAS@SOL.COM.BR,,,
50866110000109,,,,,,,,,
51740686000198,CONTADOR GOLD,11,39038090,,,CONTADORGOLDPATRIC@GMAIL.COM,,,
68478841000142,FS CONTABIL,11,20702130,,,ATENDIMENTO@FIRMOESILVA.COM.BR,,,
68970698000101,,,,,,,,,
68973445000191,,11,31243430,,,ECEQCONT@NETWAY.COM.BR,,,
52635240000166,,11,23668105,,,ATENDIMENTO@CONTICONTADORES.COM.BR,,,
69274413000160,,11,32582960,,,nelmarcont@uol.com.br,,,
69283372000179,TEC-DADOS,11,36443060,11,36443060,TECHDADOS@UOL.COM.BR,,,
71700660000123,GESCONT GESTAO CONTABIL,11,26048118,11,26063641,CONTATO@GESCONT.COM.BR,,,
54208954000113,,11,32130319,,,CONDEC.CONTABIL@UOL.COM.BR,,,
54458534000195,,11,33229177,,,CONTAUDI@UOL.COM.BR,,,
54532759000144,,11,32174500,,,ORGANIZA_CONTABIL@OUTLOOK.COM,,,
54749114000168,,11,39750001,,,JFGUIMA@UOL.COM.BR,,,
54959242000136,,11,38074325,11,39269478,contavit@terra.com.br,,,
72989742000100,ASSESSORIA LIMA,11,31350913,,,CONTATO@ASSESSORIALIMA.COM.BR,,,
2663590000168,,11,31040313,,,ACTIO@ACTIO-RESULT.COM.BR,,,
67974006000130,K&F,,,,,,,,
3771608000108,CRONOS,11,22215613,,,COMERCIAL@CRONOS.CNT.BR,,,
7738299000125,,11,29482819,,,SMARTINO@IG.COM.BR,,,
7747022000169,PATRIMONIUM ASSESSORIA CONTABIL,11,29777944,11,31153492,MARIO@PATRIMONIUM.COM.BR,,,
7760222000151,MAXICON CONTABILIDADE LTDA.,11,43243846,11,89065949,ANDERSON_MAXICON@TERRA.COM.BR,,,
59487868000100,,11,58149987,,,,,,
7886513000190,HELIO'S CONTABILIDADE,11,56350720,11,56316790,ATENDIMENTO@HELIOSCONTABILIDADE.NET,,,
7905972000174,,11,38215027,,,ADRIANARAMOS@CARVALHORAMOS.COM.BR,,,
7911952000106,,11,22954961,11,93174961,ATENDIMENTO@DEKCONTABILIDADE.COM.BR,,,
7914066000136,NOVA VITORIA,11,69550888,,,NOVA-VITORIA@UOL.COM.BR,,,
68489079000108,,11,50312860,,,,,,
6905642000116,,11,31481054,11,22956621,macedo@mgneassociados.com.br,,,
7982361000120,D MARCO CONTABIL,11,20638344,,,ADMINISTRATIVO@DMARCONTABIL.COM.BR,,,
72880800000155,,11,29528558,,,LEGALIZACAO@LIMATRADICAOCONTABIL.COM.BR,,,
8043314000183,H V G,11,20629945,,,CJCOEL@IG.COM.BR,,,
8101429000187,,11,31247255,,,asselfis@asselfis.com.br,,,
7234853000137,CPA PRIME CONTABILIDADE,11,55892517,,,CONTATO@CPAPRIMECONTABILIDADE.COM.BR,,,
2932148000190,,11,32631226,,,rch@rchconsult.com.br,,,
3376981000164,,11,32410009,,,maralucialemes@terra.com.br,,,
4497670000116,ON-LINE,11,38769272,,,CONTATO@ONLINECONTABILIDADE.COM.BR,,,
4559454000158,,11,69146462,11,69147410,,,,
4020944000181,REVAN,11,31063867,11,31150272,revan@revancontabil.com.br,,,
4608819000197,,11,25987414,,,SOCIETARIO@AUDITE.COM.BR,,,
6348003000105,MODELO,11,29111611,11,29110176,modelo@modelocontabil.com.br,,,
475797000183,,,,,,,,,
3797333000181,,11,38767600,11,38127415,EVERALDO@APPURACONTABIL.COM.BR,,,
7105523000141,,11,55846989,11,98273159,FISCAL@STRATUSCONTABIL.COM.BR,,,
7121360000190,,11,26121550,,,ATAFISCO@ATAFISCO.COM.BR,,,
977624000163,,11,27812442,,,ODEONSP@TERRA.COM.BR,,,
4072396000133,,,,,,,,,
5656406000140,,11,56151974,11,45909033,ODELIO.SILVA@BISPOESILVA.COM.BR,,,
2960709000164,JS CONTABIL,11,39381467,,,JSANTOSCONTABIL@UOL.COM.BR,,,
1349915000170,,11,55838422,,,,,,
47863261000107,,11,28027204,,,LEGAL@BALAN-SET.COM.BR,,,
53103933000170,,11,26921644,11,26183376,galactica@terra.com.br,,,
3063488000194,ATHA ASSESSORIA CONTABIL,11,50610404,11,99306993,ALFREDO@ATHAASSESSORIA.COM.BR,,,
61231924000193,SI ASSESSORIA CONTABIL,11,22968666,11,22968457,,,,
3316177000190,,,,,,,,,
96292313000130,,,,,,,,,
4199715000176,CAWS ASSESSORIA,11,22552231,,,WLADMIR@DECONTASSESSORIA.COM.BR,,,
5951563000189,RC CONTABILIDADE E ASSESSORIA LTDA.,11,30796463,,,RCCONTABILIDADEASS@UOL.COM.BR,,,
55149900000197,,11,61432011,,,,,,
4559611000125,HISTORIA CONTABIL,11,55212616,,,,,,
4623080000192,QUORUM,11,32218534,11,29417661,NUCLEOQUORUMLEGAL01@GMAIL.COM,,,
4721358000164,,11,38587484,,,SERGIOMACIEL.COM@GMAIL.COM,,,
57806192000145,,11,20999400,,,CONTABILIDADE@CARVALHOMACHADO.COM.BR,,,
4767632000136,,11,29104509,,,ENCON@ENCONASSESSORIA.COM.BR,,,
1427139000189,,,,,,,,,
59579623000103,,,,,,,,,
1550947000139,,11,39718549,,,TEMARCONT@UOL.COM.BR,,,
1602543000141,MALFATI CONTABIL S/C LTDA,,,,,,,,
61352563000133,,11,69418251,,,,,,
43591353000116,CONLEX ACCOUNTING MANAGEMENT,11,56318852,,,INFO@CONLEX.COM.BR,,,
62054473000129,,11,32373552,11,32374929,orgedsoncontabil@terra.com.br,,,
62579354000190,,11,55728756,,,,,,
45246758000142,,11,50617288,,,EDARCA@EDARCA.COM.BR,,,
63033328000124,,11,21983766,,,DOC@DOCCONTABILIDADE.COM.BR,,,
65500456000166,,11,50161704,11,50162118,CONEMPE@CONEMPECONTABILIDADE.COM.BR,,,
48795835000101,,11,32553578,,,ALIANCA6@TERRA.COM.BR,,,
66661802000150,DIRETRIZ ORGANIZACAO CONTABIL,11,29818064,,,CONTATO@DIRETIVA.NET.BR,,,
67350355000181,,11,32581512,11,32578006,JOSEMARCONTAB@GMAIL.COM,,,
67831214000180,,11,51814222,,,,,,
53178380000115,,11,38666800,,,CONTATO@CONTABILSUMARE.COM.BR,,,
7744051000177,,11,50823900,,,TRIBUTOS@INCOMPANNY.COM.BR,,,
7165819000158,METODO CONTABIL,11,23462255,,,JCAUN@TERRA.COM.BR,,,
67971929000139,,11,20206922,,,FINANCEIRO@CONFIRMACONTABIL.COM.BR,,,
66053257000110,,11,32071999,11,32076541,rovercontabil@uol.com.br,,,
6304878000105,,11,20763150,,,CESAR@PARTNERSHIP.COM.BR,,,
1354832000179,MMRX ASSESSORIA,11,32093042,,,MARTIMIANO@TERRA.COM.BR,,,
59836064000170,UNICON CONTABILIDADE,11,20581979,11,20581978,LUCIANO@UNICONCONTABILIDADE.COM.BR,,,
62029327000143,,11,66057451,,,jcconsultoria@terra.com.br,,,
67178061000114,,11,21568682,,,ANDRESERRANO21@GMAIL.COM,,,
16935000166,,11,26018612,11,26016096,,,,
4054924000121,FATOR EMPRESARIAL,11,38039977,,,EDSON@FATOREMPRESARIAL.COM.BR,,,
62163993000170,,11,22274289,11,22274289,ecpenteado@vazpenteado.com.br,,,
60840188000108,,11,81145746,,,IRPF@YMAIL.COM,,,
38882478000165,,11,59085410,11,26280401,CEFISCO@UOL.COM.BR,,,
497367000162,PRECISAO,11,55670020,,,CRISTIANE@PRECISAOCONTABILIDADE.COM.BR,,,
4151814000188,,11,32090599,,,,,,
880210000111,,11,50525311,,,artconcct@uol.com.br,,,
6036921000190,,11,20927272,,,FERNANDA.LEITE@INFOCCONSULTORIA.COM.BR,,,
6223890000187,EVOLUCAO CONTABIL,11,36229096,,,RICARDO@PORTALEVOLUCAO.COM.BR,,,
57066904000137,,11,39690719,,,ODL@UOL.COM.BR,,,
38883567000126,,11,31062389,,,ORG.YAMADA@TERRA.COM.BR,,,
58915851000144,,11,29816677,,,falcirolli@terra.com.br,,,
1491805000148,,11,50551535,,,LEFCON@UOL.COM.BR,,,
61594362000142,TFM CONTABILIDADE,11,50814353,11,50814743,,,,
43999879000130,,11,33380102,,,LEGAL@SATONET.COM.BR,,,
46370862000107,,,,,,,,,
65529638000160,,11,69141670,,,,,,
51216612000157,,,,,,,,,
67986372000100,,11,55792574,,,DEISE@MARKOCONSULTORIA.COM.BR,,,
52168077000179,,11,29502066,,,ARFECONTABIL@TERRA.COM.BR,,,
7524052000106,FERRETTI VECCHIO SERVICOS,11,22684781,,,FV.CONTABIL@UOL.COM.BR,,,
45763083000109,,11,50821274,11,55728812,assemco.contabil@ig.com.br,,,
6240785000156,VM CONTABILIDADE,11,54646792,,,VALDIRMACENCO@VMSCONTABILIDADE.COM.BR,,,
69182814000190,,11,55842713,,,SOCIETARIO@AZEPLAN.COM.BR,,,
738758000121,CHRISFER CONTABILIDADE,6920601,11,40652969,11,92630069,CHRIS.FER@UOL.COM.BR,,
5408194000182,,11,28567200,,,LEGALIZACAO@GRUPOKING.COM.BR,,,
64016140000130,,11,38534540,,,FHACTOR@FHACTOR.COM.BR,,,
47459607000106,ESCRITORIO CONTABIL JAPI,11,29654038,,,ATENDIMENTO@CONTABILJAPI.COM.BR,,,
4001476000106,DEMARI CONTABILIDADE,11,22130038,,,DAIANEADM@DEMARI.COM.BR,,,
71725139000140,,11,55391410,11,55391409,JZSCONTABIL@UOL.COM.BR,,,
1435967000169,ORGANIZACOES TERRA NOVA,11,20461098,11,20418059,ORGTNOVA@GMAIL.COM,,,
7110368000151,,11,55487861,,,NGCONT@NGCONT.COM.BR,,,
69094688000112,ASSESSORIA CONTABIL PLANEJADA,11,55210269,,,,,,
4967183000170,,11,20982935,,,ADM@NOVACONTINENTAL.COM.BR,,,
5729818000163,,11,50719395,,,LUIZBRITO@NEWVISION.ORG.BR,,,
8148227000190,BAROMETRO,11,29516361,11,29895009,,,,
8203609000170,MENPHIS-EXPANSAO,11,26110040,11,50313394,MENPHIS@MENPHISCONTABIL.COM.BR,,,
8217201000157,DOMINGUES E PINHO CONTADORES,11,33303330,,,RITAARAUJO@DPC.COM.BR,,,
8254532000167,LOGOS CONSULTORIA,11,32248483,,,ADMINISTRATIVO@LOGOSSN.COM.BR,,,
8255827000158,,11,65610662,,,,,,
8262279000193,ADILCONT SERVICOS CONTABEIS,11,29356440,11,29356440,adilson@adilcont.com.br,,,
8291136000100,,11,22735054,,,jms_contabil@terra.com.br,,,
8297084000189,ZAPA,11,29507441,,,SANDRA@ZAPACONTABILIDADE.COM.BR,,,
8677430000154,PRO-CONTATY CONTABILIDADE E CONSULTORIA,11,31815275,,,erick@contaty.com.br,,,
8806215000106,OFFICECON ESCRITORIO CONTABIL,11,32312683,,,officecon@uol.com.br,,,
8830357000109,,11,55713075,,,DIFERENCIALSERVICOS@GLOBO.COM,,,
8726431000141,VIA CONTABILIDADE,11,32570148,,,VIACONTABILIDADE@IG.COM.BR,,,
8950480000163,SLB ORGANIZACAO CONTABIL LTDA,11,66366941,11,82976244,simone1575@terra.com.br,,,
9081164000165,PEREIRA CONTABIL,11,20687918,11,29144157,FINANCEIRO@PEREIRACONTABIL.COM.BR,,,
9170675000153,ECM & BLV GROUP CONTABILIDADE,11,20911766,11,36736300,DANIEL@ECMBLV.COM.BR,,,
9255516000151,EXATAPLUS CONTABIL,11,58417767,11,58445010,exataplus@terra.com.br,,,
8898471000170,,11,25912732,,,adsystem@terra.com.br,,,
9295531000123,,11,37945387,11,43064007,CONTATO@WNRCONSULTORIA.COM.BR,,,
9443087000146,JDSANTOS CONTABILIDADE E ASSESSORIA,11,56778783,,,JONASDSANTOS@HOTMAIL.COM,,,
9449028000185,111CONTABIL - GESTAO DE NEGOCIOS,11,39325080,,,111contabil@uol.com.br,,,
9598282000145,PLANNER ASSESSORIA EMPRESARIAL,11,38461686,,,CONTATO@PLANNER-CONTAB.COM.BR,,,
9654290000161,,11,22043729,,,ferrazol@terra.com.br,,,
9665460000103,,21,22203692,,,CONTABILIDADE@ATLANTIDACONTABILIDADE.COM,,,
10299032000193,,11,22296461,11,93409822,JUNIO@RUASRODRIGUES.COM.BR,,,
10324977000118,ACTO CONTABIL,11,26599453,,,ACTO@ACTOCONTABIL.COM,,,
10341609000188,,11,39328338,11,39310420,CONTATO@DECICCOCONT.COM.BR,,,
10366261000183,,11,25892100,,,EDUARDO.MATZENBACHER44@GMAIL.COM,,,
10435868000178,,11,26825344,,,RMALBOR@RMALBOR.COM.BR,,,
10459397000138,MARAH RINALDI - CONTABILIDADE E ADMINISTRACAO,11,38642630,11,38647090,MARARINALDI@TERRA.COM.BR,,,
10544271000161,FCONT CONTABILIDADE,11,47773995,,,FCONTCONTABILIDADECONTATO@GMAIL.COM,,,
10572406000100,J.H CONTABILIDADE,11,22549833,,,contador@jhcontabilidade.com.br,,,
10685228000116,EMPRESARIAL FSF,11,32252440,,,jcs@empresarialfs.com.br,,,
10689944000171,ARTEMIS,11,56741740,11,56741742,artemis@artemiscontabil.com.br,,,
10726751000143,,11,32853841,,,EVALDO.BASILIO@UOL.COM.BR,,,
10733852000141,BENJAMIM LOPES FERREIRA ASSESSORIA CONTABIL LTDA.,11,29567337,,,BENJAMIMLOPESFERREIRA@GMAIL.COM,,,
10788781000184,R.A.J. CONTABILIDADE,11,39412750,,,reinaldo.rajcontabilidade@hotmail.com,,,
10738099000187,EDAX CONTABIL,11,35390360,11,86260902,jose.cpa@terra.com.br,,,
10844312000135,OPPORTUNITY - CONTABILIDADE,11,27248106,,,OPPORTUNITY.CONTABIL@GMAIL.COM,,,
10859234000142,REMIMCA,11,37714477,,,ADMINISTRACAO@REMIMCA.COM.BR,,,
10871022000180,ORGANIZACAO MARCONI DE CONTABILIDADE,11,22014130,11,29876810,marleyg@uol.com.br,,,
10842881000141,CONTABIL AUGUSTO,11,29437999,,,LA@LACONTABILAUGUSTO.COM.BR,,,
10895630000125,FOCUSS CONTABILIDADE,11,38045111,,,FOCUSSCONTABILIDADE@GMAIL.COM,,,
10926890000110,,11,21546898,,,JURIDICO@LSCONTABILIDADE.COM.BR,,,
10960412000127,,11,20410772,,,AFRAN@AFRANCONTABILIDADE.COM.BR,,,
10969918000105,ESCRITORIO CONTABIL MARINHO,11,37315722,,,ADM@CONTABILMARINHO.COM.BR,,,
11016099000136,ECSJT CONTABILIDADE SAO JUDAS TADEU,11,29391157,11,29490431,CONTABIL.SAOJUDAS@TERRA.COM.BR,,,
10905110000156,CALLIDUS ASSESSORIA CONTABIL,11,39754636,11,86772684,GERSON@WICONT.COM.BR,,,
11031862000106,MC SINERGIA ASSESSORIA CONTABIL,11,50831563,11,91735460,MARCOS@MCSINERGIA.COM.BR,,,
11063552000165,JC ASSESSORIA CONTABIL,11,39919388,11,39784732,cezabreu@terra.com.br,,,
11063686000186,RDN CONTABILIDADE,11,82221917,,,REINALDO@RDNCONTABIL.COM.BR,,,
11067890000175,FMC CONTABILIDADE,11,38584270,,,FABIO@FMCCONTABILIDADE.COM.BR,,,
11107250000141,,11,20264971,,,CONTMAXCONT@TERRA.COM.BR,,,
11116907000137,A & R SERVICOS TECNICOS,11,25947061,11,83898768,ABIANCHISILVA@TERRA.COM.BR,,,
11124808000105,ALFA BRASIL,11,38642856,11,30346161,alfabrasilcontabilidade@gmail.com,,,
11180812000182,ACM CONTABILIDADE,11,50319588,11,50319588,AYRTON@KEEPAUD.COM.BR,,,
11184706000177,,11,50424320,,,,,,
11199418000196,CARDOSO & FREIRE ASSESSORIA E CONTABILIDADE,11,39177062,,,CARDOSOEFREIRE@HOTMAIL.COM,,,
11258516000157,ORGANIZACAO MASTER DE CONTABILIDADE,11,29586944,,,arimaster@terra.com.br,,,
11303969000158,JCS - CONTABILIDADE,11,27424810,,,contabiljcs@uol.com.br,,,
11319769000193,,11,30584431,,,ANAPOLIAO@NAPOLICONSULTORIA.COM.BR,,,
11399275000166,,11,31701111,,,ESTATUTARIO@ARFRANCONSULTORIA.COM.BR,,,
11402947000145,GERCON ASSESSORIA CONTABIL,11,38320074,,,adm@gercont.com.br,,,
11413086000109,SURYA,11,39455844,11,94597566,rosirenealves@terra.com.br,,,
11423778000120,,11,29785464,,,SOCIETARIO@STRATEGYACCOUNT.COM,,,
11432947000198,OZCONT CONTABILIDADE E GESTAO,11,80728702,,,OZCONT@OZCONT.COM.BR,,,
11460890000130,FAG SERVICOS CONTABEIS,11,20481422,,,adm@fagcontabilidade.com.br,,,
11646640000190,,11,22740707,,,MARCELO@ROAC.COM.BR,,,
11671944000107,L. TAVARES ASSESSORIA CONTABIL,11,22720140,11,99752232,lidia.tavaressilva@hotmail.com,,,
11691195000180,FERNANDO CONTABILIDADE,11,34826743,,,fernando@fernando.cnt.br,,,
11707583000101,,11,33629882,,,SULENE@SAPCONRADO.COM.BR,,,
11937122000125,CONLIDER,11,27824150,,,qases@terra.com.br,,,
11995851000138,CONTMATEL,11,20618381,,,FMTELLES76@GMAIL.COM,,,
12020543000150,META INTELIGENCIA EMPRESARIAL,11,32231113,,,PEDRO@METAINTELIGENCIA.COM.BR,,,
11774946000121,VIEIRA E SILVA ASSESSORIA CONTABIL,11,25117027,11,25117405,VALTER@VIEIRAESILVACONTABIL.COM.BR,,,
12079826000177,KIM CONTABILIDADE,11,28078736,11,94682344,KIMCONTABILIDADE@HOTMAIL.COM,,,
12083628000187,,11,32050271,,,JSSILVA@JSSILVA.COM,,,
12236003000108,CONTABILIDADE R TISO,11,85871555,11,34871282,CONTABILIDADERTISO@GMAIL.COM,,,
12401273000127,NSG,11,29110070,,,nsg.contabilidade@ig.com.br,,,
12408184000102,WCP CONT ASSESSORIA EMPRESARIAL,11,36286994,11,36376995,WCPCONT@HOTMAIL.COM,,,
12446601000101,,11,33921100,,,roger.bauab@uol.com.br,,,
12482098000140,,11,37680099,,,soniasarmento@uol.com.br,,,
12536007000101,,11,99222148,,,CAP@USP.BR,,,
12569301000110,GLOBAL ACCOUNTING - ECB,11,43694928,,,ERMIS9054@GMAIL.COM,,,
10246581000108,,11,20580807,11,20580807,orbecon@uol.com.br,,,
9410694000100,SAKAI CORP.,11,29833448,,,FISCAL@SAKAIASSESSORIA.COM.BR,,,
12263917000168,LOKAL CONT,11,39184439,11,21099131,alessandralgodoy@terra.com.br,,,
12612051000153,,11,36631552,,,PAULOADV@TERRA.COM.BR,,,
12625724000100,G&G ASSESSORIA CONTABIL,11,56773424,,,GEG@GEGEVC.COM,,,
8620821000132,CAMARGO CONTABIL,11,82067000,,,EDFCAMARGO@HOTMAIL.COM,,,
12668258000140,,11,31058093,11,31061602,DIRETORIA@KEMELCONTABIL.COM.BR,,,
12669625000120,CONTABILIDADE SANTOS ABREU,11,20242873,11,20242873,gusgabe@gmail.com,,,
12756056000150,ZW CONTABILIDADE,11,27246817,,,CONTABIL@ZW-CONSULTORIA.COM.BR,,,
12904647000127,CONTABIL BM,11,26939620,11,26936971,contabilbm@uol.com.br,,,
12918227000108,,11,92035549,,,airejust@hotmail.com,,,
8676339000114,,11,36287656,,,KLAUS@HIKE.COM.BR,,,
13079383000187,EXCELENTE CONTABILIDADE,11,78532363,,,contato@excelentecontabilidade.com.br,,,
20360031000160,,11,29490775,11,25722164,FISCAL@SASAASSESSORIA.COM.BR,,,
13128629000163,,11,11111111,11,11111112,EMAIL@EMAIL.COM.BR,,,
13233022000143,CONTABIL MS,11,23729003,11,34936600,CONTATO@CONTABILMS.COM.BR,,,
13236794000139,SAMANTA CONTABILIDADE,11,99614226,,,CONTATO@SAMANTACONTABILIDADE.COM.BR,,,
13258235000120,SIC - SERVICO INTEGRADO DE CONTABILIDADE,11,37221628,11,37267960,contato@contabil-sic.com.br,,,
13352823000128,,11,87464393,,,jricardo2015@yahoo.com.br,,,
13399640000168,NAPOLI CONTABILIDADE E ASSUNTOS FISCAIS,11,23385776,11,26470509,NAPOLI-CONTABIL@UOL.COM.BR,,,
13399904000183,,11,20216623,,,SAM-ANTUNES@UOL.COM.BR,,,
13464034000189,,11,33268819,,,CONTATO@MANACONTABILIDADE.COM.BR,,,
13464762000190,,11,28567200,,,king@grupoking.com.br,,,
13473513000161,,11,31242555,11,31242555,pedro@gjacintho.com.br,,,
13516876000137,ARAUJO CONTABILIDADE,11,55073095,11,35541048,araujocont@terra.com.br,,,
13610708000106,CONTHABIZ,11,33313093,,,CONTABIL@CONTHABIZ.COM.BR,,,
13626076000179,CONSULTEE CONTABILIDADE,11,41186593,,,SOCIETARIO@CONSULTEE.COM.BR,,,
13627512000124,VERTICORE CONTABILIDADE E CONTROLADORIA,11,26638989,,,VERTICORE@VERTICORE.COM.BR,,,
13629926000192,CONTVILLE,11,37318616,11,37317210,atendimento@contville.com.br,,,
13672215000109,FELDER BOSS ASSESSORIA CONTABIL,11,55941186,,,FELDERCONTABIL@GMAIL.COM,,,
13690539000161,,11,31044060,,,JCPVCONTABIL@HOTMAIL.COM,,,
13696917000114,,11,41374001,,,organizacaorenovacontabil@bol.com.br,,,
13715885000157,,11,38767600,,,EVERALDO@APPURACONTABIL.COM.BR,,,
13745612000155,MP CONTABILIDADE,11,20362721,,,CONTATO@MPCONTABEIS.COM.BR,,,
13751514000120,PV14 CONSULTORIA EMPRESARIAL LTDA,11,40884193,,,ESCRITACONTABIL29765306@GMAIL.COM,,,
13809828000137,MIDIA CONSULTORIA CONTABIL E FINANCEIRA LTDA.,11,33380014,,,CONTATO@MIDIACONTABIL.COM.BR,,,
13887579000106,MATTOS CONTABILIDADE,11,58331588,11,58330703,LUCIANO@MATTOSCONTABILIDADE.COM.BR,,,
13895042000180,GLOBAL CONTABIL,11,83191156,,,LUCIA@CONTABILGLOBAL.CNT.BR,,,
14007890000178,,11,81606776,,,FVWINKLER@HOTMAIL.COM,,,
14013764000126,,11,36280230,,,JURIDICO@ARLYS.COM.BR,,,
11117291000119,,11,35313233,,,legal@orcose.com.br,,,
14016090000113,,11,41375539,,,BRASIL@POLICON.NET.BR,,,
14038979000100,SPOT CONTABIL,11,23690591,,,CONTATO@SPOTCONTABIL.COM.BR,,,
12147695000118,POTENCIAL GESTAO E PERICIA CONTABIL,11,99947625,11,71569572,JEAN.SA@POTENCIALGESTAO.COM.BR,,,
14096165000113,PLENACON ASSESSORIA CONTABIL,11,38583056,,,ATENDIMENTO@PLENACON.COM.BR,,,
14156670000106,CONSTAR CONTABILIDADE,11,56622493,11,23731209,RICARDO@CONSTARCONTABILIDADE.COM.BR,,,
14175687000100,CARDOSO ASSESSORIA,11,56799491,,,cardosoassessoria@uol.com.br,,,
20397811000185,SROCHA CONSULTORIA,11,66213938,,,ricardo@srocha.com.br,,,
14200102000165,CRR ASSESSORIA CONTABIL,11,56117771,,,c.singer@terra.com.br,,,
14304749000137,,11,96568697,,,marcio.mello@uol.com.br,,,
8495300000109,CONTABILIDADE AR,11,50172030,,,CONTATO@CONTABILIDADEAR.COM,,,
14496347000181,,11,20527803,,,visaoacaocontabilidade@ig.com.br,,,
14724597000121,CJ ASSESSORIA EMPRESARIAL,11,29256220,,,CJASSESSORIA@CJASSESSORIA.COM.BR,,,
14726588000170,,11,32282498,,,FRANCIS.FAAD@GMAIL.COM,,,
14771412000130,MILLENIUM ASSESSORIA CONTABIL,11,21567917,11,25686587,LEGABIAN@UOL.COM.BR,,,
14782263000104,ELCONT ASSESSORIA EMPRESARIAL,11,27618184,,,clickelton@hotmail.com,,,
14946810000140,IOGI & SEVILLA,11,36244409,11,36244420,PREVCONT@PREVCONT.COM.BR,,,
14788761000164,,11,55719356,11,55748114,carlosalfa@uol.com.br,,,
15062349000125,,11,27584457,,,CONTABILIDADE@FLASHSC.COM.BR,,,
15110419000173,,11,31290670,11,31290322,CONTABILIDADE@GAEUNE.COM.BR,,,
15175544000161,ESCRITORIO TORRES CONTABILIDADE,11,84282821,,,luizctorres@uol.com.br,,,
15314386000183,CALLERO CONTABILIDADE,11,38043571,11,38043566,NCMCONTABIL@HOTMAIL.COM,,,
8578196000108,MATIVE'S,11,58932888,,,CONTATO@MATIVES.COM.BR,,,
9048704000109,MARQUES ASSESSORIA,11,20923711,11,20917503,marques.contabil@terra.com.br,,,
10268827000134,,11,39912885,,,CONTADOROSVALDO@UOL.COM.BR,,,
10385930000164,LEANDRO CONTABILIDADE,11,56666161,,,l.cont@terra.com.br,,,
10685156000107,RS ASSESSORIA CONTABIL,11,36611176,,,R.RCONTABIL@YAHOO.COM.BR,,,
10793301000173,PEREIRA & FERNANDES - ESCRITORIO CONTABIL,11,37986669,11,25744564,SILVIA@PFCONTABILIDADE.COM.BR,,,
11374868000178,MGO CONTABILIDADE,11,20377020,11,20378210,ATENDIMENTO@MGOCONTABILIDADE.COM.BR,,,
11705534000130,AA SANTOS CONTABILIDADE,11,34538465,,,CONTATO@AASANTOSCONTABILIDADE.COM.BR,,,
11749299000106,CONSULT BRASIL ASSESSORIA CONTABIL,11,24769569,,,cristiane@consultbrasilassessoria.com.br,,,
12512998000192,CAMPOS CONTABILIDADE,11,33926989,,,robertolcampos@hotmail.com,,,
12550955000100,,11,97384421,,,MAURICIO.OLIVEIRA@MC5CONTABIL.COM.BR,,,
12977874000182,SILVA & OLIVEIRA CONSULTORIA CONTABIL,11,23593419,,,SOCIETARIO@SILVAEOLIVEIRA.COM.BR,,,
14175561000136,,11,74328334,,,TERESINHABIANCHINI17@GMAIL.COM,,,
14600600000103,RDMAC SERVICOS CONTABEIS,11,31243337,11,31244865,jfernandes@athenabanco.com..br,,,
14926403000170,4DM BUSINESS INTERNATIONAL,11,50164282,,,4DM.BUSINESS@GMAIL.COM,,,
15031763000177,GOULART CONTABILIDADE,11,55460707,,,CEZARGOULART@IG.COM.BR,,,
15135119000149,FMB CONTABIL,11,55495439,,,PANAMERICANA@UOL.COM.BR,,,
15639802000113,THO ASSESSORIA CONTABIL,11,28014861,,,THO.CONTABIL.CONTATO@GMAIL.COM,,,
15644417000164,CONTMAX CONSULTING CONTABILIDADE,11,22917332,,,CONTATO@CONTMAXCONSULTING.COM.BR,,,
15683559000130,JOAV CONTABIL,11,39027856,,,JOAV@TERRA.COM.BR,,,
15712399000100,RENOVADA CONSULTORIA,11,38421925,,,isaias@renovadaconsultoria.com.br,,,
15749150000170,IVR FINANCE & BUSINESS,11,22764448,,,andre@awrcontabilidade.com.br,,,
15762423000116,CONTROLE ASSESSORIA CONTABIL,11,26095955,11,81862501,CONTABILIDADE@CONTROLEASSESSORIA.COM,,,
15809277000137,,11,48830103,,,CONTABIL@OPBO.COM.BR,,,
16526457000174,CAMPOS CONSULTORIA,11,33926989,,,robertolcampos@hotmail.com,,,
13616134000183,REGRACOM,11,23670943,,,CONTATO@REGRACONTABIL.COM,,,
16718089000166,FLIP CONTABIL,11,31063777,,,CONTATO@FLIPCONTABIL.COM.BR,,,
16854996000132,COMPANY CONTABILIDADE,11,56114521,11,93227956,CONTATO@COMPANYCONTABILIDADE.COM.BR,,,
17073272000114,SASA ASSESSORIA CONTABIL,11,29490775,11,26355764,SAMARA@SASAASSESSORIA.COM.BR,,,
11659197000191,,11,20933905,11,95303897,EDINALDO.FLAUZINO@HOTMAIL.COM,,,
17263421000108,RECORRE CONTABILIDADE,11,20436232,11,95217948,RECORRE@RECORRECONTABILIDADE.COM.BR,,,
17269677000122,BALZAC CONTABILIDADE,11,26740272,,,BALZAC.CONTABIL@UOL.COM.BR,,,
11750709000120,OPEN CONTABILIDADE,11,50586078,,,OPEN@OPENASSESSORIA.COM.BR,,,
17424229000156,,11,38131358,11,38122941,CARLA@PRADOOLIVEIRA.COM.BR,,,
16700183000198,MARES EMPRESARIAL,11,99999999,,,CONTATO@MARESEMPRESARIAL.COM.BR,,,
17515995000126,R R D ASSESSORIA CONTABIL LTDA,11,27136250,,,HBREALIZA@HBREALIZA.COM.BR,,,
17516778000150,FINANCE CONSULT,11,32274658,,,CONTABIL@FINANCECONSULT.COM.BR,,,
17577112000102,,11,27244393,,,EDNA.CONTADORA@UOL.COM.BR,,,
17636074000111,ROMANO CRUZ CONTABILIDADE,11,31294869,,,CONTABILIDADETOLEDO5@GMAIL.COM,,,
17641125000101,CONTABILIDADE ALBUQUERQUE,11,23372947,,,ALBUQUERQUEE@LWMAIL.COM.BR,,,
17783701000147,SMART SOLUTIONS GROUP ASSESSORIA & CONSULTORIA EMPRESAR,11,87271071,,,jnetto@ssgroup.com.br,,,
17823682000135,LUCA HUB CONTABIL,11,55872007,,,FISCAL@FVEMPRESARIAL.COM.BR,,,
17829421000122,S&W ASSESSORIA CONTABIL,11,39831637,11,86031055,SW.CONTABIL@YAHOO.COM.BR,,,
17975536000125,MARCIO BOTELHO DE OLIVEIRA SERVICOS CONTABEIS,11,39215731,11,73853459,MARCIO.ADM@UOL.COM.BR,,,
18071954000150,,11,54511526,11,71214053,rinaldo.cesario@setal.com.br,,,
18188705000140,RUDIAM CONTABILIDADE,11,39312341,,,RUDIAN@IG.COM.BR,,,
13592998000102,CONTABILIDADE PD,11,58312114,,,CONTABILIDADE@CONTABILIDADEPD.COM.BR,,,
12145619000173,,11,30541100,,,NISSAN@NISSANCONTABIL.COM.BR,,,
9205688000110,,11,34417644,,,CARLOS@CONTABILCARLOS.COM.BR,,,
10260572000163,,11,38859132,11,98873819,luluisacardoso@ig.com.br,,,
11353779000145,FJ CONTABILIDADE,11,35628947,,,FABIANA@FJCONTABILIDADE.COM,,,
11831291000186,,11,29190673,11,95863794,rubenskanada@yahoo.com.br,,,
13499001000174,LIRA ALMEIDA ESCRITORIO CONTABIL,11,29431152,11,27998888,cida@pluriserv.com.br,,,
13980775000112,,11,26318890,,,shirleypinto@uol.com.br,,,
14998432000148,,11,23056527,,,RPAIVASOUZA@YAHOO.COM.BR,,,
18011244000135,KIM,11,33122828,,,DANIEL.YONG@TERRA.COM.BR,,,
18351299000194,,11,31251060,,,CAETANO.ADRIANA40@GMAIL.COM,,,
18404819000180,MARTE ORGANIZACAO CONTABIL,11,32278696,11,33267350,martecontabil@uol.com.br,,,
18494584000164,QUIMERA CONTABILIDADE,11,28935245,,,PAULOALVES@QUIMERACONTABILIDADE.COM.BR,,,
18501477000116,EQUILIBRIO CONTABIL ASSESSORIA EMPRESARIAL,11,20939552,,,LEGALIZACAO@EQUILIBRIOCONTABIL.NET,,,
18512856000101,LIDERANCA SOLUCOES EMPRESARIAIS,11,20260305,,,alis.silva@uol.com.br,,,
18528635000121,,11,50350555,,,METROPOLITANA@METROPOLITANACONTABIL.COM.BR,,,
18536398000140,INTELLECTUS CONTABIL SOLUCOES CORPORATIVAS,11,38581335,,,LEANDRO@INTELLECTUSCONTABIL.COM.BR,,,
18543997000191,ASSESSORIA CONTABIL MATOS,11,22117801,11,21540065,ESCRITORIO_MATOS@UOL.COM.BR,,,
18620306000106,LADAL ASSOCIADOS ASSESSORIA CONTABIL,11,23726878,,,,,,
18650526000182,DAJ ASSESSORIA EMPRESARIAL,11,20248713,,,DAVIDAMBROSIO573@HOTMAIL.COM,,,
8681365000211,,11,45502701,,,RENATA.CARNEIRO@APSIS.COM.BR,,,
18768081000130,,11,40835130,,,FISCAL@BENX.COM.BR,,,
18186567000160,JCARDOSO SERVICOS CONTABEIS,11,50424320,,,,,,
19034189000161,,11,26922463,,,tacci.contabil@uol.com.br,,,
19048060000102,LEADER CONSULT,11,58412846,,,JLPORTELA.PORTELA@GMAIL.COM,,,
19264295000131,CAPV CONSULTORIA CONTABIL,11,41182125,,,ADMIN@CAPVCONSULTORIA.COM.BR,,,
19374815000169,PADOAN ASSUNTOS CONTABEIS,11,29632089,,,silvia@padoan.com.br,,,
19393749000174,,11,23679350,11,95812747,contabil@vsrcontabil.com.br,,,
19406094000121,PHOENIX,11,21420202,,,JURIDICO@CONTABILPHOENX.COM.BR,,,
17521503000105,M.GARCIA CONTABILIDADE,11,58445403,,,garcia_marcelo1@hotmail.com.br,,,
19773462000170,ADM CONTABIL,11,23736937,,,adeliarsoliveira@yahoo.com.br,,,
19890328000159,CONTA + SOLUCOES EMPRESARIAIS,11,42809650,,,CONTATO@LIFECONSULTORIAEMPRESARIAL.COM.BR,,,
19950858000145,GESTA CONTABILIDADE E SOLUCOES EMPRESARIAIS,11,23652666,,,GESTA@GESTAEMPRESARIAL.COM.BR,,,
18619986000148,GRUPO CESIM,11,27693592,11,26317658,CESIMIMOVEIS@GMAIL.COM,,,
20014907000117,,11,23697182,11,37931113,PAULO@PROGERCONTABIL.COM.BR,,,
20091233000154,F C C - CONTABILIDADE,11,27317148,,,franciscolial@ig.com.br,,,
9439760000174,NOBRE CONTABIL,11,26744294,,,NOBRECONTABIL@GMAIL.COM,,,
20136148000165,AGAPES & CARDOSO SERVICOS CONTABEIS,11,27465698,,,DEBORA@AGAPESECARDOSO.COM.BR,,,
15913695000170,MISTER CONT,11,45643336,,,SOCIETARIO@MISTERCONT.COM.BR,,,
16365125000155,,11,20100013,,,CONTATO@MALVESCONTABIL.COM.BR,,,
20609404000194,ESO SERVICOS ADMINISTRATIVOS,6920601,11,28940007,11,72264892,CONTATO@ESOCONTA.COM.BR,,
20616961000132,COFIS CONTABILIDADE,11,58343484,11,58343381,COFIS@COFIS.COM.BR,,,
20625526000174,,11,20798989,,,,,,
20628497000102,WORLD CONTABIL,11,96079521,,,EVALDO@WORLDCONT.COM.BR,,,
20635676000169,MVD ASSESSORIA,11,33130489,11,33269226,ADRIANA.PAULA@GLOBO.COM,,,
20711516000151,CONTABIL ROSSI,11,22495797,11,22495952,CONTABIL.ROSSI@UOL.COM.BR,,,
20722706000174,AMARAL CONTABIL,11,35781624,,,EDSON@AMARALCONTABIL.COM.BR,,,
20824514000179,MAPAH SAO PAULO,11,24780954,,,FABRICIO.LEMOS@MAPAH.COM.BR,,,
20835330000104,GV CONTABILIDADE,11,71800488,,,VANESSASOLEMENE@IG.COM.BR,,,
20859669000140,,11,92902928,,,silvaenicolofcontabil@gmail.com,,,
20961494000188,WSA CONTABILIDADE,11,32232634,,,WSACONTABILIDADE@GMAIL.COM,,,
20976211000171,,11,39319888,,,dadetti@zini.com.br,,,
21178437000190,JTS CONTABILIDADE,11,55751749,11,99645039,SOUJONATAS@HOTMAIL.COM,,,
21181788000150,ADEPP CONSULTORIA,11,32299205,,,PARALEGAL@ADEPP.COM.BR,,,
21264615000103,BARUCH,11,20768489,,,BANDCONTABIL@YAHOO.COM.BR,,,
21502129000178,HG CONTABIL,11,52848874,,,HELOCONTABIL1@GMAIL.COM,,,
21556128000106,BELA ASSESSORIA,11,31071245,11,31075368,RONALD@PAULISTAAC.COM.BR,,,
21630795000191,NBCONTABIL,11,29612219,11,24983077,NBCONTABIL@YAHOO.COM.BR,,,
21653694000136,,11,93554504,,,BATELOCHIOEDSON@GMAIL.COM,,,
21744631000195,JOTACE CONTABIL,11,39031086,11,34219803,CONTATO@JOTACECONTABIL.COM.BR,,,
21759353000140,,11,22089090,,,WICCON@UOL.COM.BR,,,
21803976000172,RADAMESI ADMINISTRACAO,11,25470070,,,RADAMESI@IG.COM.BR,,,
21830744000103,VIAFISCO CONSULTORIA CONTABIL EIRELI,11,29240999,11,29240998,RICARDO@DAHECON.COM.BR,,,
21840933000167,ASSECASP,11,97675644,11,93742785,ASSECASP@ASSECASP.COM.BR,,,
22084477000135,JRV SERVICOS,11,82237117,,,JEFFERSON@JRVCONTABIL.COM.BR,,,
22369666000154,EXAME,11,51052271,11,51052260,CARRA@EXAMCONTABIL.COM.BR,,,
22512665000117,,11,47072123,,,ELVIS.CAMILO@YAHOO.COM.BR,,,
22580610000144,LUA NOVA CONTABIL,11,25812081,,,wlsf@ig.com.br,,,
20855798000160,CONTATHO SOLUCOES EMPRESARIAIS,11,35826571,,,ANDREIA.THOMAZ@CONTATHO.COM.BR,,,
22686610000123,,11,33298846,11,33298844,CLAUDIOCLARO@IG.COM.BR,,,
22758334000161,GOMES CONTABILIDADE,11,58217744,11,58217710,ADIC.CONTABIL@HOTMAIL.COM,,,
22808557000196,KILIG CONSULTING,11,43953256,11,47589127,CONTATO@KILIGCONSULTING.COM.BR,,,
22871738000167,CEZARIO & LOURENCO ASSESSORIA CONTABIL,11,23854251,,,RAFAEL@CEZARIOLOURENCO.COM.BR,,,
22890196000170,,11,38760771,,,,,,
22951399000129,ORGANIZACAO NUNES,11,96135526,,,OLAIR.NUNES@GMAIL.COM,,,
22969563000125,L.A. COSTA & FERRAZ,11,50388211,,,,,,
23031272000154,MEGIATI,11,94433361,,,EDUMEGIATI@HOTMAIL.COM,,,
12096629000166,LGF CONTABILIDADE E AUDITORIA,11,50576933,,,LOURIVAL@LGFCONTABILIDADE.COM.BR,,,
23331371000151,,11,50836617,,,JERSON.CAMPOLI@EMUNAHCTB.COM.BR,,,
23341721000160,D'ANDREA CONTABIL,11,55128176,,,dandreacontabil@uol.com.br,,,
23387536000107,PJ ASSESSORIA CONTABIL LTDA ME,11,20263590,,,pjassessoriacont@gmail.com,,,
23476166000184,,11,26310639,,,MARTASILVATORRES@GMAIL.COM,,,
23512667000179,T6 PARTNERS CONSULTORIA,11,81411661,,,,,,
23677830000153,CIRTAP SOLUCOES EMPRESARIAIS,11,23376878,,,CIRTAPSOLUCOESEMPRESARIAIS@GMAIL.COM,,,
23733182000105,,11,27484181,11,85636366,DENISELUZ13@GMAIL.COM,,,
23774159000169,ASSERCAO,11,37263419,,,,,,
23782077000166,IRLAKO CONTABILIDADE - ME,11,86067656,,,IRLAKO.CONTABILIDADE@GMAIL.COM,,,
23824486000188,,11,22070834,,,MARCELO.KOGA@NEWPARTNER.NET.BR,,,
23831473000136,J.E.A.T ASSESSORIA CONTABIL E AUDITORIA,11,41786493,,,JTEIXEIRA@MSBRASIL.COM.BR,,,
23896576000184,GF&V CONTABILIDADE,11,72985543,,,CLAUDIA@GFVCONTABILIDADE.COM.BR,,,
23987070000180,FGK CONSULTORIA CONTABIL,11,43079887,,,FBUSO@IG.COM.BR,,,
24007856000157,DINIZ CONSULTORIA,11,62574995,,,FERNANDADINIZSMADV@GMAIL.COM,,,
24048907000199,FFB SERVICOS CONTABEIS,11,37915612,,,FABIOBRAGA@FFBSERVICOSCONTABEIS.COM.BR,,,
24220880000170,IMPETO ASSESSORIA EMPRESARIAL,11,28939133,,,enedir.oliveira@yahoo.com.br,,,
24260017000146,LT CONTABILIDADE,11,75596261,,,LUIZ998@HOTMAIL.COM,,,
24264492000190,JKL,11,11240256,11,41958186,ESCRITORIO@JKL-CONSULTORIA.COM,,,
24359204000181,ETILIT CONTABILIDADE,11,58198880,,,CONTATO@ETILIT.COM.BR,,,
24361518000119,CONCIL ASSESSORIA CONTABIL E EMPRESARIAL,11,41119499,,,FERNANDO@CONCILASSESSORIA.COM.BR,,,
24586401000133,INTELECTO CONTABILIDADE,11,25169468,11,25592058,INTELECTOPARALEGAL@HOTMAIL.COM,,,
24617218000158,COMPLIANCE SUPORTE CONTABIL,11,32831520,,,MARCO.SERIACOPI@COMPLIANCECONSULTORIA.COM.BR,,,
24809123000136,,11,99999999,,,,,,
24839141000160,SUPPERY,11,87888467,,,COMERCIAL@SUPPERY.COM.BR,,,
24843705000139,VALORES ASSESSORIA CONTABIL,11,33619855,,,LIGIERI@VALORESCONTABIL.COM.BR,,,
24930321000153,MITRA CONTABILIDADE,11,98270020,11,20324101,BEATRIZ@MITRASQL.COM.BR,,,
25102090000152,,11,32213000,,,COFIPLAN@COFIPLAN.COM.BR,,,
25119883000184,ADVISOR CONTABILIDADE E CONSULTORIA,11,35075282,,,EDUARDO.MOURAO@LIVE.COM,,,
25136499000190,CONTABIL AMARILTON,11,29540578,11,25976356,AMARILTON.SILVA@BOL.COM.BR,,,
25142841000164,TDS SERVICOS TECNICOS E ADMS,11,39013233,,,TIGO_TGO@HOTMAIL.COM,,,
24787000000141,CONTABILIDADE MELO&MARQUES,11,27045847,,,contabilidade_meloemarques@hotmail.com,,,
25260103000111,CONTABILIDADE GALICIA,11,25948922,11,87579725,FISCAL@CONTABILIDADEGALICIA.COM.BR,,,
25370178000155,AUMICONT CONTABILIDADE,11,25118620,11,96123472,MIGUEL645@GMAIL.COM,,,
25476514000149,,11,32087244,11,32087332,WAKIYAMA@UOL.COM.BR,,,
13343712000155,,11,47898928,,,LEGALIZACAO@COMPROSPER.COM.BR,,,
15163093000142,,11,37325500,,,VIVIANE@FRANCO-RNC.COM.BR,,,
10688529000101,JCP CONTABILIDADE,11,33992457,11,32083346,CONTATO@JCPCONTABIL.COM.BR,,,
9519410000118,,11,26455000,11,26456000,RODRIGOROCHA@RCONTABIL.COM.BR,,,
12033396000152,,11,28312174,,,CONTATO@CONSOLIDOS.COM.BR,,,
19760833000189,TIEX SOLUCOES E SERVISO CONTABEIS S/S LTDA.,11,30802355,,,FABIO@TIEX.COM.BR,,,
10708005000127,LEC.CONTABILIDADE,11,34552020,,,LECCONTABIL@LECCONTABIL.COM.BR,,,
19881814000100,,11,39324944,11,37914944,MEAJS@TERRA.COM.BR,,,
20331421000102,MISIELLE ASSESSORIA CONTABIL,11,20923961,,,CONTATO@MISIELLE.COM.BR,,,
8821956000166,CONTABIL CRISTO REI,11,35866000,11,66052455,gia2002@ig.com,,,
15545724000198,CONTABIL JM,11,26913181,,,CONT.JM@HOTMAIL.COM,,,
25216438000132,AVANTY CONTABILIDADE,11,49270772,,,AVANTY@AVANTYCONTABILIDADE.COM.BR,,,
20301500000170,ATHUS ASSESSORIA CONTABIL,11,31050728,,,CONTATO@AACE.COM.BR,,,
19988706000131,,11,36754968,,,MADALENA.PRATA@PRATACONSULTORIA.COM.BR,,,
23910159000149,,11,55369521,,,CARLOSAUGUSTO@PCCOMPANY.COM.BR,,,
9328957000136,GAAP BRASIL CONSULTORIA CONTABIL E PARALEGAL,11,26381508,,,CINTIA.GUERRA@GAAPBRASIL.COM.BR,,,
10520168000181,PRISMA ASSESSORIA EMPRESARIAL,11,48589085,11,87603754,FABIO@FSILVACONTABILIDADE.COM.BR,,,
22987223000127,PHILANZO CONTABILIDADE,11,11111111,,,CONTATO@PHILANZOCONTABILIDADE.COM.BR,,,
10987296000130,,11,58519538,11,58512860,CONTATO@MARSCONTABIL.COM.BR,,,
12700626000190,CSG CONTABILIDADE E ASSESSORIA,11,25866910,,,cristina@csgcontabil.com.br,,,
25126066000153,BC ASSESSORIA CONTABIL,11,25865352,,,BCASSESSORIACONTABIL@YAHOO.COM.BR,,,
25332071000112,,11,55246824,,,ERASMO.CESAR.LANA@GMAIL.COM,,,
12875367000138,,11,73110121,,,WALTER.JAGER@HOTMAIL.COM,,,
12103468000190,,11,50412018,11,96066254,ja.depaula@yahoo.com.br,,,
22356041000158,APMI CONTABIL,11,41592716,,,ATENDIMENTO@SIMACONT.COM.BR,,,
11760712000125,ICTUS CONTABILIDADE SP,61,92193966,,,CONTATO@ICTUSCONTABILIDADE.COM.BR,,,
24990948000108,JR SALVI ASSESSORIA CONTABIL,11,34257229,11,94334216,JOAO.SALVI@GMAIL.COM,,,
24875258000108,,11,99473748,,,TATICCA@TATICCA.COM.BR,,,
17280457000108,,11,29540965,,,MGARE@AC3CONTABIL.COM.BR,,,
12706459000194,LIBANO CONTABILIDADE,11,31018200,,,CONTATO@LIBANOCONTABILIDADE.COM.BR,,,
22414802000180,,11,31057776,,,TMCONTABIL@TERRA.COM.BR,,,
10876020000184,,11,32140321,11,31017766,CONTATO@CICLOCONTABILIDADE.COM.BR,,,
22231797000170,FKAUK SERVICOS DE CONTABILIDADE E ASSESSORIA,11,76829371,,,FRANCIMAR.VALE@HOTMAIL.COM,,,
23168763000141,LAM CONSULTORIA,11,26198805,,,SOCIETARIO@LAMCONSULTORIA.NET.BR,,,
16985900000175,,11,23695765,,,mpado40@gmail.com,,,
19195241000161,MOQUER SERVICOS,11,39843786,,,MOQUERSERVICOS@YAHOO.COM.BR,,,
24420915000114,R.D.A CONSULTORIA CONTABIL E TRIBUTARIA - ME,11,25188724,,,rdacontabil@bol.com.br,,,
8588633000174,A.CLIVATI ASSESSORIA EMPRESARIAL,11,32804099,,,A.CLIVATI@ACLIVATI.COM.BR,,,
21163014000104,,11,34966310,,,CONTATO@SIMPCONTABILDIADE.COM.BR,,,
25165061000130,SOLUCIONAR CONTABIL,11,47387425,,,REMO_CONTAB@UOL.COM.BR,,,
25331990000171,MS CONSULTING,11,34030707,,,SOCIETARIO@MSCONSULTING-BRASIL.COM,,,
14313519000134,ALPHA ASSESSORIA CONTABIL,11,29174253,11,29173377,CONTATO@ALPHASERVICOS.COM,,,
12386594000108,JSL CONTABIL,11,26148176,,,JSLCONTABILIDADE@HOTMAIL.COM,,,
12602936000171,ATENTO CONTABIL,11,95651031,,,MATEUS.CONTABIL@TERRA.COM.BR,,,
24145696000102,VITORIA CONTABILIDADE,13,97214909,,,ATENDIMENTO@VITORIACONTABILIDADE.COM,,,
18274255000108,DRA FINANCE,11,68266684,,,DANIEL.ARAUJO@DRAFINANCE.COM.BR,,,
17205104000135,LAGO ORGANIZACAO CONTABIL,11,34599866,11,34599887,FDALLAGO@GMAIL.COM,,,
9274965000147,OTACIANA ASSESSORIA CONTABIL EIRELI,11,23611786,,,RELACIONAMENTO@IGCPCONTABILIDADE.COM.BR,,,
10971867000148,AFS CONTABILIDADE,11,25063305,,,afsservice@afsservice.com.br,,,
20340681000144,FERNANDES E SOUZA ASSESSORIA EMPRESARIAL,11,26138242,,,rafafs1980@gmail.com.br,,,
11904655000100,STIL CONSULTORIA E NEGOCIOS,11,29871266,,,LEGALIZACAO@STILCONSULTORIA.COM.BR,,,
10475361000148,CONTABILIDADE BATISTA,11,22946634,,,SILVANA.DIRETORIA@CONTABILIDADEBATISTA.COM.BR,,,
25961506000198,SL SERVICOS CONTABEIS,11,36280826,,,SABRINADOS@IG.COM.BR,,,
26001243000138,,11,23077164,,,nivaldocruzz@terra.com.br,,,
26141042000136,S&D SOLUCAO CONTABIL,11,99999999,,,,,,
26212682000190,,11,29723516,11,22835181,CONTABILIDADE@HIDESHIMA.COM.BR,,,
26092799000187,,11,32656511,,,AGRILLO@COTIA.COM.BR,,,
26344940000191,GARAO HEINDL CONTABILIDADE,11,26932203,,,XAVANTES@XAVANTESCONTABILIDADE.COM.BR,,,
26351343000194,TKS AUDITORIA E CONTABILIDADE,11,98860240,11,93771224,SERGIO@TKSCONTABILIDADE.COM.BR,,,
26473780000180,LUZ ROCHA CONTABIL,11,92197352,,,BRUNO@LUZROCHACONTABIL.COM.BR,,,
26545321000165,DDL SERVICOS E COMERCIO,11,94899963,,,douglas_ddl@yahoo.com.br,,,
26605581000189,CIA CONTABIL MAEF,11,32939255,,,MAEF@MAEF.COM.BR,,,
26608250000100,,11,43127318,,,CONTATO@RSCONTROLLER.COM.BR,,,
26667652000178,LCG BRASIL AUDITORIA E CONSULTORIA,63,81301407,,,GRUENFELD@HOTMAIL.COM,,,
26702519000105,MARTINS & SOUZA ASSESSORIA CONTABIL E TRIBUTARIA,11,26158392,11,91358672,FAURELIOM@GMAIL.COM,,,
26728871000110,,11,57988016,,,VALMIR@VDFCASTRO.COM.BR,,,
26740582000136,RMG CONSULTORIA CONTABIL,11,39780592,,,NETO.RAMON@UOL.COM.BR,,,
26762015000180,HJW CONTABIL,11,39046257,,,RENATO.WEISS@IG.COM.BR,,,
26779960000195,EMILIANO BORGES INTELIGENCIA TRIBUTARIA,11,27210234,,,PAMELA@EMILIANOBORGES.COM.BR,,,
26820232000180,,11,50513944,,,julio.mescruz@hotmail.com,,,
26973950000196,,11,23012773,,,eugebf@terra.com.bra,,,
26989532000197,MJ CONSULTORIA TRIBUTARIA,11,55108021,,,gestaotributaria302@gmail.com,,,
27074253000166,FABIANE ALVES ASSESSORIA CONTABIL,11,81252301,,,,,,
27101022000102,M&P CONTABILIDADE E ASSESSORIA EMPRESARIAL S/S,11,23086244,,,CONTABILMP@CONTABILMP.COM.BR,,,
27219487000154,CONTABILIDADE MARIA LUIZA,11,35899556,11,35899563,CONTATO@ASSESSORIAML.COM,,,
27283345000156,CONTSUL ASSESSORIA CONTABIL E ADMINISTRATIVA,11,26289920,,,contsul@outlook.com,,,
27329620000125,EBV ASSESSORIA CONTABIL E FISCAL LTDA - ME,11,72252892,,,,,,
27331121000172,' CMC' CONTABILIDADE,11,56312002,,,cmc@conmendes.com.br,,,
27515082000163,MARDAN CONTABIL ASSESSORIA EMPRESARIAL,11,58411578,,,CONTATO@MARDANCONTABIL.COM.BR,,,
27557691000185,ESCRITORIO DE CONTABILIDADE,11,38552427,11,25979212,CONTATO@ATIVOSCONTABEIS.COM.BR,,,
27563732000146,COSTA OLIVEIRA SERVICOS CONTABEIS,11,96099762,,,vc.oliveira41@gmail.com,,,
27637464000160,ANTARES CONTABIL,11,31051834,11,31011272,ANTARES.ALP@UOL.COM.BR,,,
27646841000127,PRO FOLHA GESTAO DE RECURSOS HUMANOS,11,32251010,,,LUIZ@SAVIANCONTABILIDADE.COM.BR,,,
27697293000164,CSE CONSULTORIA CONTABIL E FINANCEIRA,11,71560689,,,cris-elvira1@hotmail.com,,,
27710141000154,RITA DE CASSIA DE OLIVEIRA SANTANA,11,39117013,,,tande_s@hotmail.com,,,
27863591000187,MOLINAZ ASSESSORIA & CONSULTORIA CONTABIL,11,42551007,,,CONTATO@MOLINAZ.COM.BR,,,
27902490000178,ECREL,11,55746711,,,,,,
27959563000168,CRCLC CONTABIL,11,33373958,11,32249012,LUCASCSY@GMAIL.COM,,,
28028467000169,,11,32864849,,,PARALEGAL@TAKARA.COM,,,
28119492000158,S.A.M. ASSESSORIA CONTABIL,11,55266361,,,MENDESAN_BX@HOTMAIL.COM,,,
28143828000118,SOUZA CONTABIL,11,54375955,,,SOUZACONTABIL.ASSESSORIA@GMAIL.COM,,,
28189556000197,,11,95762011,,,TATIANAVALLE.COSTA@HOTMAIL.COM,,,
28249862000171,US ASSESSORIA CONTABIL,11,42533927,11,80706901,ULISSESSILVA@MSN.COM,,,
28257313000149,SEMOG ORGANIZACAO CONTABIL,11,35648907,,,SEMOGCONTABILIDADE01@GMAIL.COM,,,
28519443000102,L&J ASSESSORIA E AUDITORIA CONTABIL,11,87432921,,,LILIAN.MIRANDA@LJCONTABIL.COM.BR,,,
28554841000160,RAS CONTABILIDADE,11,93976294,,,RAS@RASCONTABILIDADE.COM,,,
28617577000166,BC CONSULTORIA EMPRESARIAL LTDA,11,96797764,11,76766801,CAMILA@BCCONSULTORIAEMPRESARIAL.COM.BR,,,
28660177000133,********,11,91867282,,,FACILITYCONT@UOL.COM.BR,,,
28688112000104,PINGO,11,37823380,,,PAULOLEANDRO@TPAEMPREENDIMENTOS.COM.BR,,,
28692791000187,,11,22080039,,,ADM@AGILEWRL.COM.BR,,,
28703209000130,,11,50611616,,,FISCAL@FIDELITYCONTABIL.COM.BR,,,
28876418000186,BRAYNER'S CONSULTORIA CONTABIL E FISCAL,11,37813004,,,braynersconsultoriacontabil@outlook.com,,,
28929157000115,,11,26949782,,,SANDRAM.GRUTTER@GMAIL.COM,,,
28941974000199,,11,23848056,11,87233484,LUCIMARFELICIANO@GMAIL.COM.BR,,,
29106322000100,,11,31504400,,,OBRIGACOESACESSORIAS@FELIPEDUARTE.COM.BR,,,
29153296000162,,11,56610203,,,CONTABIL@CMFASCON.COM.BR,,,
29176767000158,SUSTENTABIL CONTABILIDADE,11,72522259,,,SUSTENTABILCONTABIL@GMAIL.COM,,,
29257727000130,,11,31052233,,,VISOR.LEGAL@TERRA.COM.BR,,,
29308342000155,EF CONTABILIDADE,11,51967101,,,ATENDIMENTO@EFASSESSORIA.COM.BR,,,
29318697000125,MSP,11,32599047,,,MSP@MSPCONTABIL.COM.BR,,,
29473123000121,JURASSCONT - ASSESSORIA CONTABIL E TRIBUTARIA,11,29418251,11,20979857,ASSES@UOL.COM.BR,,,
29621874000148,RENOCOMP CONTABILIDADE,11,23726352,,,CONTATO@RENOCOMP.COM.BR,,,
29752921000192,,11,55618022,,,DOGAETA@HOTMAIL.COM,,,
28079542000110,ADVANCE CORPORATE,11,41307914,,,SAC@ADVANCE-CAC.COM.BR,,,
29777784000140,S7 SOLUTIONS,11,27761617,,,ADM@S7SOLUTIONS.COM.BR,,,
29854178000181,,11,35698283,,,IARAHARUMI@UOL.COM.BR,,,
29854934000172,JFC CONSULTORIA E ASSESSORIA FISCAL CONTABIL,11,26400404,11,97510373,JFCFISCALCONTABIL@GMAIL.COM,,,
29890952000100,BFMOREIRA CONTABIL,11,98467746,11,38462625,BFMOREIRA@TERRA.COM.BR,,,
26301593000110,GESTAF CONTABILIDADE & GESTAO DE NEGOCIOS,11,32022864,,,CONTATO@GESTAF.COM.BR,,,
30070450000111,HEIVECONTABILIDADE,11,26940311,,,HEIVECON@YAHOO.COM.BR,,,
26767980000146,DEFCON SOLUCOES ASSESSORIA CONTABIL E TRIBUTARIA,11,40632985,,,DEFCON@DEFCONSOLUCOES.COM.BR,,,
30179928000146,S.S CONTADORES ASSOCIADOS,11,71316744,,,MARCOS.SOUSA@SSCONTADORES.CNT.BR,,,
30357871000128,WORK COMPANY,11,26152599,,,ADM@WORKCONTABIL.COM.BR,,,
30410884000113,REALIZE CONTABILIDADE ESTRATEGICA,11,95577589,,,WESLEY@REALIZECONTABILIDADE.COM.BR,,,
30421726000169,,11,47838783,11,41493974,KAZU.ASSESSORIA@UOL.COM.BR,,,
30578243000172,IDEALI,11,23391663,,,VERAOLIVEIRA@IDEALICONTABILIDADE.COM.BR,,,
30803859000108,,11,22766919,11,72570960,CARLA.VINHAS@UOL.COM.BR,,,
30843117000106,PERFIL CONTABILIDADE,11,31298082,11,32315296,PERFIL@GMAIL.COM,,,
30981868000180,,11,94881770,,,RUI.COSTA@ALUGAMAQUINAS.COM.BR,,,
31089514000199,MEGA CONTABIL,11,20280767,,,MEGA@MEGACONTABIL.CNT.BR,,,
31197029000139,CONTABIL MARINS,11,29770974,11,,CONTABILMARINS45@GMAIL.COM,,,
31246052000176,,11,11111111,,,CONTATO@ORGANIZACAOOASIS.COM.BR,,,
31544444000111,CATELI UNIVERSE,11,33750779,11,44123722,CATELIUNIVERSE@GMAIL.COM,,,
31564295000152,NOVA GUARDIA CONSULTORIA CONTABIL,11,67300628,,,CAMILA.FERNANDES@NOVAGUARDIA.COM.BR,,,
31737378000104,CONTABIL VENTURA,11,50848649,11,36214467,CONTATO@CONTABILVENTURA.CNT.BR,,,
31749298000160,MELO VASCONCELOS CONSULTORIA E ASSESSORIA,11,37741242,,,ROSAMELO@MELOVASCONCELOS.COM.BR,,,
31933764000163,,11,42110437,,,CLAUDIOARRUDANETO@GMAIL.COM,,,
32060617000199,ZABOTTO ASSESSORIA CONTABIL,11,95518923,11,29194649,VINICIUS@ZABOTTO.COM.BR,,,
32433771000169,,11,23482359,,,ADM@MSCHMIDTCONTABIL.COM.BR,,,
32678993000141,ELOHIM CONTABIL,11,41166311,,,ELOHIMCONTABIL10@GMAIL.COM,,,
32688505000187,M&O CONTABILIDADE,11,32922180,11,55605177,DENISCONTABIL777@GMAIL.COM,,,
33047476000137,,11,32226091,,,ATTJ.FISCAL@GMAIL.COM,,,
33224561000123,R2GT CONSULTORIA,11,22950066,,,RGSTENORIO@GMAIL.COM,,,
33247153000197,SANTOS OLIVEIRA CONTABILIDADE E ASSESSORIA EMPRESARIAL,11,70192668,11,62922614,DOMINGOS.REINALDO@GMAIL.COM,,,
33314635000112,,11,25410747,,,DRICAFREITAS1612@GMAIL.COM,,,
33370251000117,SAEZ CONTABILIDADE,11,26599347,11,80175369,SAEZCONTABILIDADE@YAHOO.COM.BR,,,
33460499000179,DMW CONTABILIDADE,11,76259863,,,COELHO-ROSANGELA@UOL.COM.BR,,,
33462669000154,HIUS ASSESSORIA CONTABIL,11,86016479,,,MOISES344@HOTMAIL.COM,,,
33590757000131,,11,38051151,,,PARALEGAL@THEFLOW.COM.BR,,,
33591198000184,ACCOSTA ASSESSORIA CONTABIL,11,29506650,11,39098600,FISCAL@ACCOSTAASSESSORIA.COM.BR,,,
33644810000130,AMG ASSESSORIA CONTABIL,11,42496130,,,ANDERSON.MCONTABILIDADE@GMAIL.COM,,,
33661132000113,P&H COMPANY,11,90000000,,,,,,
33667710000129,JJ ASSESSORIA CONTABIL,11,62838722,,,JJASSESSORIACONTABIL07@GMAIL.COM,,,
33907360000120,SNV ASSESSORIA TRIBUTARIA EIRELI,11,79747787,,,SALVNETO@ICLOUD.COM,,,
33951338000188,DATAMICRO CONTABILIDADE,11,39554684,,,MICHELEaFISCAL@TERRA.COM.BR,,,
34048087000199,FERREIRA CONTABIL,11,76985864,11,29351282,DORIAN@FERREIRACONTABIL.COM.BR,,,
33893499000162,,11,27615388,11,97714861,CONTABILIDADE@CAMFER.COM.BR,,,
34314470000141,VMA COMPLIANCE,11,15685570,,,CONTATO@VMACOMPLIANCE.COM.BR,,,
34432568000101,VCL CONTABILIDADE E ASSESSORIA,11,29186094,,,LUCIANOLENTZ33@HOTMAIL.COM,,,
34716198000126,INNOVATA CONTABILIDADE,11,50212045,,,CONTATO@INNOVATACONTABILIDADE.COM.BR,,,
34778828000197,,11,64121314,,,RODOLFO.SOUSA2013@GMAIL.COM,,,
34843275000109,ESPLENDOR ASSESSORIA CONTABIL,11,87040086,,,ESPLENDOR2002@HOTMAIL.COM,,,
34895085000135,,11,69130989,,,ELVIS.VARGAS@ADVANCEDFISCAL.COM.BR,,,
34987708000108,COMPLETA CONTABILIDADE,11,81259811,,,MARIA@COMPLETACONTABILIDADE.COM.BR,,,
35272569000190,INSIDE CONTABILIDADE,11,35225370,,,CONTATO@INSIDECONTABILIDADE.COM.BR,,,
10858175000350,BCNE CONTABILIDADE,11,49539222,,,CONTABILSP01@BCNE.COM.BR,,,
35338414000100,HBS SOLUCOES CONTABEIS,11,47453166,,,HBSJUNIOR1975@GMAIL.COM,,,
35427785000168,SPS CONTABIL,11,27438392,,,PEREIRAS.SERGIO@TERRA.COM.BR,,,
35516219000122,GSO SOLUCOES CONTABEIS,11,32942955,11,73918112,GERALDO@GSOCONTABIL.COM.BR,,,
35608758000191,LIMA E COUTO CONSULTORIA CONTABIL,11,88417078,,,EDUARDO@LIMAECOUTO.COM.BR,,,
35654137000144,SPECS,11,98882171,,,CADASTRO.RFB@SPECS.COM.BR,,,
35679097000195,SYNERGY CONTABILIDADE INTELIGENTE,11,25390544,,,CONTATO@SYNERGYCTB.COM.BR,,,
35692617000108,FREITAS GESTAO CONTABIL,11,41796014,,,CONTATO@FGESTAOCONTABIL.COM.BR,,,
35738177000174,CONTA10 CONTABILIDADE,11,35671519,11,71220284,DENI@CONTA10CONTABILIDADE.COM.BR,,,
35739378000196,,11,91150919,,,ANTONIO.VALENTE@IOCHPE.COM.BR,,,
35768792000123,,11,45900138,,,CONTATO@TQCCONTABIL.COM.BR,,,
35935100000194,FREIRECON CONTABILIDADE,11,39152034,,,MFREIRECONTABIL@HOTMAIL.COM,,,
26423721000106,KBF ASSESSORIA CONTABIL.,11,95083414,,,KAROLINABOLDRIN.CONTABIL@GMAIL.COM,,,
36039721000152,FB SERVICOS DE APOIO ADMINISTRATIVO,11,34732703,11,92743876,FELIPE.BARTOLOMEU.SANTOS@GMAIL.COM,,,
36125379000103,,11,93408961,,,MARIADOCARMO.VIEIRA@CENSO-NSO.COM.BR,,,
36173878000176,,11,22819205,11,65968868,ARYMICHELIN@GMAIL.COM,,,
29087647000184,A&R CONTABILIDADE E AUDITORIA,11,43232336,11,43242336,ROHS.CONTABIL@YAHOO.COM.BR,,,
36205047000139,,11,95988960,,,CLAUDIA@CONSULTORESBENFICA.COM,,,
36025678000176,,11,29147362,,,CONTATO@SERVICOSCONTABEISBOMPASTOR.COM.BR,,,
36280720000103,CK ASSESSORIA CONTABIL,11,75473475,,,AFDASILVACONTABIL@GMAIL.COM,,,
36317996000100,PALMIER CONTABILIDADE,11,59477208,13,96693316,JOSEVANE.SANTANA@GMAIL.COM,,,
29187824000102,ALLENK CONTABILIDADE,11,85989939,,,ASSESSORIACONTABIL@ALLENK.COM.BR,,,
36600311000139,RODRIGUES CONTABILIDADE,11,69673158,,,CONTABILIDADE@ICRODRIGUES.COM.BR,,,
36621825000170,MJC CONTABILIDADE,11,55943441,,,CLAUDIA@CONTABILIDADEEVOLUCAO.COM.BR,,,
26391208000253,FOCO SOLUCOES INTELIGENTES,11,25453602,,,FOCOSOLUCOESINTELIGENTES@HOTMAIL.COM,,,
36729657000131,JLTV ASSESSORIA CONTABIL E TRIBUTARIA,11,76459180,,,JAIR.VACARO@FORMITEX.COM.BR,,,
36756544000125,VEC LUMEN CONTABILIDADE,11,29142950,,,FRANCISCO@VECCONTABILIDADE.COM.BR,,,
36775045000185,RELAN CONSULTORIA E SERVICOS,11,72993958,,,GONCALVES-RL@UOL.COM.BR,,,
36967936000133,M&KOLM CONSULTORIA CONTABIL,11,30310016,,,LUISHR83@GMAIL.COM,,,
37134515000194,,11,78033577,,,ADILSONADJANCONTABIL@GMAIL.COM,,,
37229489000188,ON - CONTADOR,11,22953461,,,CONTABILBCM@GMAIL.COM,,,
37252450000181,CONTABIL PASSOS,11,22951213,,,PASSOSFRANCAF@UOL.COM.BR,,,
37351628000141,AGILITY,11,47545176,,,MATHEUS.LAURINDO@AGILITYCGS.COM.BR,,,
37408061000100,,11,97794480,,,MARCELO.DMD10@GMAIL.COM,,,
37458467000190,INSTITUTO IANC,11,58169873,,,INSTITUTOIANC@GMAIL.COM,,,
37546339000106,SANTOS NEGOCIOS,11,43699250,,,ERIVELTON2@GMAIL.COM,,,
37573585000149,MD9 CONTABILIDADE,11,26853516,,,CONTATO@CONTABILIDADE.COM.BR,,,
37958067000143,SIVAS CONTABILIDADE & ASSUNTOS FISCAIS,11,95496543,,,,,,
37972041000150,ZANINI E FERNANDES ASSESSORIA,11,39993835,,,CONTATO@ZANINIEFERNANDES.COM.BR,,,
37983292000130,MATEMAGICA,21,27141789,,,EMMANUEL.BELOTE@GMAIL.COM,,,
38298470000156,,11,33046400,,,SISCONSULTORIACONTABIL@GMAIL.COM,,,
39252559000144,SIVIPLAN,11,53189695,,,CONTATO@SIVIPLAN.COM.BR,,,
39326165000193,UNICA CONTABIL.,11,65851448,,,CONTATO@CONTABILUNICA.COM.BR,,,
39377193000130,RN2S ASSESSORIA CONTABIL,11,66418009,,,RAFAEL@RN2SCONTABIL.COM.BR,,,
39496106000163,JERUSALEM CONTABILIDADE,11,98989885,,,NUNESSS1@GMAIL.COM,,,
39507483000150,WLC CONTABIL,11,56783549,,,CONTATO@WLCCONTABIL.COM.BR,,,
39530098000124,VFSENA BRASIL CONTABILIDADE,11,34676477,11,96749758,VFSENA28@YAHOO.COM.BR,,,
33329602000146,PWR CONSULTING,11,46733785,,,CONTATO@PWRCONSULTING.COM.BR,,,
39929205000191,BPO 200,11,87595693,,,JESSE@BPO200.COM.BR,,,
40075437000109,ZARA SOLUCOES CONTABEIS E FINANCEIRAS,11,36751212,,,ATENDIMENTO@ZARASOLUCOES.COM.BR,,,
40089761000186,LDIAS - IR LEGAL,11,26471977,,,DIRETORIA@LDIAS.COM.BR,,,
40155727000162,JAJ SERVICOS CONTABEIS,11,42751121,11,67597737,JCSV1982@GMAIL.COM,,,
40240117000167,MERCES ASSESSORIA CONTABIL,11,92719468,,,SAMUEL@MERCESCNT.COM,,,
40289938000198,,11,45021370,,,LEGALIZACAO@ASSE.COM.BR,,,
32806502000109,,11,25006140,,,LEGALIZA@SLTCONSULT.COM.BR,,,
40423218000173,TRIBUCONTT ASSESSORIA CONTABIL,11,42832016,,,TRIBUCONTT@GMAIL.COM,,,
40520495000102,CAPE DIGITAL,11,47300172,,,CAPEDIGITALCONTABIL@GMAIL.COM,,,
40554691000190,NOVA ETAPA CONTABILIDADE,11,42811823,,,DOUGLAS@NOVAETAPACONT.COM.BR,,,
40564092000157,G&S CONTABILIDADE,11,20565491,,,CONTATO@GSCONTABILIDADEEGESTAO.COM.BR,,,
40633170000128,LIRA ASSESSORIA CONTABIL,11,92631734,,,LOURDESLIRA_SOUSA@HOTMAIL.COM,,,
40644399000168,,11,23444538,,,ATENDIMENTO@CONTABILRM.COM.BR,,,
40757377000104,ADRIANA PESIL,11,58249241,11,79907928,ADRIANAPESIL40@GMAIL.COM,,,
40782420000191,LLOGARITARI CONTABILIDADE,5511,86845131,11,77321779,CONTABIL@LLOGARITARI.COM.BR,,,
40869211000180,COURANCE CONTABILIDADE & GESTAO FINANCEIRA,11,31649654,,,PAULO.BRAZ@COURANCE.COM.BR,,,
40897585000109,,11,43275007,,,NOTIFICACAO@GOFURTHERGROUP.COM.BR,,,
40933869000103,,11,43275007,,,LEGAL003@GOFURTHERGROUP.COM.BR,,,
40970703000167,M&F ESPACO CONTABIL LTDA,11,77773155,11,82735650,MFESPACOCONTABIL@HOTMAIL.COM,,,
41214638000102,PROCONTAS,5511,83890868,0,0,GERENCIA@PROCONTAS.COM.BR,,,
41270498000190,NOVO IDEAL ASSESSORIA EMPRESARIAL S/S LTDA,11,36229096,,,FF.ABREU@HOTMAIL.COM,,,
41415529000153,LCOS CONTABILIDADE,11,23736934,,,LCOSCONTABIL@GMAIL.COM,,,
41548563000104,BRITO & LIMA ASSESSORIA CONTABIL,5511,85590545,0,0,RUTEBRT@HOTMAIL.COM,,,
30032414000163,F&D CONTABILIDADE,11,28156918,11,67181741,FDCONTABIL2017@GMAIL.COM,,,
40060577000103,AJUDON CONTABIL DIGITAL,11,42754326,,,ATENDIMENTO@AJUDON.COM.BR,,,
41883444000108,,11,26735766,,,RSALES@ADVCONSULTING.COM.BR,,,
41888925000106,JF REVISORA,11,38852053,11,38870928,JFDFIORI@HOTMAIL.COM,,,
41901434000140,,11,20027897,,,CONTATO@CONTIZA.COM.BR,,,
41931021000108,GIMENEZ CONTABILIDADE,18,39030731,,,ESCRITORIOGIMENEZ@HOTMAIL.COM,,,
32892109000177,MOURAO CONTABILIDADE,11,25289082,,,MOURAOCVM@HOTMAIL.COM,,,
36112454000100,TRIBUX CONSULTORIA,11,10430934,,,CONTABIL@GSSACCOUNTING.COM.BR,,,
36848038000166,ERGON CONTABILIDADE CONSULTIVA,11,55116754,,,CONTATO@RICONTABIL.COM.BR,,,
28136684000172,KAIZEN ASSESSORIA E CONSULTORIA CONTABIL E EMPRESARIAL,11,88188209,,,,,,
26156191000179,,11,55821540,11,55830202,ORGUIMAR@TERRA.COM.BR,,,
26361371000192,NOVA JERUSALEM CONTABILIDADE,11,45636138,,,RICARDORODRIGUES1973@GLOBO.COM,,,
42023316000149,,11,92782318,,,PATRICIAGONCALVESPINTO04@GMAIL.COM,,,
42358207000182,D8 CONTABIL,11,32299299,,,FINANCEIRO@ENDOCONTABIL.COM.BR,,,
42498761000165,IN CONTABILIDADE,11,82680411,,,IVONEVES2019@GMAIL.COM,,,
42516133000165,,5511,93547443,0,0,RRCONSULTORIA@HOTMAIL.COM,,,
42563834000155,NOVA,11,25680014,11,25620443,NOVAORG@TERRA.COM.BR,,,
41934614000128,LEGALIZE CONTABILIDADE,11,99999999,,,ABERTURA@LEGALIZEC.COM.BR,,,
42716636000184,,11,94089095,,,KEILA@FIGUEIREDOCONSULTORIA.COM.BR,,,
42733151000107,,11,23380455,11,23380401,CONTATO@MEDICCONT.COM.BR,,,
42768420000162,,11,50901777,,,MARTAGOMES@TRADEPOINTCONSULTORES.COM.BR,,,
43007718000112,BBS CONTABILIDADE E CONSULTORIA,11,29854923,,,FELIPPEBONI@GMAIL.COM,,,
43114567000100,TOYOSHIMA,11,26962100,,,CELSOTOYOSHIMA@YAHOO.COM.BR,,,
34467961000122,TITANIUM CONSULTORIA EMPRESARIAL,11,96227546,,,ISMERAI.EGIDIO@GMAIL.COM,,,
43360752000176,FTC CONTABILIDADE E SERVICOS,11,46646213,,,FABIANA@FTCCONTABILIDADE.COM.BR,,,
43378725000120,FSANTANA CONTABILIDADE,11,38767310,,,CONTATO@FSANTANACONTABILIDADE.COM.BR,,,
42723132000191,DOMINGUE'S ASSESSORIA EMPRESARIAL,11,83323026,11,81964924,DANIELADOMINGUESM@OUTLOOK.COM,,,
43722549000100,,11,72188285,,,LUCRAYRA@GMAIL.COM,,,
43706655000192,SEVCONT CONTABILIDADE,5511,40097770,0,0,TIAGO.FERNANDES@3ONE3.COM.BR,,,
29687580000119,EH CONTABIL 365,11,43117836,,,LUZIA@ELASCONTABILIDADEDIGITAL.COM.BR,,,
31994215000107,VFM CONSULTING AND INDEPENDENT AUDITING,11,36193122,,,VAGNER@VFMCONSULTING.COM.BR,,,
28550712000101,RISSI CONSULTORIA,11,92792459,11,35543999,RISSICONSULTORIA@OUTLOOK.COM,,,
32805633000163,MULTICONSP SOLUCOES CONTABEIS,11,32940564,,,DANIEL@MULTICONSP.COM.BR,,,
27351593000197,ARTHI CONTABILIDADE,11,23872737,11,84893860,ARNALDO@ARTHICONTABIL.COM.BR,,,
35471169000104,INNOVATITVE BUSINESS,11,75333350,,,CONTATO@INNOVBUSINESS.COM.BR,,,
28954977000167,BL MED CONTABILIDADE ESPECIALIZADA,11,43297954,,,ATENDIMENTO@BLMED.COM.BR,,,
28885418000142,CIA CONTABIL MAEF,11,32939255,,,,,,
39152404000136,EMEC CONSULTORIA,11,25667223,,,EVERTON-CONCEICAO@HOTMAIL.COM,,,
40645098000159,,11,23615741,,,GIMENES2@YAHOO.COM.BR,,,
34824518000161,MAKROSULT EXECUTIVE,11,20615251,,,NATASSYA.FERNANDES@MAKROSULT.COM.BR,,,
32661911000156,DICONTARE CONTABILIDADE,11,93360091,11,40017491,NIVALDO@DICONTARE.COM.BR,,,
38852139000136,,11,25745602,,,PRADOASSESSORIAEMPRESARIAL@GMAIL.COM,,,
41320242000140,FABRETTI CONTABILIDADE LTDA,11,97351847,,,CONTATO@FABRETTICONTABILIDADE.COM.BR,,,
29419123000143,J ZAMARIAN ASSESSORIA CONTABIL,11,81967610,,,CONTABIL@JZCONTABILIDADE.COM.BR,,,
26907265000161,IRKO HIRASHIMA CONSULTORIA,11,32182622,,,RPUBLICAS@IRKO.COM.BR,,,
39562032000116,ZAC ASSESSORIA,11,31320674,,,CONTABILZAC@ZACASSESSORIA.COM.BR,,,
31405622000123,RADAR,11,23485277,,,PARALEGAL@A3SI.COM.BR,,,
30004358000153,VELEZ CONTABILIDADE,11,22324288,,,VALDIRDOVELEZ@GMAIL.COM,,,
26616872000172,PORTOCAL CONTABILIDADE EMPRESARIAL,11,22940424,,,CONTABILIDADE@FVPCONT.COM.BR,,,
33804925000144,ESCRITORIO CONDOR,11,32281959,,,ARCONDOR@IG.COM.BR,,,
43201945000184,,11,93331610,11,43983820,ASSESSORIAPELLEGRINO.ADM@GMAIL.COM,,,
37821794000164,MAX HELP,11,71358037,,,MAXHELPCONT@MAXHELPCONT.COM,,,
29905487000133,,11,92603113,,,LEGAL@CONTRES.COM.BR,,,
43989407000104,ECTA INTELIGENCIA CONTABIL,11,56817054,,,CONTATO@ECTACONTABILIDADE.COM.BR,,,
44085458000166,,11,98446914,0,0,CASSIU.MENDES@GMAIL.COM,,,
44226749000127,ZETTAI SERVICOS CONTABEIS E DESENVOLVIMENTO EMPRESARIAL,11,46555510,,,BRUNO.GONCALVES@ZETTAIGROUP.COM,,,
44374344000136,CYBERCONT,11,95055590,,,GILBERTO@GCGESCONT.COM.BR,,,
44526597000188,LEONIDAS CONSULTORIA TRIBUTARIA,11,74272202,,,BARBARA@LEONIDASTRIBUTARIO.COM,,,
44942476000117,,11,32831520,,,JOEL.OLIVEIRA@COMPLIANCECONSULTORIA.COM.BR,,,
45490578000101,NIXCONT CONTABILIDADE,11,48218899,,,CONTATO@NIXCONT.COM.BR,,,
45574413000118,C & M CONTABILIDADE,11,83857503,,,CONTABIL@CASELLAEMATOS.COM.BR,,,
45710825000138,NEXT STAGE,11,98222586,0,0,PABLO@MARTINSVIEIRAADVOCACIA.COM.BR,,,
45720746000108,,11,37149355,,,EUCLIDESBIMBATTI@UOL.COM.BR,,,
45722028000170,CONTABILIDADE SEGOVIA,11,43278215,11,43278216,CONTATO@CONTABILIDADESEGOVIA.COM.BR,,,
46034859000112,,11,31974267,,,NELSON.NETO@BPOINNOVA.COM,,,
46207978000120,,11,25383681,,,LEGALIZACAO@HEALTHCARECONTABILIDADE.COM.BR,,,
46258127000106,R&T ASSESSORIA EMPRESARIAL,11,67269100,,,RNUNESPEREIRA1@HOTMAIL.COM,,,
46286692000187,DPF CONTABILIDADE,11,32552993,0,0,DIOGOFURLANETTO@HOTMAIL.COM,,,
46290770000117,AGI CONTABILIDADE,11,62299924,0,0,ALINEALBUQUERQUE2310@GMAIL.COM,,,
46459052000121,M7 CONTABILIDADE,11,75476140,,,FLORENILSONMATOS@GMAIL.COM,,,
46459339000151,PRIORITA ORGANIZACAO EMPRESARIAL E CONTABIL,11,75852434,,,MYKEDAOYA@GMAIL.COM,,,
46629160000103,MILAN CONTABILIDADE DIGITAL,11,15693222,,,MILANCONTABILIDADE@GMAIL.COM,,,
46639010000172,DYSANTOS CONTABILIDADE & ASSESSORIA,33,88664184,0,0,IR.DYANE@YAHOO.COM.BR,,,
46698875000100,,11,26097761,,,ABORDIN@ANDREIBORDIN.COM.BR,,,
46723621000102,DGIX CONTABILIDADE,11,25742261,,,BENATTI@DIGX.COM.BR,,,
46843790000178,,11,60450651,,,FELIPEALVES521@GMAIL.COM,,,
46846337000115,M&P ASSESSORIA CONTABIL LTDA,11,77963874,,,MARCIASILVA.S@HOTMAIL.COM,,,
46862252000120,CONFACIT,11,95533606,0,0,RAQUEL.SENA1601@GMAIL.COM,,,
46894924000180,CONTABILIDADE A PUPO LTDA,11,73180518,,,CONTATO@PUPO.CNT.BR,,,
47028792000176,,11,74476569,,,CONTATO@CONTABILIDADETC.COM.BR,,,
46084094000206,FV FINANCE,11,20970922,,,SILVIO.DUARTE@FVFINANCE.COM.BR,,,
47077878000199,JSOUSA CONTABILIDADE DIGITAL,11,81026917,0,0,JAQUE@JSOUSACONTABIL.COM.BR,,,
47250478000133,ATMATTIOLI,11,76868583,0,0,EAMATTIOLI@GMAIL.COM,,,
47262066000113,ATAC ASSESSORIA CONTABIL,11,94771808,0,0,ALETRINTIN.CONTADORA@GMAIL.COM,,,
45691496000125,FORTY FIVE CONSULTING,11,61695958,,,NSCREMONEZI@HOTMAIL.COM,,,
47377652000103,,11,68865911,0,0,DMSUDARIO@GMAIL.COM,,,
47598228000199,TR INTELIGENCIA TRIBUTARIA,11,74767102,,,DENISEMARTINS.ALVES@OUTLOOK.COM,,,
47646739000139,,24,33221333,,,GERAIS@COTRIMCONTABILIDADE.COM.BR,,,
47661139000140,H MOLLO CONSULTORIA,11,47677529,,,CAROLINEAPARECIDA2011@HOTMAIL.COM,,,
47678960000179,CERS,11,50548040,,,CONTATO@CERSCONTABIL.COM.BR,,,
47712139000121,CONSULTORIA E GESTAO,11,78715007,0,0,SOM.COUTY@GMAIL.COM,,,
47731694000109,AL CONTABILIDADE,11,48437235,0,0,GABRIELLA_GAH@YAHOO.COM.BR,,,
47846145000171,CV CONTABILIDADE,11,83220409,0,0,CKASSESSORIACONTABIL@HOTMAIL.COM,,,
47874812000120,TEM CONTABIL,11,88176242,0,0,PERPATRICIA@HOTMAIL.COM,,,
47971044000122,SZ2 ASSESSORIA CONTABIL,11,75415514,0,0,LUIZDESOUSA@GMAIL.COM,,,
47987234000138,TAVARES CONSULTING,11,57092798,0,0,THIAGOTAVARES1990@GMAIL.COM,,,
48055850000113,ESF ASSESSORIA,11,23591668,11,46259855,ESF.ASSESSORIA@OUTLOOK.COM,,,
48246168000108,,11,39002928,,,DANIELLE@PMTAX.COM.BR,,,
48539650000136,C S MORENO CONTABILIDADE,11,83884729,0,0,CRIS.SILVA.MORENO@GMAIL.COM,,,
48559227000106,,11,74080205,,,MARIANA.NECHO@HOTMAIL.COM,,,
48609349000151,RPO ASSESSORIA CONTABIL EMPRESARIAL,11,81004079,0,0,ROBSONPOLIVE@GMAIL.COM,,,
48614682000159,MMARKS ASSESSORIA EMPRESARIAL E CONTABIL,11,96771014,11,98083128,CONTABILMARKS@GMAIL.COM,,,
48672814000107,THR CONTABILIDADE,11,29463771,11,40291367,THAYUANNA.ROSA@GMAIL.COM,,,
48743669000108,2TAX,11,48873858,,,FERNANDA@2TAX.COM.BR,,,
45776520000129,,11,16131914,,,CONTATO@CFFREGUESIADOO.COM.BR,,,
48881790000198,,11,86684023,,,WESLEYSIMONCELLO@GMAIL.COM,,,
49214959000119,LUX ASSESSORIA CONTABIL LTDA.,11,44662306,0,0,RDOMENIQUINI@GMAIL.COM,,,
49225064000180,MMPEREIRA,11,23864441,,,MMARCELINOPEREIR@OUTLOOK.COM,,,
49438717000109,APPIA CONTABIL,11,81155385,,,CONTATO@APPIACONTABIL.COM.BR,,,
49495921000161,UNITY,11,51966346,,,CONTATO@UNITYSERVICOSCONTABEIS.COM.BR,,,
49560551000107,DR LEGAL CONTABILIDADE ONLINE,11,93364921,,,CONTATO@DRLEGALCONTABIL.COM.BR,,,
49663801000126,LANDIM SERVICOS CONTABEIS,11,92030817,,,LANDIMSERVICOSCONTABEIS@GMAIL.COM,,,
49665452000181,GRC ASSESSORIA CONTABIL,11,66466039,0,0,GIAN.CORDEIRO@OUTLOOK.COM,,,
49735911000156,FAST CONTABILY,21,86633489,0,0,BERRIEL2@GMAIL.COM,,,
49756007000127,TAXBASE,11,50524886,,,FALECOM@TAXBASE.COM.BR,,,
49761735000127,LCN,11,50344744,,,LCNMELO@UOL.COM.BR,,,
49906231000158,CESLIVE ASSESSORIA CONTABIL E FISCAL,11,38089261,,,ATENDIMENTO@CCLSCONTABILIDADE.COM.BR,,,
48843982000100,,11,50564050,,,METROPOLITANA@METROPOLITANASP.COM.BR,,,
50020509000174,,11,23870995,,,SACRAMENTOROOSSI@GMAIL.COM,,,
50156590000114,GL CONSULTORIA CONTABIL,11,77643576,0,0,GABRIELA.LOPESEOLIVEIRA@GMAIL.COM,,,
50159075000198,,11,47254730,0,0,CIDACONTABILIDADEPARTIDARIA@GMAIL.COM,,,
50165527000144,ASSPLANE CONTABILIDADE,11,65494945,0,0,NESSAHGATA2009@HOTMAIL.COM,,,
50416097000196,PLENUSCONT DIGITAL,11,31059973,,,LEGAL@PLENUSCONTABILIDADE.COM.BR,,,
50470291000150,TAVARES ASSESSORIA,11,91701097,,,CONTABILIDADEJTAVARES@GMAIL.COM,,,
50666727000180,ETICA CONTABILIDADE,11,39813290,,,ETICA.CONTATO@GMAIL.COM,,,
50696357000124,LIBER PLANEJAMENTO E SERVICOS,11,22363233,,,REPARTICAO@DELTAASSESSORIA.COM.BR,,,
50841198000104,VAPES CONTABILIDADE,11,85706036,0,0,CONTABILVAPES@GMAIL.COM,,,
50974035000108,INCENTIVE CONTABIL,11,74627782,,,GUSTAVO@INCENTIVECONTABIL.COM.BR,,,
51157416000159,ACRUCHE SP CONTABILIDADE DIGITAL,11,57812890,0,0,ACRUCHECONTABIL@UOL.COM.BR,,,
15229168000221,,12,34247807,12,36311698,JOAO.MIMOSO@GENIUSCONTABIL.COM.BR,,,
51457069000180,,11,32598686,,,SOCIETARIO@VEXSEA.COM.BR,,,
51533584000100,EASYCONT CONTABILIDADE DIGITAL LTDA,11,63675941,0,0,ESDRAS.CONSULTCONTABIL@OUTLOOK.COM,,,
51582945000108,IGF ASSESSORIA CONTABIL,11,48552226,0,0,IGF.CONTABIL@OUTLOOK.COM,,,
51617483000109,MK ASSESSORIA CONTABIL,11,64503941,0,0,MARCOSCONT.SANTOS@GMAIL.COM,,,
51628755000176,CONTABILISEI,11,82860181,,,CONTATO@CONTABILRH.COM.BR,,,
51704155000140,ARAUJO & LIMA SOLUCOES TRIBUTARIAS,11,66038101,0,0,BRUNA_FERREZ@HOTMAIL.COM,,,
51864466000176,FISCO CHEF,11,22962122,,,ADRIANO@FISCOTEC.COM.BR,,,
51867938000144,CONTADORPJ SERVICOS CONTABEIS,11,82860181,0,0,CONTATO@CONTABILRH.COM.BR,,,
51817156000109,CONTROLE AGORA PREMIUM,99,99999999,,,LGOYA@CONTROLEAGORA.COM,,,
51999857000106,CF MERAKI,11,27765457,11,90087145,CFMERAKI@CFMERAKI.COM.BR,,,
52170931000131,,11,71176058,,,HSADU@HOTMAIL.COM,,,
52196427000100,GJS CONSULTORIA CONTABIL FISCAL E TRABALHISTA,11,87308156,0,0,GILSONSILVASP@HOTMAIL.COM,,,
52277112000198,GMCM,21,92321053,0,0,GMCMCOMPANY@GMAIL.COM,,,
52278509000102,M R FRANCO CONTABILIDADE,11,25899891,,,FISCAL@MRFRANCOCONT.COM.BR,,,
52280986000102,LILIAN MOREIRA SERVICOS CONTABEIS E ADMINISTRATIVOS,11,71863154,0,0,LILIANFMRODRIGUES@HOTMAIL.COM,,,
52327283000184,3 MAIS SERVICOS,11,62521553,11,25749687,3MAIS.SERVICOS@GMAIL.COM,,,
52360162000134,VONIN CONTABILIDADE,11,68036047,0,0,MAJOES162@GMAIL.COM,,,
52403736000104,,11,27377066,,,CONTABIL.CBL@HOTMAIL.COM,,,
52505324000185,A G S,11,89634529,0,0,JOSELEMES1970@GMAIL.COM,,,
52538130000186,CONTABIL RINALDI,11,41882419,0,0,RICARDO@CONTABILRINALDI.COM.BR,,,
52590407000110,,18,33111665,,,CONTABILFARMASER@TERRA.COM.BR,,,
52638579000116,VLS CONTABILIDADE,11,64321575,0,0,SOUZAVALTER774@GMAIL.COM,,,
52854708000103,ALCANTARA BR,11,20834848,,,CONTABIL3.RM15@GMAIL.COM,,,
52857012000130,MGTCONT,11,98652357,0,0,ALEXMARGATTO@GMAIL.COM,,,
53010493000107,INOVACCOUNT,11,24760294,,,SUPORTE@INOVACCOUNT.COM.BR,,,
53090422000161,MEI24H,13,91416851,0,0,PCOLARES3@GMAIL.COM,,,
53098112000193,CONSULTORIA TAFE,11,77395470,0,0,CONSULTORIA_TAFE@HOTMAIL.COM,,,
53146964000109,LTE ASSESSORIA CONSULTORIA E SERVICOS CONTABEIS LTDA,11,82860181,0,0,CONTATO@CONTABILRH.COM.BR,,,
53158461000153,,11,74310030,0,0,RICHARDGARCIAOZORIO@YAHOO.COM.BR,,,
53512808000114,,11,58916158,,,DIEGO.SOUZA2013@OUTLOOK.COM,,,
53614973000187,DRE CONTABILIDADE,11,87200697,0,0,DRECONTABILIDADELTDA@GMAIL.COM,,,
53689491000196,MARINHO ASSESSORIA CONTABIL,11,99128205,,,MARINHOASSESSORIACONTABIL@GMAIL.COM,,,
53745475000173,CONFIANCE SOLUTIONS,11,85673713,,,CONTATO@CONFIANCESOLUTIONS.COM.BR,,,
53759324000174,,11,25899661,11,25899662,AICITELM01@TERRA.COM.BR,,,
53805556000111,EIRAS & EIRAS,11,23855851,,,CONTABILIDADE@RPEIRAS.COM.BR,,,
53950055000129,ANGEL CONTABILIDADE LTDA,11,52043259,0,0,ANDRESSA.CONTABIL@HOTMAIL.COM,,,
53987379000131,E-CONT ASSESSORIA,11,99959606,,,RICARDOKOCINAS@UOL.COM.BR,,,
54020619000197,,11,20835906,,,BANDEIRA.MIRIAM@GMAIL.COM,,,
54083780000100,SERGIUS SCIENTIA,11,81743798,,,CONTATO@SERGIUSSCIENTIA.COM,,,
54114800000162,,11,79671330,,,ANDRE@ALPCONTABILIDADE360.COM.BR,,,
54156250000144,CONTABILIDADE CRUZOLI,11,10232469,0,0,NATHYOLIVER48@GMAIL.COM,,,
54193381000100,VERSATIL,11,97338453,11,97338453,VERSATIL.CONTABIL@OUTLOOK.COM,,,
54243320000100,RENDA CONTABILIDADE,11,47804244,0,0,GYNRYU76@GMAIL.COM,,,
54289937000158,TAN EXITO CONTABILIDADE,11,85302412,,,DOUGLAS@TANEXITOCONTABILIDADE.COM.BR,,,
54402204000188,RML CONTABILIDADE HUMANIZADA,11,22222222,,,CONTATO@RMLCONTABILIDADEHUMANIZADA.COM.BR,,,
49085007000223,BLACK CONTABILIDADE & COMPLIANCE,63,99680528,63,32252571,FINANCEIRO.GRUPOBLACK@GMAIL.COM,,,
54430618000110,JAF SERVICOS CONTABEIS,11,22015561,,,ANTONIO17011963@GMAIL.COM,,,
54514197000106,FACILITY CONTABILIDADE,11,33370792,11,67175956,FACILITY@FACILITYCONTABILIDADE.COM.BR,,,
53817053000166,ATHENA ACCOUNTING,83,88131677,0,0,ATHENACONTABILIDADESP@HOTMAIL.COM,,,
54886784000126,SABRINA BRANDAO CONTABILIDADE E ASSESSORIA,11,85935994,11,96363525,CONTABILIDADESALESEBRANDAO@GMAIL.COM,,,
54910388000197,,11,29525081,,,ATENDIMENTO.SERK@GMAIL.COM,,,
55082139000113,PLVS VLTRA,11,55715226,,,CNPJ@PLUSULTRACONTABIL.COM,,,
55163627000155,PALOMA AWADA CONTABEIS & COMEX,11,98152867,0,0,PALOMAAWADA.CTB@GMAIL.COM,,,
55391974000135,DIAMOND CONTABILIDADE,11,82419137,,,DIAMOND.CONTABILIDADE03@GMAIL.COM,,,
55630599000139,LIKECONT,11,13314477,0,0,LIKECONTABILIDADE@GMAIL.COM,,,
55729178000160,KONFIA CONTABILIDADE,11,14599493,0,0,KONFIA.CONTABILIDADE@GMAIL.COM,,,
55784542000194,ANDERSON CARVALHO SERVICOS E COMERCIO,11,85369894,0,0,ANDERSONCARVALHO1996@HOTMAIL.COM,,,
56053296000163,DSS INTELIGENCIA TRIBUTARIA,11,68288422,,,CONSULTORIA@DANILOTRIBUTARIO.COM.BR,,,
56261301000123,INTREPIDUS CONTABILIDADE,11,40281228,0,0,CONTATO@INTREPIDUSCONTABIL.COM.BR,,,
56427285000104,,11,74651786,0,0,FBO5255@ICLOUD.COM,,,
56907120000121,VEERTA SOLUCOES INTELIGENTES,11,78696630,,,CONTATO@VEERTASOLUCOESINTELIGENTES.COM.BR,,,
49588059000131,GRUPO MAST CONSULTORIA,11,91375470,,,MWKTACCT@GMAIL.COM,,,
54530637000119,CONTADORAS PARCEIRAS,11,88823500,,,DAIAJACOMINI@GMAIL.COM,,,
57003314000165,,11,80219757,0,0,EDUARDO.FQ.ARAUJO@GMAIL.COM,,,
57083256000127,RAFANI CONSULTORIA CONTABIL E FINANCEIRA,11,50421106,,,CONTABILIDADERPP@GMAIL.COM,,,
57105374000199,,11,33299020,,,SANIELLEAVELAR@GMAIL.COM,,,
57260248000109,CGR CONTABILIDADE E CONSULTORIA,11,93620856,11,55748288,CGR1970@UOL.COM.BR,,,
57437869000115,,11,65505239,0,0,VANDO-CDS@HOTMAIL.COM,,,
57550597000165,VM CONTABIL,11,95253488,0,0,VM_CONTABIL@OUTLOOK.COM,,,
57571126000133,JRDG TECH,11,50438515,0,0,SAC@JRODRIGUESADVISORY.COM.BR,,,
57624842000131,,13,97358413,,,VIVIANE@AKAICON.COM.BR,,,
57630668000130,BITENCOURT ASSESSORIA CONTABIL,11,15547498,0,0,JUANYWERE1@HOTMAIL.COM,,,
57666234000190,MARIN CONTABILIDADE,11,23664777,0,0,CONTATO@MARINCONTABILIDADE.COM.BR,,,
57780056000123,HCA CONTABIL,48,99613172,0,0,HEIDER.CONTADOR21@OUTLOOK.COM,,,
57785418000179,MASTER CONTABILIDADE DIGITAL,12,7635560,,,COMERCIAL@MASTERCONTABILONLINE.COM.BR,,,
45553991000178,,11,27315937,,,CONTATO@FBACONSULTORIATRIBUTARIA.COM.BR,,,
57965440000109,,11,25222018,,,GRUPOASCONADM@GMAIL.COM,,,
58025428000179,CONTABILIDADE ELENI COSTA,11,90172442,0,0,ELENICOSTACONTABILIDADE@GMAIL.COM,,,
58028419000131,,11,38379280,,,CONTATO@PCAE.COM.BR,,,
58308951000102,,11,37984718,,,,,,
27859322000309,FASANARO CONTABILIDADE CONSULTIVA,12,41410762,,,PROCESSOS@FASANAROCONTABIL.COM.BR,,,
58510469000150,LUMED CONTABILIDADE MEDICA,17,91784757,17,96253175,CONTATO@LUMEDCONTABILIDADE.COM.BR,,,
58541010000114,,11,29541804,,,LEGALIZACAO@LEGFISCO.COM.BR,,,
58652816000180,,11,64665968,,,BRUNNOALLVES01@GMAIL.COM,,,
58688785000117,HEALTH CARE III,11,25383681,,,LEGALIZACAO@HEALTHCAREONTABILIDADE.COM.BR,,,
58888820000141,CT SERVICOS ASSESSORIA CONSULTORIA CONTABILIDADE,11,50556521,11,99999456,CTSERVICOS@UOL.COM.BR,,,
58953566000118,NOVA RESSUL CONTABILIDADE,11,55883004,11,55884007,FISCAL@RESSUL.COM.BR,,,
58985820000160,COMPANHIA CONTABIL MAEF,11,32939255,,,MAEF@MAEF.COM.BR,,,
58986664000151,COMPANHIA CONTABIL MAEF,11,32939255,,,MAEF@MAEF.COM.BR,,,
58988230000190,,11,56714741,11,92150580,MARKLAUS48@GMAIL.COM,,,
59050023000153,,11,85050174,11,68274210,LUCAS_CRUZ98@HOTMAIL.COM,,,
13359307000397,,81,30501402,,,ADMFINANCEIRO@CONVERGIRCTB.COM,,,
59343762000133,DR. FINANCAS CONTABILIDADE,11,29672888,,,SOCIETARIO@KRSCONTABIL.COM.BR,,,
59374301000128,,11,47759163,11,47759163,JULIARLEAO@GMAIL.COM,,,
59417045000109,,11,51362996,11,51362996,PAMELAPASQUIM@HOTMAIL.COM,,,
59602071000107,CLAREOU ASSESSORIA E CONSULTORIA CONTABIL,11,18251841,,91825184,CLAREOU.ASSESSORIA@GMAIL.COM,,,
59639455000102,PLANNING SP,62,39261126,,,CADASTROS@PLANNING.COM.BR,,,
59680212000100,VW FINAN SERV LTDA,15,91492639,15,91492639,ARCANJOSAMUELDOSSANTOS@GMAIL.COM,,,
59688195000157,,11,98802152,,,JBR.CONTABIL@GMAIL.COM,,,
59931854000134,SAFIE CONSULTORIA E CONTABILIDADE,11,99999999,,,SAFIE@SAFIE.COM.BR,,,
60114644000132,FERNANDES & LUCINARI CONTABILIDADE,11,68539440,,,ELIASFERNANDESLUCINARI@HOTMAIL.COM,,,
60121763000112,,11,37354771,,,CONTACT.NETO@TERRA.COM.BR,,,
60342665000105,GCMS PERICIAS,11,98584554,11,89456514,GCMS@CONSULTORIA.COM.BR,,,
60372965000137,GIOMI ASSESSORIA EM SERVICOS CONTABEIS,11,73995611,,,MAGNO.CARDOSO01@HOTMAIL.COM,,,
51484593000140,,11,36609703,,,TADEU.MATIAS@RENOVABPO.COM.BR,,,
60523491000187,,71,93372620,,,SAMUELMSARAUJO@GMAIL.COM,,,
60680521000169,CONTQUALI CONTABILIDADE,11,71937868,11,71937868,CONTABIL@CONTQUALI.COM.BR,,,
60767385000149,ACONTE ASSESSORIA E SERVICOS CONTABEIS,11,63220741,11,86098081,ANDREIACONTE@HOTMAIL.COM,,,
47073976000239,,11,47510240,,,IMPERIOCPC@GMAIL.COM,,,
60955211000100,JOTAFAS CONTABILIDADE E CONSULTORIA EMPRESARIAL,11,52968155,,,CONTATO@JOTAFAS.COM.BR,,,
61101031000123,,11,29522220,,,LEGALIZACAO@LIMA.COM.BR,,,
61152767000120,LEGALIZE SOLUCOES CONTABEIS,11,99999999,,,LEODNZ98@GMAIL.COM,,,
61170719000165,NOLASCO INTELIGENCIA EMPRESARIAL,11,84171929,11,72595415,PRINOLASCO@GMAIL.COM,,,
61460395000108,,11,40143345,,,CONTABILORIGEM@GMAIL.COM,,,
54586057000143,CCI CONTABILIDADE,11,68760004,,,CONTATO@CCI.CNT.BR,,,
61519993000105,,21,35493427,,,CONSULTORIA@GOLDCONSULTORIA.COM.BR,,,
61631068000163,TRATO CONTABIL,11,29052336,,,FABIO@DAVCRUZ.COM.BR,,,
61656635000136,,11,92260991,,,FABIO.CORDEIRO.ALMEIDA3@GMAIL.COM,,,
61737358000196,R&A ASSESORIA,11,32374150,11,63184464,FABIANASRMARTINS@GMAIL.COM,,,
61775971000106,WELTON C BARROS SERVICOS CONTABEIS SS LTDA,11,93962326,11,39623265,WELTONBARROS@YAHOO.COM.BR,,,
61859809000168,RDZ - ASSESSORIA CONTABIL,11,50823979,11,13639575,DELZULIN@GMAIL.COM,,,
46050786000152,CONTABILIDADE LOCAL,11,46397470,,,CONTATO@CONTABILIDADELOCAL.COM.BR,,,
53724057000108,CONTABILWEB,11,25248655,,,CHAGASCO664@HOTMAIL.COM,,,
53841280000127,MONETRIX BPO FINANCEIRO,11,20971719,,,JURIDICO@BMCAPITALSOLUTIONS.COM.BR,,,
44755555000119,BIANCA RODRIGUES CONTADORA,11,71150665,,,BRODRIGUESASSESSORIACONTABIL@GMAIL.COM,,,
58386082000134,DMG CONTABILIDADE & PERICIA,11,89861547,0,0,JONATA.DMG@GMAIL.COM,,,
54413923000102,ASSECONT SALES,11,96156548,,,ASSECONTSALES@GMAIL.COM,,,
48832423000102,PWRENAF CONTABILIDADE,11,33608250,,,CONTATO@PWRASSESSORIA.COM.BR,,,
61450401000138,VALOR. IA ASSESSORIA CONTABIL,11,94264841,11,42648416,CONTABTECHDNA@OUTLOOK.COM,,,
57066239000181,DOCSTAGE,27,92321313,0,0,FABRICIO.NEVES@DOCSTAGE.COM.BR,,,
62072223000111,,11,45719690,11,45719690,GABRIEL.SHINITI.GS@GMAIL.COM,,,
62077992000102,TRINITYCON,11,89984220,11,89984220,LUIS.LEONELQ@HOTMAIL.COM,,,
62092491000103,,11,73833728,,,ADALMIRO.JUNIO@HOTMAIL.COM,,,
62136358000101,RJC CONSULTORIA,11,98451661,,,RLPSMOURA.CONSULTORIA@GMAIL.COM,,,
62143485000120,CLAPER CONTABILIDADE,12,99160419,,,WELLCONTADOR@GMAIL.COM,,,
62196074000100,KM SERVICOS CONTABEIS E PARTICIPACOES LTDA,11,93251757,,,KM.ASSESSORIA.BR@GMAIL.COM,,,
62297370000190,BEAR FINANCE,11,32956641,,,DARCINOVAES60@GMAIL.COM,,,
62325079000188,CASTILHO & CORREA CONSULTORIA LTDA,11,81068170,,,CASTILHOBRUNA@HOTMAIL.COM,,,
62472635000149,FATOR X CONTABILIDADE E CONSULTORIA EMPRESARIAL,11,21371108,11,76125600,CONTABIL.FATORX@GMAIL.COM,,,
62538972000191,RRDB ASSESSORIA CONTABIL,11,46791227,,,RDBCONTABIL@OUTLOOK.COM,,,
62582910000187,,15,30124597,,,ADM@SUMITANI.COM.BR,,,
62614816000162,B&N CONTABILIDADE INTELIGENTE,11,41027955,,,BRUNOBIASI@HOTMAIL.COM,,,
62664414000172,ROCHA ASSESSORIA CONTABIL,11,40685654,11,40685654,ARIANA.XROCHA@GMAIL.COM,,,
62720082000104,RAIZES CONTABILIDADE LTDA,11,26367757,,,CONTATO@GXCONT.COM.BR,,,
62148701000120,VALORELLE CONTABILIDADE,11,51646109,11,51646109,GUSTTAVOCAMARGO17@GMAIL.COM,,,
63080242000152,,11,92550431,,,PAL_VES@HOTMAIL.COM,,,
63210409000152,,11,39532818,,,CONTATO@INTERIS.COM.BR,,,
63224616000166,,11,30948252,,,SOCIETARIO@LMCONTABIL.COM,,,
63270695000141,,11,99999999,,,FINANCEIRO1@ALDOC.COM.BR,,,
63320533000170,,11,46373232,11,47368589,CONTATO@RBSCONTABIL.COM.BR,,,
63450361000150,TORMON - CONSULTORIA EMPRESARIAL,11,20829898,,,FISCAL@ADVENTURECONTABILIDADE.COM.BR,,,
63583607000161,,11,63545939,11,63545939,MATHEUSRODRIGUEZ153@GMAIL.COM,,,
63611375000108,,11,99733016,,,ADRIANOMENDES.CONTABILIDADE@GMAIL.COM,,,
63632069000158,,11,83730586,,,DGCONTABILDIGITAL@GMAIL.COM,,,
63679822000160,BARGAS CONTABIL SERVICOS CONTABEIS,11,94314722,11,99414722,VANESSABARGAS123@GMAIL.COM,,,
63726519000171,HAVA,11,55957943,,,HAVACONTABILIDADEESTRATEGICA@GMAIL.COM,,,
63747650000115,MDWS CONTABILIDADE,11,41617811,,,CONTATO@MDWOUTSOURCING.COM.BR,,,
63816956000186,NOVELLINO CONTABILIDADE,11,97622205,,,MARCIO.NOVELLINO@GMAIL.COM,,,
63911354000108,,11,73131428,,73121428,JESSICAMARTINS.ADM@HOTMAIL.COM,,,
64083782000152,,11,93451841,,,JTICONTABIL@GMAIL.COM,,,
64253670000100,CHAHIN CONTABILIDADE,11,55555555,,,CONTATO@GMAIL.COM,,,
64312445000190,,11,91125323,11,91222466,AUTONEGOCIOSEEMPREEDIMENTOS@GMAIL.COM,,,
64442323000118,AURICONT ASSESSORIA CONTABIL,13,98128146,,,BRUNA@AURICONT.COM,,,
64532092000133,LONGO CONTABILIDADE,11,85836611,,,LONGOCONTAB@HOTMAIL.COM,,,
64562352000113,FSM ADVISORY,11,34335757,,,CONTATO@FSMADVISORY.COM.BR,,,
64666594000157,FOCO SAUDE CONTABIL,11,83991972,11,83991972,MONTEIROELIZAM@GMAIL.COM,,,
64794517000182,CONSERGY,11,28662014,11,28662014,SPCONSERGY@GMAIL.COM,,,
64939827000148,,11,98902934,,,PATRICIA@PASIVE.COM.BR,,,
64954418000110,,11,49939573,,,ROTACONTABIL@OUTLOOK.COM.BR,,,
65015774000131,PROSPERATIO SOLUCOES,16,91141350,,,GCANDIDOCONTADOR@GMAIL.COM,,,
65242259000194,NAO COMPLIQUE CONSULTORIA E ASSESSORIA CONTABIL,11,88624340,,,AMICIROCHACONTABIL@GMAIL.COM,,,
65255388000117,STHATUS CONTABILIDADE,11,52300103,11,,CONTABILIDADESTHATUS@GMAIL.COM,,,
65265521000116,CONTABILIZA HUB LTDA,11,81246810,,,RACHELANDRADECONSULTORA@GMAIL.COM,,,
65281844000101,BLACK TAX,11,37853180,11,57943471,HGABRIEL1999@GMAIL.COM,,,
65389188000157,CSC SAUDE MAIS,11,92009545,11,92009545,CONTATO@BBCONTABIL.COM,,,
65448397000124,VITALIS CONTABILIDADE,11,99545890,,,FISCAL@VITALISCONTABILIDADE.COM.BR,,,
65511912000173,CONTABIL PRESIDENTE,11,55833634,,,PRESIDENTE@CONTABILPRESIDENTE.COM.BR,,,
65709575000123,,11,26183388,,,EQUIPEDPTOLEGAL@GMAIL.COM,,,
62416376000139,CONECTA CONTABILIDADE,11,48503990,11,48502627,FRANCOELESGOMES@GMAIL.COM,,,
65788268000185,,11,35017600,,,CONTATO@MANCEC.COM.BR,,,
65996970000134,,11,31251060,,,SALVADOR@MSAUDIT.COM.BR,,,
66022942000189,,11,50892600,,,KADJA.MICHELLE@CADIS.COM.BR,,,
66324503000120,PROPULSOR CONTABIL,21,91931781,,,CONTATO@PROPULSORCONTABIL.COM.BR,,,
66348999000172,,11,99812762,,,ADMINISTRATIVO@CRASTROTAX.COM.BR,,,
66447397000172,,11,83170430,11,83170430,RAULDRABUNTAS@GMAIL.COM,,,
66468366000106,,11,45421465,11,45121228,CONTATO@PARMEJANICONTABIL.COM.BR,,,
66518013000165,PS CONSULTORIA,11,80385342,,,PAULA_VERISSIMO@OUTLOOK.COM,,,
66518950000110,DIGIPRIME CONTABILIDADE,11,86346980,,,DIGIPRIMECONTABILIDADE@GMAIL.COM,,,
66575503000101,VIMIGA ASSESSORIA CONTABIL E TRIBUTARIA,11,45566150,,,ANGELICA.ACF.CONTABILIDADE@GMAIL.COM,,,
66725593000161,ZYLOS CONTABILIDADE DIGITAL,11,17636166,,,MATHEUSMMS@LIVE.COM,,,
66789640000130,,11,66497559,11,66497559,VICTOR.DANIELI04@GMAIL.COM,,,
66796218000102,CONTA ECOMM,11,45419708,,,ECOMMCONTABIL@GMAIL.COM,,,
66829942000195,VILAJO,11,30731280,,,VINICIUS-FISCAL@JVSASSESSORIA.COM.BR,,,
67231561000172,GRESSI CONTABILIDADE,11,44556061,,,FELIPE.GRESSI@GMAIL.COM,,,
67239173000138,,11,47782659,,,ATENDIMENTO.CONTABILG.ARAUJO@GMAIL.COM,,,
67295460000165,UNIVERSAL,11,71108118,11,97242308,MARIACRISTINAPESTANAPESTANA7@GMAIL.COM,,,
67648966000100,,11,39098335,,,SARAHLIMACONTADORA@GMAIL.COM,,,
67759115000135,GH CONTABIL,11,91604864,,,HF.CONTABIL@OUTLOOK.COM.BR,,,
67896963000196,,11,81209896,11,57716650,CASSIAFERNANDES@UOL.COM.BR,,,
67969169000125,BEAUTY ACCOUNT,11,99999999,,,CONTATO@BEAUTYACCOUNT.COM.BR,,,
68040461000121,ORGANIZACAO CONTABIL VERAX,11,70465622,11,48401620,CONTABILVERAX@GMAIL.COM,,,
68079500000102,ONE PRIME,11,76589501,,,FABIOLAFRANCINE@GMAIL.COM,,,
68145178000164,DSP SOUSA CONTABILIDADE LTDA,11,85945767,,,LINOESOUSACONTABILIDADE@GMAIL.COM,,,
68307348000160,,11,59162581,11,59162581,MARIZA_MFP@HOTMAIL.COM,,,
68332357000100,,11,55555555,11,55555555,TREEPRIME01@GMAIL.COM,,,
68359267000103,,11,56276008,,,SARDOALCONTABILIDADE@OUTLOOK.COM,,,
68440020000117,,11,53891673,11,53891673,DIOGOFELIPPE1995@GMAIL.COM,,,
68441010000104,,17,97289246,,,JORGE@PRIMEHOLD.COM.BR,,,
68464537000146,GARON ASSESSORIA,11,48554948,,,AGABRIELJR@OUTLOOK.COM,,,
67101519000137,,11,69580768,,,antarescontabilidade@terra.com.br,,,
103000151,,11,39717492,,,CTBREMA@CTBREMA.COM.BR,,,
261000101,,11,31515137,11,81589110,paulo.mendes@pcpconsultoria.com.br,,,
6677000137,SUPORTHE CONTABILIDADE,11,56607515,,,SUPORTHE@UOL.COM.BR,,,
4964430000184,PFG CONTABIL,11,26218726,11,26234421,PFGCONTABIL@PFGCONTABIL.COM.BR,,,
3345585000170,LONDRES CONTABIL,11,22733855,,,LONDRES@LONDRESCONTABIL.COM.BR,,,
108414000139,,11,22275353,,,LEGAL@MWA.COM.BR,,,
5127559000109,FKS,11,20931825,11,20931832,SKFCONT@UOL.COM.BR,,,
3501183000117,,11,55652272,11,56798731,DPS@DPSEFERNANDES.COM.BR,,,
3526220000141,LIMA & FERREIRA,11,22412542,,,ORGLIMA@UOL.COM.BR,,,
3528624000174,,11,56313024,,,paulo@epcpaulista.com.br,,,
1888943000165,,11,62161025,,,CJPCONTABIL@UOL.COM.BR,,,
5220368000189,CONTMEDIC - ASSESSORIA CONTABIL S/C LTDA.-EPP,11,32532799,,,contmedic@uol.com.br,,,
287537000184,PRAESUM CONTABILIDADE INTERNACIONAL LTDA,11,39274000,,,MARTA.PELUCIO@PRAESUM.COM.BR,,,
1917076000149,,11,32555342,,,LEGALIZACAO1@LUNECONTABILIDADE.COM.BR,,,
96294764000106,,11,36732787,,,,,,
96420013000199,FRANCARLOS CONTABIL,11,33373715,,,marcel@saviancontabilidade.com.br,,,
96512967000121,,11,26942991,,,cpertinhez@hotmail.com,,,
3659027000189,,11,55312319,,,ISSIBACHI@ISSIBACHI.COM.BR,,,
3662808000122,OPINIAO CONTABIL,11,36443710,,,,,,
3664697000193,,11,26319452,,,BRASTON@UOL.COM.BR,,,
5339192000189,,11,35697082,11,35697094,CONTATO@ODARAAUDITORIA.COM.BR,,,
376138000190,,11,20982994,11,20983997,goldcon@uol.com.br,,,
5346381000189,,11,33314014,,,MLOTTI@UOL.COM.BR,,,
385990000123,,,,,,,,,
386009000182,,11,41140387,,,,,,
405537000131,FPF CONSULTORIA E ASSESSORIA ADMINISTRATIVA,11,81452655,,,ccoizabel@hotmail.com,,,
97364335000120,,,,,,,,,
3714913000168,,11,56323733,,,ADMINISTRATIVO@CROWE.COM.BR,,,
5393366000191,,11,50564050,,,SERGIO-MARTINI@UOL.COM.BR,,,
420895000113,,,,,,,,,
5401603000119,PONTUAL SP,11,26034700,11,26034701,NELSON@PONTUALSP.COM.BR,,,
2046556000144,AWP CONTABIL,11,31500927,,,AWP@AWPCONTABIL.COM.BR,,,
3733107000137,,11,22994546,,,WALGUI@UOL.COM.BR,,,
439255000155,,11,34735750,,,ATENDIMENTO@DELTABRASIL.COM.BR,,,
5443579000180,,11,50812000,,,MANUEL@BARREIRO.COM.BR,,,
2119533000112,,11,8570010,,,,,,
504333000158,,11,61967278,,,LUIZ@NIVELLES.COM.BR,,,
5554186000144,,11,38732727,,,ALMIR@MAIOAUDITORIA.COM.BR,,,
2208359000184,,11,84157734,,,JCONTI.JCC@HOTMAIL.COM,,,
5560532000105,,11,38543269,,,idenor.consultoria@uol.com.br,,,
3948879000196,BLS CONSULTING,11,38587771,,,BLASSOCIADOS@GLOBO.COM,,,
636507000136,,11,2738969,,,exituscontabil@servicos.net,,,
5629783000190,,11,26735766,,,FSALES@ADVCONSULTING.COM.BR,,,
2281602000190,,11,37272535,,,PARALEGAL@COMPASS.ADM.BR,,,
3980574000161,,11,33182900,,,CONTATO@JGMEMPRESARIAL.COM,,,
5644251000122,,11,33150807,,,VALDEMIR.SOPRANI@CONTCOR.COM.BR,,,
3991053000100,,11,92442503,,,JAVELLOSO66@GMAIL.COM,,,
2298165000117,,11,8649126,,,,,,
726865000130,,,,,,,,,
4062749000114,,11,22961035,,,contamax.assessoria@uol.com.br,,,
4080170000184,EQUITAS LTDA,11,33310946,11,99429781,wanderlei@tergec.com.br,,,
4901121000246,,11,31295005,,,,,,
2410050000172,,11,35690273,11,22931578,CBNCONT@CBNCONT.COM.BR,,,
4149521000166,,11,32373331,,,CONTATO@AUGY.COM.BR,,,
4165388000131,AUTHENTIK ASSESSORIA COMERCIAL E EMPRESARIAL,11,25535423,,,AUTHENTIKCONTABILIDADE@UOL.COM.BR,,,
2457509000193,,,,,,,,,
849492000194,,11,22830900,,,ROBERTO@CONFIDENCIALASSESSORIA.COM.BR,,,
2479573000175,GASSI CONTABILIDADE,11,38821147,,,gassi@gassiauditoria.com.br,,,
902496000199,,11,30520102,,,CONTATO@CSBCONTADORES.COM.BR,,,
924064000189,START ASSESSORIA EMPRESARIAL.,11,20904200,,,START@STARTCONT.COM.BR,,,
2586112000100,,11,37144016,,,KERIGMA@KERIGMACONTABIL.COM.BR,,,
965785000137,,11,37268907,,,,,,
6006598000102,,11,50417111,,,RENATA@COBCONTABILIDADE.COM.BR,,,
4340680000143,HABEAS CONTABIL,11,35626388,,,HABEAS@HABEASCONTABIL.COM.BR,,,
4342403000170,,11,66846585,66,62920859,salales@uol.com.br,,,
2635113000199,J.R.,11,55212203,,,JMR@JMRCONTABIL.COM.BR,,,
4378631000108,,11,33615133,,,dmcontab@uol.com.br,,,
4391907000180,,11,30639792,,,josias.freitas@ig.com.br,,,
4394447000143,,,,,,,,,
4428938000168,PLENUS CONTABILIDADE,11,31059973,,,LEGAL@PLENUSCONTABILIDADE.COM.BR,,,
2706894000165,,11,2284287,,,,,,
55361562000152,,11,31074627,,,ORIAN@UOL.COM.BR,,,
2741683000163,CONTABILIDADE MOURA,11,38192899,,,PAULO@OCMOURA.COM.BR,,,
4493894000150,,11,38542480,,,ADM@QUADRANTECONTABIL.COM.BR,,,
73373375000170,,11,20311555,11,20330119,RIBEIROS@RIBEIROSCONT.COM,,,
55536528000171,GRUPO UNIAO NACIONAL CONTABIL,11,28230500,11,28230500,uniao@grupouniaocontabil.com.br,,,
2761557000170,JR.DOCS,11,38577083,,,saedson@uol.com.br,,,
6177641000100,,11,20651040,,,marcelo.contador@uol.com.br,,,
73461899000113,,11,2154696,,,CORVELO@GICCONTABIL.COM.BR,,,
73524944000131,,,,,,,,,
73591133000153,,11,22083222,11,22083341,SIMOES@ASCONTSIMOES.COM.BR,,,
2775794000190,,,,,,,,,
55803449000180,,11,37322240,11,37322244,RUY@POLIFISC.COM.BR,,,
73896862000118,JPC CONTABILIDADE,11,47795720,11,37315623,JANETE.CARVALHO@JPCCONTABIL.COM.BR,,,
4553649000190,,11,31040646,,,NEWSERVICE@NEWSERVICE.COM.BR,,,
6227461000188,,11,73089762,,,CONTABILCARPEDIEM@GMAIL.COM,,,
1183184000135,,,,,,,,,
56276298000111,,,,,,,,,
1206709000100,UNIDA CONTABILIDADE,11,22330604,,,CONTATO@UNIDANEGOCIOS.COM.BR,,,
2832990000150,,11,25577701,11,25570401,otelles@terra.com.br,,,
56462047000121,,,,,,,,,
1232825000102,,11,29571098,11,20232863,lcassessoria@uol.com.br,,,
2852320000103,,11,25912512,,,CARLOSPORT@ONCOM.COM.BR,,,
4615523000101,,11,39319714,11,36249305,CONTABILCAROPA@TERRA.COM.BR,,,
56827587000161,INTERCONTAX,11,22710188,,,INTER_@TERRA.COM.BR,,,
2869041000144,,11,29418048,,,NSCONTABIL21@GMAIL.COM,,,
1256147000100,,11,55815589,,,ABERTURA.STARMASTER@GMAIL.COM,,,
57184699000104,,11,20959855,,,LEGALIZACAO@ORSSA.COM.BR,,,
57185340000151,JIREH & NISSI,11,38623862,,,JNISSI@TERRA.COM.BR,,,
4661061000150,,11,27415631,,,mapasses@uol.com.br,,,
2915370000184,,11,33723300,,,paralegal@takara.com.br,,,
2925134000149,ORGANIZACAO CONTABIL J.L,11,20818111,,,DEPTOLEGAL@CONTABILJL.COM.BR,,,
4696528000106,,11,55833459,,,dbassociados@ig.com.br,,,
4697755000148,ASSERT CONTABILIDADE,11,67828137,,,,,,
57659906000130,YAMAUEN,11,56112701,,,YAMAUEN@HOTMAIL.COM,,,
57754749000141,BRITANICA LTDA,11,62325018,,,britanicacont@ig.com.br,,,
6897982000142,,11,55627091,,,LEGALIZACAO@PRUDENCIACONTABIL.COM.BR,,,
58002809000132,,11,38710506,,,SOCIETARIO@ACTUALNET.COM.BR,,,
38886164000130,,11,2575002,,,contarc@terra.com.br,,,
58098062000168,,11,29420688,,,adm@ncontabil.com.br,,,
58102500000114,CONTABIL BARAO,11,55242210,11,55238784,CONTABILBARAO@CONTABILBARAO.COM.BR,,,
4779909000140,GUARNIERI CO. CONSULTORIA E SERVICOS,11,38469792,,,victoriacontih@ig.com.br,,,
3038133000145,OMNIA CONSULT,11,20977021,,,CONTATO@OMNIACONSULT.COM.BR,,,
4825249000197,,11,50171561,,,CONTABIL@ASCOPEM.COM.BR,,,
58918533000137,,11,31242555,,,COMERCIAL@GJACINTHO.COM.BR,,,
58932740000146,,,,,,,,,
7035669000168,,11,69711651,,,kikoemtec@uol.com.br,,,
1458086000163,CONTROLADORIA BRASILEIRA CONTABIL,,,,,,,,
59177493000182,,11,20936522,,,PLANCON@PLANCON.COM.BR,,,
59478347000197,,11,20210850,,,ANIMA@CONTABIL.COM.BR,,,
3117087000170,,11,35789300,,,SOCIETARIO@AAGO.COM.BR,,,
3126207000103,HGCON,11,56772347,,,hgcon@uol.com.br,,,
4912418000126,EXODO CONTABIL,11,22745344,,,CONTATO@EXODOCONTABIL.COM.BR,,,
59828699000125,KONTROLLER,11,50816380,,,KONTROLLER@UOL.COM.BR,,,
60465853000120,,11,50712134,,,NELSON@PENTEADO.INFO,,,
60741600000132,,,,,,,,,
60903010000169,CARD CONTABILIDADE,11,32370040,,,CARD@CARDCONTABILIDADE.CNT.BR,,,
61185971000148,,11,31071337,,,,,,
61362471000134,,,,,,,,,
61365821000116,,11,34770418,11,34770406,capilla.cont@terra.com.br,,,
61374807000189,,,,,,,,,
61384897000199,,11,39048781,,,CONTABILPIRITUBA@UOL.COM.BR,,,
43192327000115,,11,26185811,,,DEC@ASSESSORIACONTABIL.NET,,,
61584405000109,,11,29447055,,,CONTATO@BCBRILHANTE.COM.BR,,,
61605812000155,,,,,,,,,
43377977000135,ESCRESUL,11,29558666,11,29559566,ESCRESUL@ESCRESUL.COM.BR,,,
43458298000190,,0,0,,,UNIVERSAL@UNICONTAB.COM.BR,,,
61831129000136,,,,,,,,,
7294896000108,,11,22388883,11,22399340,LEGALIZACAO@ADCONFISCAL.COM.BR,,,
43802412000158,,11,27917717,,,KMACONTABIL@KMACONTABIL.COM.BR,,,
43968122000189,,11,32853367,,,ASCONFIS@ASCONFIS.NET,,,
44102911000103,,,,,,,,,
62267430000121,,11,50786965,11,50786966,aemecontabilidade@terra.com.br,,,
62282140000157,JUGMAG,,,,,,,,
44379360000111,,11,30218066,11,30218067,franeassima@bol.com.br,,,
44388759000169,CONTREAL,11,29140022,11,29145185,CONTREAL@CONTREAL.COM.BR,,,
62420062000100,,11,29898892,,,KINLEX@UOL.COM.BR,,,
62447487000102,JJR CONSULTORIA CONTABIL,11,30854990,11,30855417,,,,
62449905000109,,11,38426003,,,DCONT@DCONT.COM.BR,,,
44673614000100,,,,,,,,,
62608187000168,,11,2731565,,,,,,
62841622000108,,,,,,,,,
45595196000142,BARIANI,11,38739304,,,,,,
46011557000129,,11,20224884,11,20224884,jrgali@terra.com.br,,,
64027352000113,RM AMIRATI,11,26236853,,,RMAMIRATI@RMAMIRATI.COM.BR,,,
46809869000182,,11,33993740,,,,,,
64186828000169,,11,58415781,,,TELMA@CONTEMA.SRV.BR,,,
47198593000106,,11,32574222,,,atelassessoria@uol.com.br,,,
64765712000184,RN CONTADORES ASSOCIADOS,11,32263622,11,32263626,RNCONTAB@UOL.COM.BR,,,
65034894000186,,,,,,,,,
65886806000174,,11,26435500,11,26435500,CARLA@CONSENSOCONTABIL.COM.BR,,,
66059254000193,,11,35391507,,,JMMATSUI@UOL.COM.BR,,,
66062464000130,MARQUES ASSESSORIA,11,33925703,,,FINANCEIRO@ORESTES.COM.BR,,,
66063074000185,CONTACT- ESCRITORIO CONTABIL,11,39441244,11,39415618,CONTACTCONTABILIDADE@BOL.COM.BR,,,
49342314000161,,,,,,,,,
49360423000101,,11,55439829,11,55432816,ESCOM@ESCOMCONTABIL.COM.BR,,,
5626807000158,RUGE,11,50623386,,,rugecontab@hotmail.com,,,
7705010000171,.,11,25074384,,,,,,
66517061000139,,11,27979500,,,SOCIETARIO@3ACONTABILIDADE.COM.BR,,,
49872799000103,,11,36289405,,,PARAFIS@UOL.COM.BR,,,
49875768000106,,,,,,,,,
49940570000150,,11,20664788,,,GERENCER@GERENCER.COM.BR,,,
49941412000115,,11,50120071,,,CONTABILRAMOS@UOL.COM.BR,,,
66855453000108,,11,29561548,11,20580388,ADVANCEEMPRESAS@GMAIL.COM,,,
86767266000180,,11,22424688,,,CONTATO@LUCCASCONTABIL.COM,,,
86936119000196,VIMAPA CONSULTORIA,11,20681255,11,20681635,VIMAPA@VIMAPA.COM,,,
67188243000176,,11,32943900,11,32943901,LDELUCCA@TERRA.COM.BR,,,
50616663000103,,11,50442748,,,cob@cobcontabilidade.com.br,,,
67635060000151,,,,,,,,,
67639070000165,,11,29554699,11,29556046,ECLCONTABIL@ECLCONTABIL.COM.BR,,,
67639708000168,,,,,,,,,
67831925000155,ESCRITAL CONTABILIDADE DIGITAL,11,51865961,,,LEGAL@ESCRITAL.COM.BR,,,
67840074000107,LYRA & LYRA,11,37723155,,,contabilidade@lyraelyra.com.br,,,
67839761000102,,11,22042015,,,ASSISTEC@UOL.COM,,,
67983494000142,COAN CONTABIL,,,,,,,,
68224526000199,,11,55993561,,,CEZARSK.ADM@CSKCONTABIL.COM.BR,,,
51707677000103,,11,22036675,,,CAIELLI@TERRA.COM.BR,,,
69103752000184,,11,45080070,,,eliezer@mirandaassociados.com.br,,,
53130308000118,CAEC,11,69786979,,,cgneri@uol.com.br,,,
53587994000150,,11,32596823,,,tadeujmr@terra.com.br,,,
53634408000181,,,,,,,,,
53757407000124,,11,55757148,11,55750073,COSTASPAGLIARI_CONT@TERRA.COM.BR,,,
71716476000171,,,,,,,,,
54606496000170,,11,55812002,,,,,,
54752225000123,,11,36725500,,,SIGNUS@UOL.COM.BR,,,
54794292000100,,,,,,,,,
7077820000120,XV CONSULT,11,20725072,,,CONSULTORES@GRUPOCONSULTORES.COM,,,
7735667000181,,11,50946060,,,DL.BRA.FISCAL@ROEDL.COM,,,
7736471000101,PLENITUDE,11,58425275,11,58419055,DRJ_DANIEL@GLOBO.COM,,,
7747023000103,MAMRE CONTABILIDADE,11,20910950,11,87200254,,,,
7772548000107,RUHMAS CONTABILIDADE,11,94817565,11,33938329,RUHMAS@RUHMAS.COM.BR,,,
7873654000179,LUBAMA,11,22913540,11,94490713,gildariosilverio@uol.com.br,,,
7877994000178,RENOME CONTABIL,11,36560707,,,RENOMECONTABIL@UOL.COM.BR,,,
7888296000178,O2,11,99999999,,,,,,
43424464000138,,11,38256970,,,agazza@uol.com.br,,,
7898669000191,,11,59398324,,,,,,
7121380000161,,11,22767655,11,22769059,O.KENJI@UOL.COM.BR,,,
7968293000144,SB CONSULTORIA,11,11111111,,,LUCIANA@SBCONSULTORIA.COM.BR,,,
8013925000189,,11,32588669,,,PATIOSPM@PATIOSPM.COM.BR,,,
8114433000180,PJ APOIO CONTABIL E EMPRESARIAL,11,23626371,,,CONTATO@PJAPOIO.COM.BR,,,
7239947000107,,11,31064058,11,32415379,psasses.emp@ig.com.br,,,
6959473000105,UNIDAS CONSULTORIA,11,38063336,11,22735270,CARMEM.ANDRINO@UOL.COM.BR,,,
3280212000168,ADM FERNANDES,11,39242077,,,DANIEL@ADMFERNANDES.COM.BR,,,
3305478000118,,11,23058505,,,FABIOMGUIMARAES8@HOTMAIL.COM,,,
71728638000191,,,,,,,,,
4845346000141,ASTRAL CONTABILIDADE,11,33849527,11,74819982,ASTRALCONTABILIDADE@UOL.COM.BR,,,
62817390000144,,11,38539012,,,ORGAMARCONTABEIS@UOL.COM.BR,,,
45564127000171,,11,50621442,11,50624980,nkjaguari@hotmail.com,,,
1875387000192,,11,55850719,11,93923995,,,,
38876991000143,,11,33512323,11,33332386,ITAMARATI.ASS@UOL.COM.BR,,,
583562000105,,11,33119215,,,marcos@sartisarti.com.br,,,
7256097000147,,11,42767024,,,CONSULTCONTABIL@TERRA.COM.BR,,,
7579664000104,AC& ASSESSORIA E CONSULTORIA,11,99099984,,,R_OZIMA@UOL.COM.BR,,,
62804596000130,,,,,,,,,
64711377000131,,11,36219965,,,jedow@uol.com.br,,,
48053516000120,CIC,,,,,,,,
7667018000190,PLANO GERAL SOLUCOES EMPRESARIAIS,11,22252215,,,FISCAL2@PLANOGERALCONTABILIDADE.COM.BR,,,
62967302000190,,11,49302247,,,CONTATO@MARZZI.COM.BR,,,
7979451000161,GFB,11,30502828,,,YFROMONT@GORIOUX.COM.BR,,,
4965005000100,JN,11,2963179,,,jnassessoria@bol.com.br,,,
3363412000184,CLAUDIO I. ARAUJO ASSESSORIA CONTABIL,11,38593835,11,99448214,C.IARAUJO@UOL.COM.BR,,,
416153000114,VALLORY,11,55110596,11,55110569,vallory@vallory.com.br,,,
3760331000118,AUDIPREV,11,50517133,,,CONTABIL04@AUDIPREVCONTABIL.COM.BR,,,
2475734000152,FRALLONARDO CONTABILIDADE,11,39750573,,,CONTATO@FRALLONARDOCONTABILIDADE.COM.BR,,,
5891954000155,SETEC CONTABILIDADE,11,20108489,,,SETEC_CONTABIL@UOL.COM.BR,,,
2683271000114,P & M CONSULTORIA EMPRESARIAL S/C,11,5354729,,,,,,
1083835000115,,11,31885900,,,CONTATO@BERTOLAEASSOCIADOS.COM.BR,,,
1171605000108,LADO CONTABIL,11,26711712,,,LADOCONTABIL@GMAIL.COM,,,
56712813000169,,11,28567200,,,depex@grupoking.com.br,,,
1290043000111,,11,56412414,,,SECONFI@CYBERSPACE.COM.BR,,,
38890299000170,,11,55818787,,,exame@examenet.com.br,,,
2986559000168,,11,31153545,,,fatocont@uol.com.br,,,
4872043000118,NAECON,11,55812161,,,NAECON@NAECON.COM.BR,,,
60598018000169,,,,,,,,,
60679370000129,,11,38723129,,,charman@uol.com.br,,,
1604989000105,SAMIL ASSESSORIA,11,26317400,11,29556175,SAMIL@SAMILCONTABILIDADE.COM.BR,,,
43330000000162,JFGRANJA CONTABILIDADE,11,30535566,,,SOCIETARIO@JFGRANJA.COM.BR,,,
61760120000181,,11,39663088,,,ESCRITORIO@SACONTABIL.COM.BR,,,
43713510000119,,11,31251212,,,ASSESSORIAL@ASSESSORIAL.COM.BR,,,
43796515000152,ESCRITORIO CENTRAL DE CONTABILIDADE,11,22179200,,,ECCI@ECCI.COM.BR,,,
62572219000112,,11,21224283,,,,,,
47461439000185,,11,34636555,,,FIRBRAZ@FIRBRAZ.COM.BR,,,
64619513000168,,,,,,,,,
49292873000104,,11,39725111,,,EXPANSAO.CONTABIL@UOL.COM.BR,,,
50549989000165,MODELO,11,69111611,,,,,,
53081808000107,,,,,,,,,
54605514000108,,11,32864849,,,PARALEGAL@TAKARA.COM.BR,,,
7722088000102,KONDONGA,11,32591065,,,ADM@KONDONGA.COM.BR,,,
2449284000123,,11,8327282,,,,,,
2905344000175,,11,50114481,,,,,,
7040339000160,,11,31656120,,,VAGNER.ESCHER@VPCONSULTORIA.COM,,,
61220570000181,,11,29155099,,,JOSELUIZ.RH@SAOLUIZCONTABIL.COM.BR,,,
3289674000146,,11,55838231,,,GPAGANIEGUEDES@UOL.COM.BR,,,
7322304000114,,11,60982643,,,astro_mollon@yahoo.com.br,,,
2662055000192,,11,26471757,,,ativacontabil@uol.com.br,,,
62872486000105,,11,31072695,,,org.brasilia@uol.com.br,,,
3493197000136,,11,38363815,,,MEDYSCARRARA@GMAIL.COM,,,
5168759000100,,11,33411449,,,ATTUS@ME.COM,,,
96294053000131,M&M CONTABILIDADE,11,43276335,,,MMCONTABI@TERRA.COM.BR,,,
5502756000152,,11,32081447,11,40717255,ROTACONTABIL@UOL.COM.BR,,,
751087000139,,11,36454147,,,gallindocontabilidade@ig.com.br,,,
2390271000126,,11,32940080,,,ADM@MASTERCONSULTORES.COM.BR,,,
4216649000103,PEDRO & SERAPIO CONTADORES INDEPENDENTES,11,29477661,11,97484038,PEDROESERAPIO.CONTADORES@BOL.COM.BR,,,
6001364000172,,11,30853832,,,OPERACIONALCONTABIL@OPERACIONALCONTABIL.COM.BR,,,
4474876000120,SENNIOR,11,31818440,,,SENNIOR@SENNIOR.SRV.BR,,,
74048679000125,,,,,,,,,
7092960000178,,,,,,,,,
1566146000161,,11,5786201,,,,,,
3208625000131,CONT AIR,11,26815249,11,26815249,eduardo.torrubia@itelefonica.com.br,,,
61394789000105,,,,,,,,,
44032563000137,,11,27070766,,,contabilbonanza@terra.com.br,,,
64180326000120,,,,,,,,,
69272177000143,FLAMARQUES,11,37406377,,,FLAMARQUES-AG@UOL.COM.BR,,,
66060096000191,,11,39125500,,,REDMA@REDMA.COM.BR,,,
7917422000175,CONTABILIDADE RODRIGUES,11,23918296,,,RENATO@CONTABILIDADERODRIGUES.COM.BR,,,
2084005000175,,11,55424730,11,55424730,fiscal.rgm@terra.com.br,,,
4928936000138,,11,66929531,11,66944528,mscontabil@conexaogrupocerto.com.br,,,
1945863000102,,11,23524367,11,23523118,edilene.nanes@symea.com.br,,,
5426464000188,,11,20218627,11,99622543,JULIANA@SILICONTABILIDADE.COM.BR,,,
543845000123,,11,31051918,,,DEPARTAMENTOLEGAL@POLOTEC.COM.BR,,,
57866006000163,,11,31701111,,,ESTATUTARIO@ARFRANCONSULTORIA.COM.BR,,,
43812130000131,,11,55851802,,,HIROSHI192@TERRA.COM.BR,,,
62285291000169,MELHORAMENTOS,11,55058544,,,ELISEU@MTENDOLINI.COM.BR,,,
1601728000131,,11,31862977,11,31862972,JCBOZA@REVISORA.COM.BR,,,
65502668000182,NG2 CONTABILIDADE,11,56313423,11,56313417,CONTATO@NG2CONTABILIDADE.COM.BR,,,
53130290000154,,11,26942177,11,22915193,LEGAL@EXATAASSESSORIA.COM.BR,,,
964530000150,,11,96182411,,,VERA.TEIXEIRA@STAFFER.COM.BR,,,
96293048000104,,11,33937480,,,PROCESSO@CONTJET.COM.BR,,,
7962106000115,L R ASSESSORIA CONTABIL,11,24956501,11,24956491,LR.CONTABIL@UOL.COM.BR,,,
1280629000103,,11,36443127,,,GODLEWSKICONTABILIDADE@GMAIL.COM,,,
6911322000179,,11,28943849,,,BRUSSOLO@BRUSSOLOASSESSORIA.COM.BR,,,
69048205000143,CCF CONTABILIDADE E CONSULTORIA FISCAL,11,20460989,,,CCFCONTA@UOL.COM.BR,,,
62699905000159,,11,38540500,11,38540501,ATENDIMENTO@AEMPRESARIAL.COM.BR,,,
52797255000120,,11,32235969,,,13AGOSTOCONTABIL@GMAIL.COM,,,
4612189000124,,11,55600161,,,BREDIKS@BREDIKS.COM.BR,,,
62657812000161,,11,30876688,,,RICARDO@CALDERON.COM.BR,,,
67131144000158,,11,20411019,11,20410672,MARLENE@AJCONTABIL.COM.BR,,,
55065288000174,H P MARCELINO CONTABILIDADE,0,0,,,ARIGA@ARIGACONTABIL.COM.BR,,,
8206565000131,,11,63459761,11,63459761,contabilveneza@terra.com.br,,,
8291318000180,PIACENTE CONTABILIDADE,11,22113236,,,CONTATO@PIACENTE.COM.BR,,,
8377825000131,,11,30792740,,,EDUARDO@IMPACTCONSULTORIA.COM.BR,,,
8542825000140,,11,22385500,,,SILVIO@ELKA.COM.BR,,,
8701628000126,,11,30340568,,,ASSESSORIA@AMARANTECONTABIL.COM.BR,,,
8764864000191,,11,30521546,11,99355090,MPAGOSTINHO@UOL.COM.BR,,,
8769347000105,,11,33110270,,,GAMAPERICIAS@GAMAPERICIAS.COM.BR,,,
8864238000177,MULTIOVER CONTABILIDADE + CONSULTORIA,11,43284889,,,marcelo.orsolon@multiover.com.br,,,
8874735000156,ABRAAO,11,87122835,,,ADM.MATRE@GMAIL.COM,,,
8585081000140,,11,32051333,,,MARCO@DGWCONSULTORIA.COM.BR,,,
8998506000143,CR2,11,50524248,11,50556754,crsrafael@br.inter.net,,,
9023477000167,CONTINUAR CONTABIL,11,99999999,,,CONTATO@CONTINUAR.COM.BR,,,
9026792000148,CURY CONTABILIDADE,11,32081292,11,32763994,curycontabilidade@terra.com.br,,,
9050175000188,ZAC ASSESSORIA,11,31320674,,,CONTABILZAC@ZACASSESSORIA.COM.BR,,,
9053262000199,CONTROLLER CONTABILIDADE,11,34739333,,,CONTABILCONTROLLER@CONTABILCONTROLLER.COM.BR,,,
9056820000170,STAR ASSESSORIA CONTABIL E FISCAL,11,33331817,11,66253012,star.assessoria@globo.com,,,
9074775000186,VEXSEA,11,43230477,11,43230476,DENIS.KIM@VEXSEA.COM.BR,,,
9115440000169,LOGOS,11,36371336,,,maf03@terra.com.br,,,
9181487000120,PERSEVERANTES CONTABILIDADE,11,35301234,,,LEGAL@PERSEVERANTES.COM.BR,,,
9274450000147,RNV CONSULTORIA,11,30818677,,,SOCIETARIO01@RNVCONSULTORIA.COM.BR,,,
9088004000148,HERCONTABIL CONTABILIDADE,11,32293716,11,32293340,HERCON@TERRA.COM.BR,,,
9288257000165,FOKUS CONTABILIDADE LTDA,11,33233323,,,JURIDICO@CG-ONE.COM,,,
9317006000161,HIGUCHI,11,35871905,,,CHH.SP.BR@GMAIL.COM,,,
9336481000185,CONTABIL MELO,11,55244209,,,CONTABIL.MELO@UOL.COM.BR,,,
9467503000146,,11,25942733,,,eliane@elianeazevedo.com.br,,,
9481118000153,CONTABIL J OLIVER,11,56633868,,,CONTABILJ.OLIVER@GLOBO.COM,,,
9519266000110,GRUPO EAS CONTABILIDADE,11,55484289,11,35692785,EDESIO@EASCONTABEIS.COM.BR,,,
9538107000162,IPIRANGA ORGANIZACAO TECNICA,11,32098605,11,32720079,jefdouglas@terra.com.br,,,
9556207000111,MR SOLUCAO EMPRESARIAL E CONTABIL,11,20813614,,,MARCOANTONIO@MRSOLUCAO.COM.BR,,,
9558730000187,,11,50619293,11,50617290,ATENDIMENTO@PURIMCONTABILIDADE.COM.BR,,,
9616276000173,CONTROL ASSESSORIA EMPRESARIAL,11,37827611,11,37821856,WILSON.CONTROL@UOL.COM.BR,,,
10338501000136,CONTABILIZAKI,11,23455970,,,CONTATO@BENTOECASTELLINI.COM.BR,,,
10425802000105,BLUE CONTABILIDADE,11,81830463,,,BLUECONTABILIDADECONSULTIVA@GMAIL.COM,,,
10189085000151,,11,26022600,,,RENATO@PRONE.COM.BR,,,
10487799000146,SERVICON CONTABILIDADE,11,38542830,11,38542831,SERV.LEGAL@TERRA.COM.BR,,,
10494304000106,SOUZAMAAS,11,44206000,,,REGULATORIO@SOUZAMAAS.COM.BR,,,
10547439000192,INTEGRACAO CONTABIL,11,25974156,,,CONTATO@INTEGRACAOCONTABIL.CNT.BR,,,
10567390000130,CONTABIL BRAGA,11,23851978,11,37133729,CONTATO@CONTABILBRAGA.COM.BR,,,
10606600000151,ANALYSIS ASSESSORIA CONTABIL,11,27170634,11,22163749,ANALYCON@TERRA.COM.BR,,,
10639365000114,KATIVA,6920601,11,20238661,,,dpl@kativacontabil.com.br,,
20281711000199,R.SIMAO CONTABILIDADE E FINANCAS,11,47762784,,,RSIMAO@RSIMAOCONTABILIDADE.COM.BR,,,
10682154000164,S.K.E.P.S. SERVICOS CONTABEIS ME,11,55759338,11,34537492,samantacontabil@yahoo.com.br,,,
20282850000137,CONTROLE ASSESSORIA CONTABIL,11,25336824,11,53970616,ELIESIO@GMAIL.COM,,,
10731502000146,CONTABILIDADE DANIEL BELARMINO,11,39980394,,,contabilbelarmino@ibest.com.br,,,
10772155000108,FARIAS CONTABILIDADE,11,39110182,,,RUI@APELLEGRINE.COM.BR,,,
10850304000100,,11,20933915,,,FRANCISCOEZIO@ACFERNANDES.COM.BR,,,
20288674000140,,11,55911251,,,LEGAL-KEEPER@LIVE.COM,,,
10954349000116,,11,23643541,,,FLAVIO.ACOR@UOL.COM.BR,,,
11040427000130,,11,84721305,,,contabilidade@teleatlantic.com.br,,,
11041396000131,DESIBELA,11,83242413,,,ROMERO.SP.BR@GMAIL.COM,,,
11121925000107,C.R.C.S. EMPRESARIAL,11,56111959,,,rolim_claudia@hotmail.com,,,
11140461000186,,11,32850961,11,98565699,JC_PERITO@YAHOO.COM.BR,,,
11144222000102,ALVORADA,11,31797981,11,31797152,ALVORADA@ALVORADAOFFICE.COM.BR,,,
11147781000168,ESCRITORIO NAF DE CONTABILIDADE,11,27831619,11,27836227,naf@nafcontabil.com.br,,,
11165231000171,,11,25130330,11,25130330,ANDERSONASSCONTABIL@GMAIL.COM,,,
11166126000157,REDIGOLO CONSULTORIA CONTABIL,11,99758628,,,JOAO@REDIGOLO.COM.BR,,,
11203380000188,,11,34762081,11,95271859,dneife@uol.com.br,,,
11303809000109,,11,74020888,,,ALUPOCONTABILIDADE@GMAIL.COM,,,
11316079000180,DE ANGELO CONTABILIDADE,6920601,11,71914006,,,CONTABILIDADE@DEANGELOCONTABILIDADE.COM.BR,,
11349329000189,SALGADO CONTABILIDADE,11,29093819,,,SALGADOCONTABILIDADE@HOTMAIL.COM,,,
11380119000153,J C JANONI,11,34526686,11,22818623,JCJANONI@UOL.COM.BR,,,
11547223000190,ZANNON CONTADORES.,11,23683493,11,23610851,GIANCARLO@ZANNONCONTADORES.COM.BR,,,
11626076000143,HANSER CONTABIL,11,32286242,,,FISCAL@HANSERCONTABIL.COM.BR,,,
11772612000119,CONSULT.ON,11,26142496,,,JANETE@CONSULTON.COM.BR,,,
11769725000165,,11,32763659,11,32084630,ERCI@LUZEALCANTARA.COM.BR,,,
20318035000180,NAKO CONTABILIDADE,11,22930625,11,22934179,CONTATO@NAKOCONTABIL.COM,,,
11840115000100,,11,22723340,,,atccont@terra.com.br,,,
11962611000137,PINHEIRO CONSULTORIA JURIDICA E CONTABIL,11,35829514,,,AILTONPINHEIRO@ASSESSORIAGP.COM.BR,,,
12086171000164,ARC CONTABIL,11,82510933,11,72034505,contabil.rise@gmail.com,,,
12095930000155,FIORE,11,30265999,,,fiore@fiore.cnt.br,,,
12135761000130,UNION CONTABILIDADE,11,23665913,11,23665915,UNION_CONTABILIDADE@HOTMAIL.COM,,,
12250797000164,BRANDAO & NOVAES,11,37962393,11,37962393,gislaine.f11@gmail.com,,,
12258758000103,,11,37913218,,,siriusco@terra.com.br,,,
12284523000196,MARCIO MAIA - ASSESSORIA E CONSULTORIA CONTABIL,11,82015442,11,37941043,MARCIOF.MAIA@TERRA.COM.BR,,,
12346534000153,,11,83171873,,,wagner52@ig.com.br,,,
12382181000147,ESCRITORIO CONTABIL RIBEIRAO BONITO,11,26931658,,,NORITABIL@YAHOO.COM.BR,,,
12401882000186,CONTABILIDADE BROOKLIN,11,25375437,11,25375430,ATENDIMENTO@CONTABILIDADEBROOKLIN.COM.BR,,,
12459500000175,MS SEINO CONTABIL,11,33333585,,,marioseino@uol.com.br,,,
12461971000118,FAVARO ASSESSORIA CONTABIL,11,43289316,11,43289331,CONTATO@CONTABILIDADEFAVARO.COM.BR,,,
12611923000169,LEMON ORGANIZACAO CONTABIL,11,29587718,11,26818240,LEMONCONTABIL@HOTMAIL.COM,,,
12650927000156,,11,29167957,11,23717957,CSCONTABIL@CSCONTABILSP.COM.BR,,,
12761521000140,ALLIANCEJUSTO CONTABILIDADE,11,20683922,,,claudemir@alliancejusto.cnt.br,,,
12810976000109,PAVAN ASSESSORIA CONTABIL,11,29503440,,,,,,
12815993000139,ALIANCA,11,38310141,,,ALIANCAROSELI@UOL.COM.BR,,,
12870438000100,KNTS BRASIL,11,33737070,,,KNTS@KNTSBRASIL.COM.BR,,,
12915521000158,ARAGUAVA,11,59208348,11,59208348,contabilidade@araguava.com.br,,,
12983339000134,OLIVEIRA CONTABIL,11,86453691,11,80695802,claudio.coelho@bol.com.br,,,
13001449000116,FREITAS ASSESSORIA CONTABIL,11,32234647,,,5FREITAS@TERRA.COM.BR,,,
13008363000115,CONTABILIDADE AI,11,26906331,,,CONTATO@CONTABILIDADEAI.COM.BR,,,
13024671000134,SINGULAR CONTABIL,11,93254958,,,CONTATO@GRUPOSINGULARCONTABIL.COM.BR,,,
13030454000157,POTHOS ASSESSORIA,11,35673391,,,CONTATO@ELDASSESSORIA.COM,,,
13097871000117,AVISAO CONSULTORIA CONTABIL,11,58123158,,,RODRIGUESMOURA17@GMAIL.COM,,,
13139975000147,,11,51829441,,,eascont@gmail.com,,,
13140888000100,OFFICIA-ASSESSORIA CONTABIL,11,50824026,,,,,,
10995614000104,CE7 SERVICOS CONTABEIS,11,50737262,,,CESETE@CESETE.COM.BR,,,
13211174000145,TUMIARU,11,74017988,,,tobias@etcterra.com.br,,,
13352350000169,TOPCONT,11,53167857,,,REGISMARQUES.SILVA@BOL.COM.BR,,,
13449550000134,FCONTABIL,11,23893672,,,SIMONE@FCONTABILIDADE.COM.BR,,,
13457005000190,,11,28082842,,,marcelo@jlcconsultoria.com.br,,,
13471928000104,SISCONT ORGANIZACAO CONTABIL,11,89664716,,,ROSE@SISCONTCONSULTORIA.COM.BR,,,
13517496000117,CONTABILMAR SERVICOS CONTABEIS,11,23396145,11,23396146,contabilidade@contabilmar.com,,,
13558595000147,,11,55353549,,,ALEX@ACMATHIAS.COM.BR,,,
13625657000196,DV ASSESSORIA CONTABIL E EMPRESARIAL,11,23859284,11,39989284,dahasattas@terra.com.br,,,
13794984000171,GRUPPO EXATO,11,50633126,,,CIDABREDER@HOTMAIL.COM,,,
13900132000111,NOVALESTE ORG CONTABIL,11,26234646,,,novalesteandrea@hotmail.com,,,
10556978000198,GUILERME ASSESSORIA,11,22940995,11,22962397,DIRETORIA@GUILERMEASSESSORIA.COM,,,
14106981000160,NARANCO,11,35696070,,,WAGNER@NARANCOCONTABIL.COM.BR,,,
14212165000131,INFINITY CONTABILIDADE & ADMINISTRACAO,11,99585079,,,IVAN@INFINITYCONTABIL.CNT.BR,,,
11165141000180,PERES CONTABIL,11,22197780,,,ERIKAPERES@PERESCONTABIL.COM.BR,,,
11049315000301,SD CONTABILIDADE,11,40040435,,,CONTADOR@SDCONTABILIDADE.CNT.BR,,,
14421460000106,Z&Z CONTABILIDADE,11,58312561,11,58311897,estima_da_silva@uol.com.br,,,
14476743000147,,11,22222222,,,,,,
14495954000127,GUTTO ASSESSORIA CONTABIL,11,29899673,,,GUTTO@GUTTO.COM.BR,,,
14690825000190,JOCE CONTABILILIDADE,11,55639563,,,euricost@terra.com.br,,,
14704155000113,DGB CONTABIL,11,37141789,,,dnlsouza472@gmail.com,,,
14761460000147,,11,36647299,11,72918684,robertoleal.leal@uol.com.br,,,
14798621000177,ASSESSORIA CONTABIL TEIXEIRA,11,41173308,,,CONTATO@ASSESSORIACONTABILTEIXEIRA.COM.BR,,,
14883232000140,MENEGHETTI CONTABIL DIGITAL,11,50395800,11,40291019,JURIDICO@MENEGHETTICONTABIL.COM.BR,,,
14913478000117,,11,20288190,,,CONTHENRIQUE176@GMAIL.COM,,,
14999648000128,COSMOS CONTABIL,11,23398207,11,94029556,rcosmos1@bol.com.br,,,
15056499000126,EXITO ASSESSORIA CONTABIL,11,20740868,11,20746027,EXITOASSESSORIA.FISCAL@UOL.COM.BR,,,
15068599000172,CONTABIL SEDRUOL,11,32315158,11,32590548,lourdes@sedruol.com.br,,,
15069178000166,CONSULTHI ASSESSORIA CONTABIL,11,37740815,,,DANILO.FREITAS@CONSULTHI.COM.BR,,,
15432390000146,F F CONTABILIDADE & ASSESSORIA EMPRESARIAL,11,28560302,11,43042616,FRANCISCO@FFCONTABILIDADE.COM.BR,,,
9181431000176,,11,66719313,,,maspe@terra.com.br,,,
9255177000103,J FABRI ASSESSORIA CONTABIL,11,20835839,,,CONTATO@JFABRICONTABIL.COM.BR,,,
10352156000195,GESTAO GLOBAL,11,32249565,,,FRANCISCO@GESTAOGLOBAL.COM.BR,,,
10436992000158,BALBOA CONTABIL,11,33355320,11,33355320,balboa@uol.com.br,,,
10595302000103,MATHIAS SOLUTIONS,11,29142656,,,BRUNO@VLEMPRESARIAL.COM.BR.,,,
10954456000144,LM ASSESSORIA CONTABIL,11,58311956,,,ive.look@uol.com.br,,,
11044615000136,,11,26856606,,,orgmtakaki@uol.com.br,,,
11773594000190,MARTE ORGANIZACAO CONTABIL,11,32278696,,,martecontabil@uol.com.br,,,
12292802000100,,11,55631961,11,33843441,CONTATO@CRUZEGOMES.COM.BR,,,
12333713000156,,11,31049475,11,31049490,IGDCONSULTORIAEMPRESARIAL@GMAIL.COM,,,
13223289000150,RPM CONTABILIDADE,11,51818678,11,51835255,GRUPORPM.SP@GMAIL.COM,,,
13337560000188,ASSESP ASSESSORIA CONTABIL,11,59715517,11,59254464,ASSESPECONTABIL@TERRA.COM.BR,,,
13636909000182,HOMETAX ASSESSORIA CONTABIL,11,23721946,,,FISCAL01@HOMETAX.COM.BR,,,
14365060000112,,11,25857775,,,luiznardin@uol.com.br,,,
14916228000130,,11,20312620,11,20312711,ELISEU@UOL.COM.BR,,,
15448656000149,,11,22648748,,,A.APAPELARIA@GMAIL.COM,,,
15491047000172,ATTIVA,11,23862622,,,ANA@CONTABILIDADEATTIVA.COM.BR,,,
15593351000120,RCM CONTABIL,11,33375556,,,RCMCONTABIL@RCMCONTABIL.COM.BR,,,
15613183000198,VENEZA CONTABIL,11,22419424,,,venezacontabil@terra.com.br,,,
15638476000120,,11,43288008,,,CONTABILIDADE@SAOJOSEEMPRESARIAL.COM,,,
10707928000164,AUDIENS,11,45080488,11,45080488,audiens@audiens.com.br,,,
15918586000145,,11,71964927,,,fernandohoppe@uol.com.br,,,
16599232000148,CONTABILIDADE GATTI,11,21106632,,,ATENDIMENTO@CONTABILIDADEGATTI.COM.BR,,,
16631141000142,SPACO CONTABIL,11,20923860,,,ACTURESERVICOS@OUTLOOK.COM,,,
16656987000137,,11,99887188,11,78316289,camaroassessoria@hotmail.com,,,
16697345000186,,11,43048526,11,85348526,smpapa@bol.com.br,,,
10904619000184,CONTADOR DOS ADVOGADOS,11,39263222,,,CONTATO@CONTADORDOSADVOGADOS.COM.BR,,,
9020048000136,,11,69055313,11,69012400,bordon@globo.com,,,
9327129000183,,11,69735311,11,55066797,DETECTA@DETECTA.COM.BR,,,
8377230000186,CEDOIS CONTABILIDADE E ASSESSORIA EMPRESARIAL,11,31016534,,,CONTATO@C2CONTABILIDADE.COM.BR,,,
16779497000128,NCNET CONTABILIDADE,11,58443885,11,58414227,CONTABILIDADENCNET@GMAIL.COM,,,
16854726000121,NOVAIS CONTABILIDADE,11,34944436,11,84387633,CONTATO@NOVAISCONTABILIDADE.COM.BR,,,
17127694000125,,11,58973306,,,mauricio2701@terra.com.br,,,
17315665000197,TELUM CONTABILIDADE,11,52861799,,,CONSULTORIA@TELUM.COM.BR,,,
17374765000194,,11,40432225,,,ascef@ascef.com.br,,,
17381348000179,FENIX CONTABILIDADE,11,74645012,,,MARCOS@FENIXCONT.COM.BR,,,
10273201000116,,11,23680117,,,SOCIETARIO@ARTCONT.COM.BR,,,
12485150000111,LOPES ASSESSOEIA EMPRESARIAL,11,99024906,,,LOPESASSEMPRESARIAL@LOPESASSEMPRESARIAL.COM.BR,,,
17538763000193,SCALA ASSESSORIA CONTABIL,11,20460574,,,SCALACONTABILRH@GMAIL.COM,,,
17635750000132,,11,34315894,,,,,,
17644315000174,BESTCONT ASSESSORIA CONTABIL,11,24566825,,,BESTCONT@BESTCONT.COM.BR,,,
17668032000162,,11,22222222,,,,,,
17767734000101,EXATA ORGANIZACAO CONTABIL,11,55620472,,,ATENDIMENTO@EXATAORGANIZACAOCONTABIL.COM.BR,,,
17772067000147,,11,31557106,,,SARDINHA@COMOLATTI.COM.BR,,,
17820836000135,FOURKINGS CONTABILIDADE,11,41027221,,,FOURKINGS@FOURKINGSCONTABILIDADE.COM.BR,,,
17869980000166,ROBERDIN,11,99519138,,,roberdin@ig.com.br,,,
18133692000101,CAZARI BOTELHO CONTABILIDADE,11,23867529,11,91556858,CAZARIBOTELHO@GMAIL.COM,,,
18145112000104,ALL SOLUTIONS ASSESSORIA CONTABIL,11,93084575,11,64990449,niltonlimaconsultor@gmail.com,,,
18176196000135,MCC MASTER,11,31516567,11,32312057,MASTER@MASTERCONTABIL.COM.BR,,,
18228386000159,,11,38831600,,,AD.FERREIRA@PPC.COM.BR,,,
8991313000160,EKILIBRIO CONTABILIDADE,11,20225022,,,EKILIBRIO@UOL.COM.BR,,,
8840074000148,,11,38342680,11,38317304,NILSONCONTACTA@GMAIL.COM,,,
8940170000168,ETROS DATA PROCESSING,11,30344379,11,85586693,etros@amcham.com.br,,,
10597106000178,EL SHADAI CONTABILIDADE,11,34532080,,,jmartins_sobrinho@yahoo.com.br,,,
11127367000197,AURELIO CONTABILIDADE,11,56771887,11,96107540,AURELIOCONTABILIDADE@TERRA.COM.BR,,,
20480921000106,S P GEORGETTI CONTABILIDADE,11,25411129,,,SANDRAGEORGETTI@TERRA.COM.BR,,,
12423168000199,SK CONTABILIDADE,11,33373029,11,33331522,skcont@terra.com.br,,,
15649041000180,ACAO CONSULTORIA E CONTABILIDADE,11,39112030,,,acaoconsultoria@uol.com.br,,,
16866061000176,JPELL ASSESSORIA CONTABIL,11,25075546,11,25074468,JPELL@BOL.COM.BR,,,
17075122000140,ASSESSORIA CONTABIL INEZ,11,21549996,,,pastora.inez@hotmail.com,,,
17159787000131,IRKO TECH,11,32182622,11,32182623,rpublicas@irko.com.br,,,
17489903000180,DEL FRARI CONTABILIDADE,11,23374630,,,DELFRARI@SILI.COM.BR,,,
18296685000120,SONIA CONTABILIDADE,11,22952419,,,soniamariazunhiga@hotmail.com,,,
18310742000189,RICARDO ZAMENGO CONTABILIDADE,11,31079863,11,93151445,ricardozamengo@uol.com.br,,,
18377422000146,UNIGROUPE,11,84856260,,,FABIOMENDES@UNIGRUPE.COM.BR,,,
18465923000184,JASF CONTABILIDADE,11,50844238,,,CONTATO@GRUPOJASF.COM.BR,,,
18494175000168,,11,50803300,,,LEGALIZACAO@NKCONTABILIDADE.COM.BR,,,
18568579000159,GP CONTABILIDADE,11,29563581,,,peres_sergio@hotmail.com,,,
18652026000180,TONATTO CONTABIL,11,83360350,,,TONATTO.CONTABIL@GMAIL.COM,,,
18758651000100,,11,22011817,,,CONTATO@CONTABILLORETO.COM.BR,,,
18844219000132,EXACONTABIL,11,50320760,,,EXACONTABIL@EXACONTABIL.COM.BR,,,
18847134000108,JRC CONTABILIDADE,11,32286652,11,81349148,kadan123@terra.com.br,,,
18895978000124,SIRIUS CONTABIL,11,20924827,,,CADETECONTADOR@UOL.COM.BR,,,
18910043000170,,11,31429867,,,,,,
11738392000107,,11,42966024,11,72856414,COMERCIAL@USEECOMPANY.COM.BR,,,
19117655000172,,11,50817001,,,njmconsultores@ig.com.br,,,
14131724000189,OREN CONTABILIDADE,11,29503622,11,29503624,ORENCONTABILIDADE@GMAIL.COM,,,
19261720000139,ESCRITORIO CONTABIL VIDA,11,65104044,,,CONTABIL.VIDA@GMAIL.COM,,,
19289314000184,LRS CONTABILIDADE & CONSULTORIA,11,28496608,,,lrsconsult@live.com,,,
19304049000166,JCF CONTABILIDADE,11,35966778,,,CONTATO@JCFASSESSORIA.COM.BR,,,
19524443000100,BECG CONTABIL,11,31721005,,,,,,
19621447000106,MARIO CONTI,11,83199807,,,marca1311@hotmail.com,,,
8257710000103,,11,30474920,,,KMAX@KMAX.COM.BR,,,
19666490000198,,11,20687889,,,SOCONT@BOL.COM.BR,,,
19714866000192,,11,20816388,,,LEGALIZACAO@BRAZCONTABIL.COM.BR,,,
19882399000100,TOTALIZE CONTABILIDADE,11,26098880,11,26098890,CONTATO@TOTALIZECONTABILIDADE.COM.BR,,,
19916589000109,CONTABILIDADE GRECCO SOARES,11,25522827,,,CONTABILIDADE.GRECCOSOARES@GMAIL.COM,,,
19980536000149,AEXO CONTABILIDADE DIGITAL,11,55238270,11,55237961,REGULARIZACAO@AEXOCONTABIL.COM.BR,,,
19998222000173,BRAZ CONTABILIDADE,11,26458708,,,CONTATO@CONTABILIDADEBRAZ.COM.BR,,,
20033472000158,,11,20814863,11,93407300,PIRES.LOURDES@IG.COM.BR,,,
20103414000153,CAJAPUAN DOS SANTOS,11,29515538,,,CAJACONTABIL@GMAIL.COM,,,
20182489000177,SCALICE ASSESSORIA,11,20531639,11,85854514,JCSCALICE@HOTMAIL.COM,,,
20504471000144,SANDRA CONTABILIDADE,11,58733943,11,58744967,SANDRACONTADORA@TERRA.COM.BR,,,
20556951000159,NEWCCOUNTING SOLUCOES CONTABEIS,11,43273974,,,CONTATO@NEWCCOUNTING.COM.BR,,,
20593212000137,,11,38651023,,,CONTATO@CONTABILLEONARDIS.COM.BR,,,
20635350000131,TERCONT CONTABILIDADE,11,66702506,,,CONTATO@TERCONT.COM.BR,,,
20656912000123,CONTNET CONTABILIDADE EMPRESARIAL EIRELI,11,50115113,,,CONTNET@CONTNET.COM.BR,,,
20660281000116,ARS CONTABILIDADE,11,29439090,,,ARS@ARSCONTABILIDADE.COM,,,
20685790000101,SIGA CONTABIL,11,41027852,,,amorinscontab@gmail.com,,,
20729999000111,RDM,11,39741173,,,ABERTURA@RDMCONTABIL.COM.BR,,,
20772708000178,SOUTO GESTAO CONTABIL,11,34563745,,,CONTATO@SOUTOCONTABILIDADE.COM.BR,,,
20855666000139,RDR EMPRESARIAL,11,23848056,11,23393566,CONTATO@RDRCONTABIL.COM.BR,,,
20995033000126,,11,82452439,,,FACQUEIROZ2015@GMAIL.COM,,,
20999822000135,PORTAL CONTABILIDADE,11,33600037,,,PORTALCONTABILIDADE@YMAIL.COM,,,
21045523000124,DOM LAUDOS E ASSISTENCIA PERICIAL,11,30520809,,,ECJ@BERGAMINICOLLUCI.COM.BR,,,
21197607000183,SDM CONTABIL,11,39320265,11,99617361,S_MESSIAS@HOTMAIL.COM,,,
21238261000114,CONTABILDP,11,33269803,,,CONTABILDP@UOL.COM.BR,,,
21257888000112,MILARE CONTABILIDADE,11,30907494,,,CONTATO@MILARECONTABILIDADE.COM.BR,,,
7324612000340,KEA CONTABILIDADE,11,39366650,11,39364072,MATIZ@MATIZCONTABIL.COM.BR,,,
21481253000102,SS CONTABILIDADE,11,29342578,,,SSCONTABILIDADE2019@OUTLOOK.COM,,,
21488434000152,,11,41136644,,,VALMIR.PORSUMATO@IG.COM.BR,,,
21537201000100,PB CONTABEIS,11,97853123,11,20729270,PAULA@PBCONTABEIS.COM.BR,,,
21563854000156,CONTADOR COM VALOR,11,97048269,,,MARCOSVBRITO@GMAIL.COM,,,
21666420000181,,11,32111188,11,32112723,MAURICIO.DIAS@M5ASSESSORIACONTABIL.COM.BR,,,
21687312000195,NOGUEIRA ASSESSORIA E CONSULTORIA EMPRESARIAL LTDA,11,38058218,,,contato@anogueira.com.br,,,
21694446000133,INSERRA GESTAO CONTABIL,11,33267667,11,54849431,FISCAL@INSERRACONTABILIDADE.COM.BR,,,
21703325000100,XAPURI ESCRITORIO CONTABIL,11,29585635,,,contxapuri@uol.com.br,,,
21744616000147,CONTABIL PORTO,11,22130755,11,20242087,CONTABILPORTO@HOTMAIL.COM,,,
21753630000107,CONTKLEMASI ASSESSORIA CONTABIL,11,34765418,,,CONTKLEMASI@CONTKLEMASI.COM.BR,,,
21889306000110,,11,23679630,,,CONTATO@NXTCONTABIL.COM.BR,,,
21918881000102,DAVINCI CONTABILIDADE,11,43043259,11,23389496,CONTATO@DAVINCICONTABILIDADE.COM.BR,,,
21930738000128,RNC ASSESSORIA CONTABIL,11,30904483,,,CONTATO@RNCASSESSORIA.COM.BR,,,
21946408000120,E-BPO,11,31043888,11,,,,,
22180937000129,AZ CONTABIL,11,32551900,,,CONTABILIDADE@AZCONTABIL.COM.BR,,,
21968834000165,,11,42277070,,,SHIRLEYAQUINO.1918@GMAIL.COM,,,
22438268000142,,11,97930857,,,FISCAL@FINEMP.COM.BR,,,
22447286000190,DIFERENCIAL ASSESSORIA E CONSULTORIA CONTABIL,11,34733171,,,HUMBERTO02906@HOTMAIL.COM,,,
22560871000100,FEG CONTABILIDADE,11,25218104,,,fabiana@fegcontabilidade.com.br,,,
22676303000161,CONNEX GROUP,11,26494833,11,26494835,GESTAO@CONNEXGROUP.COM.BR,,,
22930413000108,AGIL SOLUCOES CONTABEIS,11,30320180,,,CONTATO@AGILSL.COM.BR,,,
23073880000121,CONTABIL AGIL E ASSESSORIA EMPRESARIAL,11,84094045,,,ADRIANO@CONTABILAGIL.COM.BR,,,
23074454000102,E & S ASSESSORIA CONTABIL,11,25242317,11,20116193,ELAINE@WDBIANCHI.COM.BR,,,
23126059000126,ZANCHETTI CONTABILIDADE,11,40956039,11,57090512,SORAIA@BANPAR.COM.BR,,,
23188288000175,,11,38163988,,,FREITAS_BG@YAHOO.COM.BR,,,
23090849000107,CAMILLO CONSULTING,11,22956401,,,IRAT@TERRA.COM.BR,,,
23256151000100,MATOS ASSESSORIA CONTABIL,11,41398923,,,JULIOMATOS2105@GMAIL.COM,,,
23319225000100,,11,37580795,,,,,,
23352725000144,GHT GESTAO & CONTABILIDADE,11,85586490,,,ALESSANDRO@GHTCONTABILIDADE.COM.BR,,,
23388610000100,NOVA YORK CONTABIL,11,27221668,,,ANDRELSO74@GMAIL.COM,,,
23393001000149,MAIA CONTABILISTA,11,20373232,,,MARCELLO@MAIACONTABILISTA.COM.BR,,,
23540550000107,,11,27212898,11,38521876,RONALDO.DANIEL@UOL.COM.BR,,,
15404493000100,,11,23485252,,,PARALEGAL@A3SI.COM.BR,,,
23550846000109,NOVA GERACAO CONTABILIDADE,11,27682205,11,47856152,PRISCILA@NOVAGERACAOCONTABILIDADE.COM.BR,,,
23560300000120,TERADA CONTABILIDADE,11,20930456,11,35698503,TERADA@HOTMAIL.COM,,,
23628576000101,VENTURO CONTABIL,11,43808657,,,CONTATO@VENTUROCONTABIL.COM.BR,,,
23668738000127,,11,99257025,31,84719548,CARLOSANSELMODAGAMA@YAHOO.COM.BR,,,
23685344000187,NASCITA CONTABILIDADE,11,72649478,,,CONTATO@NASCITA.NET.BR,,,
23800992000137,,11,22472206,11,22403537,,,,
18509991000106,CONTABILIZEME,11,50437836,,,CONTATO@ELECTCONTABILIDADE.COM.BR,,,
24022539000100,LV ASSESSORIA CONTABIL,11,29543161,,,ADM@LUVICONTABILIDADE.COM.BR,,,
24087461000101,A9 CONTABIL,11,20388795,,,A9CONTABIL@GMAIL.COM,,,
24110539000161,CANARIO CONSULTORIA CONTABIL,11,25374750,,,FABRICIO@CANARIOCONTABIL.COM.BR,,,
24198049000169,,11,29141674,,,GILBERTO@MASTERQUALY.COM.BR,,,
24228053000122,CONTABME,11,20067224,,,CONTATO@CONTABME.COM.BR,,,
23628021000151,ANGATUBA CONTABILIDADE,11,71108711,,,JOHNNYCARLOS@BOL.COM.BR,,,
24256441000117,CONTHADOR,11,81738670,,,thiago_bortolino@hotmail.com,,,
24257607000110,RAVICONT ASSESSORIA,11,21570605,,,RAPHAEMO@GMAIL.COM,,,
24327939000123,ABGCONTABIL,11,27421519,,,anderson@abgcontabil.com.br,,,
24329524000199,SINDICANCIA PREDIAL,11,50444807,,,,,,
24431361000150,GRS,11,58343258,,,CONTGRS@UOL.COM.BR,,,
24482669000125,LR SOLUCOES CONTABEIS,11,22495102,,,LEANDROROCHA@LRSOLUCOESCONTABEIS.COM.BR,,,
24483579000159,SAVE CONTABILIDADE,11,43470954,,,CONTATO@SAVECONTABILIDADE.COM.BR,,,
24499880000150,FAAS SOLUCOES ADMINISTRATIVAS E CONTABEIS,11,41157996,,,FE.ENFASE@GMAIL.COM,,,
24648631000180,A. C. L. GOULART SERVICOS CONTABEIS,11,28942540,11,63187994,ANINHA_GOULART@HOTMAIL.COM,,,
24740216000151,LUCA SILVESTER,11,20717230,,,LS.WILSONSILVESTRE@GMAIL.COM,,,
24742542000106,UPHOLD NEGOCIOS E SOLUCOES,11,26852723,,,LEGAL@UPHOLD.COM.BR,,,
24792122000126,,11,29353821,,,DEC@JBWL.COM.BR,,,
24835903000150,HCS CONTABILIDADE,11,27136250,,,HBREALIZA@HBREALIZA.COM.BR,,,
24879162000100,,11,22384300,,,CATHERINE@DJCONTABILIDADE.COM.BR,,,
25031450000172,,11,38512210,11,62111934,ACSANTONIOCARLOSSILVA09@GMAIL.COM,,,
25142618000117,ALTIMUS CONTABIL,11,55999079,,,PARALEGAL@ALTIMUSCONTABIL.COM,,,
25184970000115,,11,32776778,,,ALEXANDRE@ESCRITORIOMENDONCA.COM.BR,,,
25272258000178,RONNY EVERSON DE JESUS,11,31593079,,,ronny_everson@uol.com.br,,,
25363629000127,SIQUEIRA CAMPOS,11,69750926,11,23414458,JOSEAUGUSTOSIQUEIRA53@GMAIL.COM,,,
25384514000119,GBF CONSULTORIA E CONTABILIDADE,11,50110458,,,GBF@GBFCONSULTORIA.COM.BR,,,
13318844000127,FFW CONTABILIDADE & ASSESSORIA,11,91696369,,,CONTATO@FFWCONTABILIDADE.COM.BR,,,
24880547000197,RR ASSESSORIA CONTABIL E ADMINISTRATIVA,11,26141385,,,renatar.contabilidade@gmail.com,,,
15430871000112,RLM ASSESSORIA CONTABIL E EMPRESARIAL,11,38041430,,,FALECONOSCO@RLMCONTABIL.COM.BR,,,
11332832000121,BPO EFICAZ,11,20535789,,,marcel@magum.com.br,,,
17172141000194,,11,33723700,11,33723701,FISCAL@GLOBALCONSULTING.COM.BR,,,
20619165000153,,11,38163025,11,38160108,RENELLI@RENELLI.COM.BR,,,
21415605000113,L LOMBARDI ACCOUNTING,11,20388603,11,88338359,LEANDROLOMBARDI2011@GMAIL.COM,,,
12193511000156,TEMPLARIUNS,11,38544195,,,CONTATO@TEMPLARIUNS.COM.BR,,,
19628756000108,DINAMICA CONTABIL,11,27292455,11,27292457,DINAMICA@DINAMICACONTABILIDADE.COM,,,
21092351000140,AIRMAX CONTABILIDADE,11,99943151,,,CONTATO@AIRMAXCONTABILIDADE.COM.BR,,,
21052393000157,LCS,11,27213336,,,LCS.CONT@UOL.COM.BR,,,
15524018000160,,11,37149793,,,ANDRADE.LUCIA@UOL.COM.BR,,,
20423379000150,BERNARDO CONTABILIDADE,11,23612369,,,CONTATO@BERNARDOCONTABILIDADE.COM.BR,,,
13205035000109,IC CONTABILIDADE,11,25946477,,,NEGOCIOS@IDEALCOMPANNY.COM.BR,,,
10289289000164,GESCONTA AUDITORIA E CONSULTORIA.,11,32372019,11,95415379,EDIANE@GESCONTA.COM.BR,,,
18676041000168,,11,55946806,,,DIREVI@DIREVI.COM.BR,,,
11895754000173,MACK CONTABILIDADE E ASSESSORIA EMPRESARIAL,11,25910603,11,22191755,MARCOS@MACKCONTABILIDADE.COM.BR,,,
22349842000196,,11,28659498,11,28644161,BETH_MARQUESBORBA@HOTMAIL.COM,,,
11517346000188,GRUPO KONTROLLAR,11,23768900,,,ATENDIMENTO@KONTROLLAR.COM.BR,,,
24927375000160,MARQUES CONTABILIDADE,11,86144630,11,29967611,MIGUEL@MARQUESCONTABILIDADE-CRC.COM.BR,,,
24524436000148,RB PROFIT CONSULTORIA CONTABIL,11,39923892,,,rdg1sempre@hotmail.com,,,
13760852000129,PARCEIROS VWF ASSESSORIA CONTABIL,11,25019739,,,EDVANIA@VWFCONTABIL.COM.BR,,,
17089461000266,TIBOLLA AVANCINI CONSULTORIA,11,27760200,,,ESCRITORIOSP1@BOL.COM.BR,,,
14760824000174,AOCL.CONT,11,28849700,11,28849000,MILTONKLG09@YAHOO.COM.BR,,,
24753954000133,CONTATHUS ASSESSORIA CONTABIL,11,58915597,,,contathus@uol.com.br,,,
21314825000150,SCALEYOU,11,29128434,,,CONTATO@CONTABILIDADEMARCHIORI.COM.BR,,,
10262394000100,GLOBAL ONLINE CONTABILIDADE E ASSESSORIA EMPRESARIAL,11,25129736,11,94202135,CONTATO@GLOBALONLINECONTABILIDADE.COM.BR,,,
21021048000156,,11,33262294,11,33262295,ATENDIMENTO@RETH.COM.BR,,,
15656926000107,WM CONTABILIDADE,11,23091697,11,23091703,CONTATO@WMCONTABILIDADE.COM,,,
9323567000173,,11,31013162,,,MANEKI@MANEKI.COM.BR,,,
11252735000129,SANDES ASSESSORIA CONTABIL,11,25014102,,,SANDESOLIVEIRA@HOTMAIL.COM,,,
24625357000123,,11,22275353,,,LEGAL@MWA.COM.BR,,,
19566722000136,JRT CONTABIL,11,83266763,,,JRT@JRTCONTABIL.COM.BR,,,
20367738000107,PHM CONTABILIDADE & CONSULTORIA TRIBUTARIA,11,32271973,,,CONTATO@PHM-CONTABILIDADE.COM.BR,,,
20785419000103,TKS AUDITORIA E CONTABILIDADE LTDA,11,29140004,,,TKSCONTABILIDADE@TKSCONTABILIDADE.COM.BR,,,
24595051000171,SLT CONSULT,11,25006140,,,LEGALIZA@SLTCONSULT.COM.BR,,,
15054791000100,,11,98212499,11,51726238,MPRADELLA@TERRA.COM.BR,,,
20615728000135,ADC ASSESSORIA CONTABIL E EMPRESARIAL,11,30731280,,,VINICIUS.TORRES@YMAIL.COM,,,
19935130000144,LEGAB,11,56414242,11,46665009,RAULWDR@YAHOO.COM.BR,,,
13637934000180,******,11,99778674,,,MONIREFELTRIN@GMAIL.COM,,,
11202935000177,MF CONSULTORIA,11,20904570,,,ATENDIMENTO@MFCO.COM.BR,,,
21248359000152,EMS CONTABIL,11,32219390,,,EDVALDO.MARCONDES@MARCONDESCONSULT.COM.BR,,,
22141908000158,,11,36675119,,,CONTASAPAGAR@GRUPOHT.COM.BR,,,
11804959000104,ASSINALE CONSULTORIA,11,55237461,,,ALEXANDRE@ASSINALECONSULTORIA.COM.BR,,,
23825578000182,J. A. NASCIMENTO CONTABILIDADE,11,26518458,,,janascimentocontabilidade@gmail.com,,,
9564248000150,L&R SOLUTIONS,11,20981133,11,22252968,LUISJACQUES@LERSOLUTIONS.COM.BR,,,
11129370000140,MARCUS V S FLORA,11,23617187,,,CONTATO@MAKOTOCONTABIL.COM.BR,,,
25010981000189,DIAMOND CONSULTORIA,11,82863740,,,COMERCIAL@DIAMONDREALIZA.COM.BR,,,
10335062000108,AIRTON CARVALHO NASCIMENTO,11,20736032,,,AIRTON.NASCIMENTO@UOL.COM.BR,,,
22042834000100,CONTABILYS,11,82070491,,,CONTATO@CONTABILYS.COM.BR,,,
11368920000183,FBISPO - SOCIEDADE CONTABIL LTDA,11,72831542,,,FBISPO@FBISPO.COM.BR,,,
8639228000138,PLANO A SERVICOS CONTABEIS E EMPRESARIAIS,11,81294629,,,PLANOA@PLANOAASSESSORIA.COM.BR,,,
17321786000141,WLACERDA SERVICOS CONTABEIS,11,55497144,11,94212619,WFERRAZ@LFERRAZ.COM.BR,,,
26032470000120,SANTIGOMINI CONTABILIDADE E SOLUCOES EMPRESARIAIS,11,37222281,11,77688716,SIDNEY.GOMES@SGEXCONSULTORIA.COM.BR,,,
26071149000155,IMPAR CONTABILIDADE,11,36623122,,,CELIAFOGACA@GMAIL.COM,,,
26200191000129,M & M SERVICOS CONTABEIS E FISCAL,11,25286196,,,laercio@mmservcontabeis.com.br,,,
26233321000120,,11,64220077,,,CONTABIL@MIFCADE.COM.BR,,,
26291929000100,RAINHA CONTABILIDADE,11,31065815,11,31121383,RAINHA.CONTABILIDADE@GLOBO.COM,,,
26351738000197,D GOUVEIA ASSESSORIA,11,26499136,,,CONTATO@SILVAEGOUVEIA.COM,,,
26481579000145,DINAMICA ORGANIZACAO CONTABIL,11,55216028,11,55489994,DINAMICA@DINAMICAORG.CNT.BR,,,
26553708000163,FSPARTNERS,11,98882171,,,CADASTRO.RFB@SPECS.COM.BR,,,
26563075000174,RHS ASSESSORIA CONTABIL,11,55421560,,,ATENDIMENTO@ADRX.COM.BR,,,
26682926000106,,11,35628113,,,ADV.ANAGISELE@GMAIL.COM,,,
26712383000114,PERSONAL ACCOUNTING CONSULTORIA CONTABIL,11,30611307,,,PERSONAL@PERSONALCONSULT.COM.BR,,,
26753370000193,COMMARCA CONTABILIDADE,11,23011414,,,COMMARCA15@UOL.COM.BR,,,
26760729000150,,11,31207880,11,31207883,CARLOS.MASETTI@CFA-MCONSULTORIA.COM,,,
26989498000150,,11,32282977,11,33267763,JBITAZI@YAHOO.COM.BR,,,
27056769000188,SAGESSE PARTNERS,11,99122969,,,CIRO.OLIVEIRA@SAGESSEPARTNERS.COM,,,
27061065000101,MARCHETTOCONTABILIDADE,11,29359670,,,souomarchetto@yahoo.com.br,,,
27100881000179,LMTORRES ASSESSORIA CONTABIL,11,42920215,11,87188503,LEANDRO@LMTORRESCONTABIL.COM.BR,,,
27153800000107,SALVADORI SERVICOS CONTABEIS,11,22137006,,,,,,
27291662000114,LL ASSESSORIA E CONSULTORIA CONTABIL,11,99226477,11,39420726,LLCONTABIL1@GMAIL.COM,,,
27304177000138,,11,79930626,,,ANDERSON@PLANUS.SRV.BR,,,
27327346000155,RCS ASSESSORIA CONTABIL,11,31591388,,,CONTABIL01@RCSASSESSORIA.COM.BR,,,
27465696000188,,11,21415812,,,JANTONIO@SORANA.COM.BR,,,
27480184000190,R U CONSULTORIA,11,21545836,,,raquelandre@uol.com.br,,,
27481759000190,,11,97356365,,,,,,
27532192000133,CONTABIL ONASA,11,33261673,,,CONTABIL.ONASA@HOTMAIL.COM,,,
27675281000139,EL SHADAI CONTABILIDADE,11,20371343,,,ELSHADAI.CONTABILIDADE@OUTLOOK.COM,,,
27684408000186,MB CONTABILIDADE E SERVICOS,11,59726424,11,91554345,GARRIDOCONTABIL@GMAIL.COM,,,
27905914000158,EFICAZCONSULT,11,20224642,,,CONTATO@EFICAZCONSULT.COM.BR,,,
28115341000121,,11,32572511,,,CARDOSOJOAO@UOL.COM.BR,,,
28250139000102,RHEMOR CONTABILIDADE,11,20609150,,,RHEMOR@RHEMORCONTABILIDADE.COM.BR,,,
28290549000187,,11,20998070,11,22835013,SAC@JAWACONTABIL.COM.BR,,,
28301412000180,,11,30788226,,,,,,
28347270000192,TEC CON CONTABILIDADE,11,29673864,,,MARIA@TECCONTABIL.COM.BR,,,
28431026000103,MICELI CONSULTORIA,11,59156090,,,carolinemiceli@hotmail.com,,,
28476339000188,TRINIT GESTAO FINANCEIRA,11,41307932,,,CASSIO@SIMPLIFICADOR.COM.BR,,,
28586334000108,,11,40091564,,,filho9900@gmail.com,,,
28914783000138,MVM YAHWEH SERVICOS CONTABEIS,11,33622685,,,MVINICIUS60@HOTMAIL.COM,,,
28960923000104,,11,48613900,,,HAIDEE.MOLLO@PRYORGLOBAL.COM,,,
29004786000105,,11,38426732,,,rorsil@hotmail.com,,,
29043652000195,R & S ASSESSORIA CONTABIL,11,20123193,,,NRSCONTABILIDADE@UOL.COM.BR,,,
29073097000144,,11,85741370,,,LEO@JBCONTABIL.COM.BR,,,
29141584000105,DIANA GODOY CURSOS E PALESTRAS,11,59246702,,,CONTATO@DIANACONTABIL.COM.BR,,,
29190235000175,,11,48731120,,,CONTATO@LUCROALTOCONTABILIDADE.COM.BR,,,
29203012000103,,11,56665947,,,,,,
29593911000151,,11,27299994,,,KLEBER@GCCONT.COM,,,
29667378000125,,11,59225652,,,FRANCISCO.ASSIS.SILVA1983@GMAIL.COM,,,
27777532000196,JM CONTABILIDADE TATUAPE,11,25345274,,,CONTATO@JMCONTABILIDADETATUAPE.COM.BR,,,
29727863000147,,11,27490995,,,WILSON.NFAUSTINO@YAHOO.COM.BR,,,
29747571000176,OLIVEIRAS CONTABILIDADE & CONSULTORIA EMPRESARIAL,11,53790322,11,52206720,SOCIETARIO@OLIVEIRASCONTABILIDADE.COM.BR,,,
27275391000103,MAFREY CONTABILIDADE,11,50164528,,,CONTATO@MAFREYCONTABILIDADE.COM.BR,,,
29925188000160,,11,38652119,11,21454441,LUCIANOGIBBINI@YAHOO.COM.BR,,,
30622458000143,PPJ CONSULTORIA CONTABIL E FISCAL,11,82093660,,,PAULOPEREIRA.CRC@OUTLOOK.COM,,,
30140371000130,ZELIA ASSESSORIA CONTABIL,11,50332810,,,LEGALIZACAO@SKLCONTABIL.COM.BR,,,
30738320000104,FERREIRO CONTABIL,11,86379075,,,RODRIGO.FERREIRO123@GMAIL.COM,,,
21868731000204,,11,24101031,,,,,,
31319919000176,L&M CONTABILIDADE,11,35896218,,,BFM@BFMCONTABILIDADE.COM.BR,,,
31438756000140,BAK CONTABILIDADE,11,29663459,,,CONTATO@BAKCONTABILIDADE.COM.BR,,,
31558195000113,SSIGMA & QUANT.K,15,91855904,,,DSSIGMA@OUTLOOK.COM,,,
31635768000165,COMPLIACE CONSULTORIA E ASSESSORIA EMPRESARIAL,11,25321251,11,95421919,EMERSONSMLIMA@GMAIL.COM,,,
31683107000105,ASM - CONTABILIDADE,11,89770913,,,AILTONSMCONTABILIDADE@GMAIL.COM,,,
31831301000190,R&M CONTABILIDADE,11,32081778,,,REMCONTABILIDADE@TERRA.COM.BR,,,
31833033000146,SYNC ASSESSORIA CONTABIL,11,29255001,11,29258007,CONTATO@SYNCCONTABIL.COM.BR,,,
31868080000125,PENIN ASSESSORIA CONTABIL,11,88117498,11,23054528,PENIN.TARCISIO@GMAIL.COM,,,
31965758000198,,11,25006767,,,PARALEGAL@VIACSC.COM.BR,,,
32017553000143,CONTABILIDADE QUINTELLA ALMEIDA,11,41061466,,,QUINTELLAALMEIDACONTABILIDADE@GMAIL.COM,,,
32067769000113,MEIRELES ESCRITORIO CONTABIL,11,31649223,,,LEGAL@MEIRELESCONTABIL.COM.BR,,,
32180654000130,ADRIJON CONTABILIDADE E ASSESSORIA,11,27850027,11,94997025,ADRIANA@ADRIJON.COM.BR,,,
32318739000132,A. R. DE AGUIAR SERVICOS CONTABEIS,11,39214185,11,92249732,ADEMIRRODRIGUESDEAGUIAR@YAHOO.COM.BR,,,
32389957000168,,11,23482359,,,ADM@MSCHMIDTCONTABIL.COM.BR,,,
32462841000107,,11,30948252,,,SOCIETARIO@LMCONTABIL.COM,,,
32733923000149,INFO TREE CONTABIL,11,30311884,,,WILLIANS@INFOTREECONTABIL.COM,,,
32796126000100,'SUZANA SERVICOS CONTABEIS',11,55156344,,,ANA.SUZANAFS@GMAIL.COM,,,
32881819000100,PERES CONTABILIDADE,11,59667120,,,CONTATO@CONTABILIDADEPERES.COM.BR,,,
32883861000151,ECONTAX,11,98960185,,,RENATO@ECONTAX.COM.BR,,,
33079111000194,FN SANTOS CONTABILIDADE,11,39727394,,,F.N.SANTOS060@GMAIL.COM,,,
33242704000120,,11,29110643,,,RR.ROBSON@TERRA.COM.BR,,,
33256008000172,GUICHARTE CONTABIL,11,23621030,11,93467366,GUICHARTE.CONSULTORIA@GMAIL.COM,,,
33394654000104,,11,84554835,,,VERONICA@COLORADO-SA.COM.BR,,,
33547698000119,CASTROT ASSESSORIA E CONSULTORIA CONTABIL,11,40290039,,,THATIANAACASTROPJ@OUTLOOK.COM,,,
33571285000170,PROPACT,11,27764000,11,23614000,FISCAL@PROPACT.COMBR,,,
33728641000116,ROL'S CONTABILIDADE,11,25227889,,,ROLSASSESSORIACONTABIL@GMAIL.COM,,,
33739208000186,BIANCHI CONTABILIDADE,11,98250894,,,BIANCHI.CONTABILIDADE@HOTMAIL.COM,,,
33892880000107,IRMAOS FEITOSA ASSESSORIA CONTABIL LTDA,11,85631016,11,85693751,STANCOEFEITOSA@GMAIL.COM,,,
33908723000142,RODRIGUES & FERREIRA ASSESSORIA CONTABIL E TRIBUTARIA,11,51414038,,,FATIMA@RFACONTABIL.CO,.BR,,
33766074000192,JOCELI NOVAES CONTABILIDADE,11,89061669,,,JNOVAES220767@GMAIL.COM,,,
34368442000107,ESTATER SERVICOS CONTABEIS,11,96250077,,,ESTATER.CONTABILIDADE@GMAIL.COM,,,
34378105000109,CRUZ SOCIEDADE DE CONTADORES,11,54596180,,,CONTABILIDADE@CRUZSOCIEDADE.COM.BR,,,
34394201000132,SAC,11,82212548,,,DANIELFLAVIODELIMA.SAC@GMAIL.COM,,,
34473328000147,WISALLE CONTABILIDADE,11,84852492,,,WISALLE.CONTABIL@GMAIL.COM,,,
34517026000123,SAVIOLO ASSESSORIA E CONSULTORIA,11,74841011,,,SAVIOLO87@HOTMAIL.COM,,,
34660856000105,,11,20315166,11,20315167,DEBORAPLSANTOS@HOTMAIL.COM,,,
34683224000167,,11,39692231,,,MARCELO@ISAFECORRETORA.COM.BR,,,
34854282000106,,11,57620952,,,IVOSOUSADESA@HOTMAIL.COM,,,
34909307000121,,11,20616277,,,MCMARIM@IG.COM.BR,,,
34941200000160,,11,26185031,11,22929254,ADEMIR@ATIVA.CNT.BR,,,
35082576000120,MAZON SERVICOS CONTABEIS,11,66922905,,,ALTIERIS.MAZON@GMAIL.COM,,,
35113750000154,FONSECA CONSULTORIA CONTABIL E TRIBUTARIA,11,16203542,,,SUELI.FONSECACONSULTORIA@GMAIL.COM,,,
35331191000159,EFETIVA CONTABIL,11,25327990,,,JOAOMARCOSTOBIAS@GMAIL.COM,,,
35386373000127,R&O CONSULTORIA CONTABIL,11,26002974,,,ROSANABTISTA@GMAIL.COM,,,
35434841000191,,11,29356654,,,KRG@KRGCONTABILIDADE.COM.BR,,,
35481826000102,FENIX PRO ASSESSORIAL,11,32411005,,,FENIXASSESSORIAL@FENIXASSESSORIAL.COM.BR,,,
35783476000120,,11,24955407,,,CLAU_DIAS23@HOTMAIL.COM,,,
35807181000147,DR CONTABIL,11,37249440,,,LEGAL@DRCONTABIL.COM.BR,,,
35866062000165,APO CONTABILIDADE E SERVICOS ADMINISTRATIVOS,41,96869828,,,MEUCNPJ@CONTABILIZEI.COM.BR,,,
35952551000130,MULTIFIDAM,15,91189608,,,JPEDRO@MULTIFIDAM.COM.BR,,,
36006802000156,MARIN & CASTILLO CONTABILIDADE,11,75944348,,,MIRIAM.MARIN86@YAHOO.COM.BR,,,
36234146000149,A8 CONSULTORIA EMPRESARIAL,11,76787373,,,A8@A8.SRV.BR,,,
36347989000151,,11,68323765,,,VALESKA@CONTABILIDADEFONTENELLE.COM,,,
36372882000163,GRASS CONTABILIDADE,11,30820775,,,CONTATO@GRASSCONSULTORIA.COM,,,
36379557000122,WB CONTABIL,11,91611613,,,WBASTOS76@GMAIL.COM,,,
36195256000149,,21,92503774,,,PAULO.VICTOR@ORTOBOM.COM.BR,,,
36606032000182,REIS FILHO CONTABILIDADE,11,23063540,,,CONTABILIDADE@REISFILHO.COM.BR,,,
36609619000145,ALVES DE MELLO CONTABILIDADE,11,13249017,,,AMSOLUTIONCONTABIL@GMAIL.COM,,,
36643051000189,,11,86204839,,,GIZAKANASAWA@GMAIL.COM,,,
36654942000130,MESA EMPRESARIAL,11,27829026,,,DANIEL@MESAEMPRESARIAL.COM,,,
37300741000106,NUMERALLE,11,22472667,,,LEGAL@NUMERALLE.COM.BR,,,
31287239000118,DELAMART CONSULTORIA,11,93000943,,,DENIS.MARTINIANO@DELAMART.COM.BR,,,
37532898000159,TRIPLO A,11,91282241,,,ANDRE@TRIPLOACONTABIL.COM.BR,,,
37781049000139,PICONT CONTABILIDADE DIGITAL,11,66279181,,,PICONTCONTABILIDADE@GMAIL.COM,,,
37978193000160,ADM PRA MIM GESTAO CONTABIL,6920601,11,84325719,,,ADMPRAMIM@GMAIL.COM,,
28373935000132,RISCARLA CONCORDA SERVICOS CONTABEIS,11,54485446,,,MARIA.CONCORDA@HOTMAIL.COM,,,
38322056000135,SHM ASSESSORIA E CONSULTORIA CONTABIL,11,32974124,11,94165460,SHM.ASSCONTABIL@GMAIL.COM,,,
38026895000106,REPLANTEC CONSULTORIA E CONTABILIDADE,11,43736436,,,PARALEGAL@MCCONTABIL.COM.BR,,,
38446841000108,EVOLUCONTA,19,88064866,,,CONTATO@EVOLUCONTA.COM.BR,,,
39332071000127,FYK CONTABIL,11,25770843,,,CONTATO@FYKCONTABIL.COM,,,
39358525000139,C SANTOS CONTABILIDADE,11,85182093,,,CARRLOSEDU@GMAIL.COM,,,
11166257000215,RTO CONSULTORIA EMPRESARIAL LTDA,11,38550270,,,ITALO@RTOEMPRESARIAL.COM.BR,,,
40082669000194,,11,55798988,,,CONTATO@ONIXLATAM.COM,,,
40120793000105,CONTABILIDADE ALMEIDA'S,11,28890133,,,CONTABIL.ALMEIDAS@GMAIL.COM,,,
40261788000104,MMM CONTABILIDADE,11,85892279,,,,,,
40349804000115,,11,85546904,,,R_MONTES_8@HOTMAIL.COM,,,
40524702000199,,11,60975494,,,GUILHERME.RIBAS2015@GMAIL.COM,,,
40133627000135,HSP CONTABIL,11,42102339,,,HELY@HSPCONTABIL.COM.BR,,,
40746771000147,VERUSCONT ASSESSORIA,11,30305274,,,JOSE.FRANCISCO@VERUSCONT.COM.BR,,,
40802903000100,HM CONTABIL,5511,85985809,0,0,DENISEHMJ@YAHOO.COM.BR,,,
40820863000120,N/T,11,98126213,,,,,,
40960271000103,DE FARO ACCOUNTING,6920601,11,12720026,,,DEFARO@DEFAROCARACIOLO.COM,,
41017693000102,RFREITAS CONTABILIDADE,11,98559671,,,RFREITASCONTABILIDADE@GMAIL.COM,,,
41042340000162,CPLAN SOLUCOES EMPRESARIAIS,11,26920862,,,TRAB.CARLA@ICLOUD.COM,,,
27049664000100,EXECUTIVE PRO,11,23852100,,,EXECUTIVEPROCONTABIL@GMAIL.COM,,,
27694946000151,CONTABIL MAZZA,11,29415222,,,MARCELO@CONTABILMAZZA.COM.BR,,,
41258145000174,A FALCIONE,11,20902900,,,AFRAN@AFRANCONTABILIDADE.COM.BR,,,
41543337000122,,11,32939255,,,RIBEIRO@RBSCONSULTORES.COM.BR,,,
41650073000106,AT2G ASSESSORIA TRIBUTARIA,5511,63453733,0,0,ROSE_2909@HOTMAIL.COM,,,
41742192000199,PROSPERA CONTABILIDADE CONSULTIVA,11,10601704,,,CONTATO@PROSPERACONTABILIDADE.COM.BR,,,
41774328000142,RBCONT SERVICOS LTDA,11,56623638,,,R10.EMPRESAS@GMAIL.COM,,,
41819001000140,,11,87060942,,,REGAL@REGAL-CONSULT.COM.BR,,,
41867993000180,AZURITE CONTABILIDADE,11,61452326,11,32572719,FABGOMES13@HOTMAIL.COM,,,
17473658000202,,21,22333588,,,REJANE.FEITOZA@WRXCONTADORES.COM.BR,,,
41901459000143,RYM ASSESSORIA EMPRESARIAL,5511,50710838,0,0,RUBENS@CONTANETCONTABIL.COM.BR,,,
41940497000105,CONTABILIDADE NCP,5511,98789283,0,0,CONTABILIDADENCP@GMAIL.COM,,,
36261343000157,DCS SERVICOS CONTABEIS,11,40212760,11,85130288,DANIELACASTILHOSANTOS@GMAIL.COM,,,
26185591000102,,11,35674161,,,JIZABEL@DRUMMONDADVISORS.COM,,,
39412829000137,,11,86329173,,,CHEMICALASSESSORIACONTABIL@GMAIL.COM,,,
26761826000167,NOVA OPCAO CONTABIL,11,67501238,,,NOVAOPCAOCONTABIL@TERRA.CO.BR,,,
41039198000102,CONTCONTA ASSESSORIA CONTABIL,5511,53534359,0,0,MARIAFERNANDES81@HOTMAIL.COM,,,
30841219000184,SERVICOS CONTABEIS RAZAO NET,11,66204493,,,SILVIOBONALDI@GMAIL.COM,,,
32275936000111,STAUFFER CONTABILIDADE E TREINAMENTOS,11,20911050,,,REINALDO@STAUFFER.COM.BR,,,
33243146000117,LC ASSESSORIA,11,55557560,,,ATENDIMENTO@LIONCONTABIL.COM.BR,,,
41995386000104,SARAIVA SANTOS CONTABILIDADE DIGITAL,11,18421708,19,86026889,CONTATO@SARAIVASANTOSCONTABILIDADE.COM.BR,,,
42139190000172,J.V.V EXATHUS,11,41731135,,,CONTATO@JVVEXATHUS.COM.BR,,,
42205221000146,LU SANTOS SERVICOS CONTABEIS E ADMINISTRATIVOS,11,98809623,,,LUCINEIANS1973@GMAIL.COM,,,
42271531000169,,11,84719263,,,DGOCONTABIL_ASSESSORIA@OUTLOOK.COM.BR,,,
42341256000102,EASY CONTABILIDADE FACIL,5519,96778880,0,0,CONTABILIDADEFACIL.EASY@GMAIL.COM,,,
42385066000197,CARDCON SERVICOS CONTABEIS LTDA,11,41203613,11,41203613,GUILHERMEALVESCARDOZO@GMAIL.COM,,,
42550397000135,,11,91998036,11,99199803,ATENDIMENTO@PKAM.COM.BR,,,
42613584000110,GS CONSULTING,11,98666778,,,GILMAR@MAXBPO.COM.BR,,,
42815642000199,THEO CONTABILIDADE,11,99999999,,,THEO.CONTABILIDADESP@GMAIL.COM,,,
42846811000158,SCOPUS CONTABILIDADE,11,99999999,,,CONTATO@SCOPUSCONTABILIDADE.COM.BR,,,
3824202000227,,41,30232881,,,DANIEL@TDD.COM.BR,,,
42976058000115,GESTAO TOTAL CONTABILIDADE,11,43855248,,,CONTATO@GESTAOTOTALCONTABILIDADE.COM.BR,,,
42989712000125,RPG ASSESSORIA CONTABIL,11,46770546,,,CONTATO@RPGCONTABILIDADE.COM.BR,,,
33719884000198,OKAYNOW CONSULTORIA EMPRESARIAL,11,99451252,,,CONTATO@OKAYNOW.COM.BR,,,
41679653000207,,81,30198080,,,A1@AMIGOTECH.COM.BR,,,
43186150000144,D A S SOLUCOES CONTABEIS,11,85154556,,,DJALVES09@YAHOO.COM,,,
43198545000167,SANTOS E PAZ,11,50459957,,,CONTABILIDADE@SANTOSEPAZ.COM,,,
41438521000102,CONTABILIDADEWS ASSESSORIA CONTABIL,5511,85859832,0,0,WLADGIROLDO@GMAIL.COM,,,
39618131000172,SEC CONSULTORIA CONTABIL LTDA,11,29544438,,,SOCIETARIO.SECCONSULTORIA@GMAIL.COM,,,
43376301000127,MABS CONSULTORIA CONTABIL,11,64521038,,,MARCOS0711@HOTMAIL.COM,,,
26813087000100,,11,55097151,,,FINANCEIRO@HONEST.COM.BR,,,
41526574000185,FALANGES CONTABEIS,11,66721112,,,FRED.HONMA@GMAIL.COM,,,
40599265000172,BT3 CONSULTORIA E ASSESSORIA,11,84443031,,,COMUNICACAO@BT3CONTABILIDADE.COM.BR,,,
29999261000149,,11,33380102,,,LEGAL@SATONET.COM.BR,,,
32351917000127,CT,11,99410149,,,GENIVALDO@CT.CNT.BR,,,
32487489000164,SOUSA ROCHA CONTABILIDADE,11,25451065,11,23051513,CONTATO@SOUSAROCHA.COM,,,
33458213000110,MAXIMO EXCELENCIA,11,99302240,,,DIRETORIA@MAXIMOEXCELENCIA.COM.BR,,,
34882293000108,SERVCONTALITA,11,29897866,11,29830647,CONTATO@SERVCONTALITA.COM.BR,,,
38118605000154,,11,35125919,,,VALKIRIA@FACIMMUS.COM.BR,,,
27710817000100,VITURINO'S SERVICOS CONTABEIS LIMITADA,11,81648974,,,VITURINOSCONTABIL@GMAIL.COM,,,
43069647000182,ASSL CONTABILIDADE ESTRATEGICA,11,68683777,,,FISCAL@ASSLCONTABILIDADE.COM,,,
26551902000290,,11,22297898,,,CONTATO@MCSMARKUP.COM.BR,,,
41764530000193,OGBON CONTABILIDADE,11,88441397,,,OGBON.CONTABILIDADE@GMAIL.COM,,,
34461697000110,,11,99999999,,,CONTATO@ZYCONTABILIDADE.COM.BR,,,
41021278000122,ARAUJO SOLUCOES CONTABEIS E CONSULTORIA,11,56227471,,,CONTATO@ARAUJOSC.COM.BR,,,
34879525000160,ENGENHO CONTABIL,11,53629563,,,ALINE@ENGENHOCONTABIL.COM.BR,,,
37009035000100,,11,28722500,,,CONTATO@BELAVISTACONTABILIDADE.COM.BR,,,
36435366000130,ASP CONTABILIDADE,11,99159928,,,ARNALDOPAIXAO@HOTMAIL.COM,,,
34308778000184,AFECON CONTABILIDADE,61,92848419,,,CONTATO@AFECON.COM.BR,,,
41163195000178,CONPROV CONTABILIDADE EMPRESARIAL,11,99800076,,,CONTATO@CONPROVCONT.COM.BR,,,
28185246000102,ANKOR BRASIL,11,25792930,,,FINANCEIRO02.RS@ANKOR.COM.BR,,,
30515218000140,SLT SERVICOS CONTABEIS,11,25006140,,,LEGALIZA@SLTCONSULT.COM.BR,,,
33540947000144,R&G ORGANIZACAO CONTABIL,11,95764304,,,ALEXANDRE.GUERINO.AG@GMAIL.COM,,,
29126443000105,SCABELLO CONSULTORIA,11,15714026,,,ICCOSTA2022@YAHOO.COM,,,
40873279000132,MUDROST CONTABILIDADE,11,98990660,,,ADM@MUDROST.COM.BR,,,
42659287000106,EQUILLIBRIUM CONTABILIDADE,11,67574271,,,EQUILLIBRIUMCONTABILIDADE@GMAIL.COM,,,
43828204000128,ELB ASSESSORIA CONTABIL,11,55696121,0,0,EVANDROBRAZIL@HOTMAIL.COM,,,
43896512000190,SENNA CONTABIL,11,92254462,,,RENES.CONTABIL@GMAIL.COM,,,
44287998000122,NEW VEGAS CONSULTORIA,11,12331704,,,CONTATO@NEWVEGASCONSULTORIA.COM.BR,,,
44393287000132,STOCK,11,27031440,,,STOCK.FISCAL@GMAIL.COM,,,
44801704000139,SOTNAS CONTABILIDADE,11,57371766,,,SOTNASCONTABIL2022@HOTMAIL.COM,,,
44819010000129,VERBO CONSULTORIA CONTABIL,11,63591547,,,NATLOPES71@GMAIL.COM,,,
44753919000121,CONTTEGRA CONTABILIDADE,11,64217663,0,0,CONTATO@CONTTEGRACONTABILIDADE.COM.BR,,,
45034336000103,********,11,32806858,,,SOCIETARIO@LEGALBR.COM.BR,,,
45041362000169,SHARE CAPITAL,11,99394446,,,CONTATO@SHARECAPITAL.COM.BR,,,
45348177000111,SSP PELEGRINI CONTABILIDADE,11,26016197,11,26016691,SSP_SALVADOR@UOL.COM.BR,,,
45420869000123,CONSIL CONT,11,37429640,,,CONTATO@CONSILCONT.COM.BR,,,
45456330000124,FAM CONTABILIDADE,11,66669817,11,32007503,FAMCONTABILIDADE.ARODRIGUES@GMAIL.COM,,,
45665051000170,CIA CONT,11,94603008,11,26236351,CIACONT@CIACCOUNTING.COM.BR,,,
45740759000149,PLA CONTABILIDADE LTDA,11,20126212,11,79850562,PRISCILANICKOLY@YAHOO.COM.BR,,,
45780330000185,LS CONSULTORIA CONTABIL E FISCAL,11,82281068,0,0,LEYLASOUZA@HOTMAIL.COM,,,
46156174000149,,11,84090088,0,0,MARIADOCARMO@MCMCONTABIL.COM.BR,,,
46164103000198,,11,38584270,,,RAFAEL@FMCCONTABILIDADE.COM.BR,,,
46178153000124,,11,67806924,0,0,BIA-TORO@HOTMAIL.COM,,,
46188887000194,,11,38314016,,,MARIA.LOURDES@UOL.COM.BR,,,
46189013000151,,11,86617589,,,LAURINDO@RAIINDUSTRIAL.COM.BR,,,
46237717000152,SOLUCAO CONTABIL E ASSESSORIA EMPRESARIAL,11,29554512,,,SOCIETARIO.SECCONSULTORIA@GMAIL.COM,,,
46294796000133,PX ACCOUNTING,11,97744427,,,PXACCOUNT@PXCS.COM.BR,,,
46414437000172,RMR CONTABILIDADE,11,77665162,0,0,CONTABIL@RMRCONTABILIDADE.COM.BR,,,
66661794000576,,11,20239999,,,PLUMAS@PLUMASCONTABIL.COM.BR,,,
46512721000181,SOUCONTABIL,11,35412918,,,SOCIETARIO@SOUCONTABIL.COM,,,
46560731000192,AGILIZA PJ,11,98150141,,,CONTATO@AGILIZAPJ.COM,,,
46566120000151,VANDRADE ASSESSORIA E CONSULTORIA,11,84568021,0,0,VERA2612@UOL.COM.BR,,,
46693094000122,SMR CONTABILIDADE,11,57544019,0,0,SIVALDOMACHADO001@GMAIL.COM,,,
46939578000109,RS SOLUCOES EM ASSESSORIA,19,87653789,,,CONTABIL.RSSOLUCOESEMASSESSORIA@GMAIL.COM,,,
47071951000115,MAUI CONTABILIDADE,11,40198321,0,0,MARISA-MATEUS@BOL.COM.BR,,,
47133845000119,,11,73069611,0,0,SILVAMG6@HOTMAIL.COM,,,
47182950000148,,11,62246402,,,LKSERVICOCF@GMAIL.COM,,,
47240150000136,TAXBASE,11,99730311,,,FALECOM@TAXBASE.COM.BR,,,
47327413000149,DFS ASSESSORIA E CONSULTORIA CONTABIL,11,59359431,,,DFSCONTABIL@GMAIL.COM,,,
47408205000174,ALM,11,96011197,0,0,ARPFER@GMAIL.COM,,,
47503390000186,GLFER- ASSESSORIA CONTABIL,11,25669076,,,GLFER.ADM@GMAIL.COM,,,
47660256000199,TORRES ASSESSORIA CONTABIL,11,92538003,,,CONTABILIDADERTORRES@GMAIL.COM,,,
47679992000199,RS CONTABILIDADE,11,69357864,,,RSCONSULTORIAADM@OUTLOOK.COM,,,
47720969000109,,11,99757436,,,ELIZABETH.MATEUS@UOL.COM.BR,,,
47755176000117,,11,45080318,,,SAC@BAMBUCONTABILIDADE.COM.BR,,,
48021689000167,VSAT,11,45830169,,,VINICIOS.SIMOES@OUTLOOK.COM,,,
48040119000114,BS&E CONSULTORIA,11,40298864,0,0,ROGERIO@BSECONSULTORIA.COM.BR,,,
48068607000130,FAJOTTA CONTABILIDADE CONSULTIVA,11,49491599,,,FAJOTTA@OUTLOOK.COM,,,
48069515000174,,11,96310420,,,FINANCEIRO@FLORIDACONSULTORIA.COM,,,
48097886000160,CS CONTFISCO,11,23877899,,,MEUCNPJ@GROUPINTEGRA.COM.BR,,,
48137449000122,S&S CONTABILIDADE E CONSULTORIA,11,91345322,0,0,ANDREA_SCHUCHMAN@HOTMAIL.COM,,,
48269002000107,BARBARA JODE - CONTABILIDADE DESCOMPLICADA,17,96157391,17,91655837,BARBARAJODE@HOTMAIL.COM,,,
48472359000198,GHL CONTABILIDADE,11,53582001,,,VANESSA@CSTSOLUCOESEMPRESARIAIS.COM.BR,,,
48655654000180,GG CONSULTORIA EMPRESARIAL E CONTABILIDADE,11,66473595,0,0,CAMILAGUARDAVH@GMAIL.COM,,,
48657288000106,,11,20957711,,,GUIGA@GUIGACONTABIL.COM.BR,,,
48697560000173,BADU CONTABIL,11,20812063,,,BADUASSESSORIA@TERRA.COM.BR,,,
48790078000183,RBR SOFTICON,11,27299168,,,CONTABILIDADE@RBRSOFTICON.COM.BR,,,
48795179000147,RCONT ASSESSORIA CONTABIL,11,99550854,,,RCONT.RAFAELAGARCIA@GMAIL.COM,,,
48968046000125,THOME PERICIA CONTABIL,11,80484958,,,ERICA.THOMEPERICIA@GMAIL.COM,,,
49199469000190,PS CONT,11,67066044,0,0,PS.CONT2018@GMAIL.COM,,,
49214046000100,CONTACONTA CONTABILIDADE,11,62291271,,,CONTABILIDADE@CONTACONTA.COM.BR,,,
49719690000122,CONTABIL XAVIER,11,59318329,11,96461232,CONTABILXAVIER52@GMAIL.COM,,,
49780939000105,GREGORIO&VALLE CONTABILIDADE,11,31052543,0,0,DIEGOGREGORIO1997@GMAIL.COM,,,
49865203000130,HAUDE CONTABILIDADE,11,85558781,,,CONTABILIDADE@HAUDE.COM.BR,,,
49865216000109,NYCIA PESQUERO CONTABILIDADE,11,69016698,0,0,NYCIAPESQUERO@GMAIL.COM,,,
49915441000102,,11,29787698,11,71758732,RAMON.RODRIGUES@GRUPOSTT.COM,,,
49943800000135,ALVARO CAMASSARI CONSULTORIA CONDOMINIAL,11,82761454,11,18520085,ALVAROCAMASSARI@ACCC.COM.BR,,,
49945925000102,L&MM ASSESSORIA E CONSULTORIA CONTABIL,11,64911479,0,0,LUCCYY5@HOTMAIL.COM,,,
50048202000181,CONTABIL VINCI E BARAU ASSESSORIA EMPRESARIAL,11,36722805,,,CONTABIL@VINCIEBARAU.COM.BR,,,
50060488000110,KAIRES CONTABILIDADE,11,76251548,,,CONTATO@KAIRESCONSULTORIA.COM,,,
50149851000179,ARTHA CONTABILIDADE,11,99219974,11,73204835,DANIEL@ARTHACONTABILIDADE.COM,,,
50186762000100,BS&E CONSULTORIA,11,40298864,0,0,ROGERIO@BSECONSULTORIA.COM.BR,,,
50286926000163,JS.CONSULTORIA CONTABIL,11,40313286,0,0,JANAINASILVABARBOSA16@GMAIL.COM,,,
50616995000198,CONTABILIDADE PEDERSOLI,11,32294635,11,22923326,CLAUDIO@CONTABILIDADEPEDERSOLI.COM.BR,,,
50707712000113,,11,64029516,,,ELIO.CARUSO@DANELIPARTS.COM.BR,,,
50721244000131,OGFI CONTABILIDADE,11,36314900,,,GENESIS@OGFIGOVERNANCE.COM,,,
50724790000126,DWS ASSESSORIA EMPRESARIAL,11,69332569,,,DWS.ASSESSORIATECNICA@GMAIL.COM,,,
50787698000105,DRJCONTABIL CONSULTORIA E GERENCIAMENTO CONTABIL,11,17899709,,,DIEGODACOSTASOARES92@GMAIL.COM,,,
50861706000116,GRUPO OSC PAULISTANA,18,33243804,,,PARALEGALASSIS@OSCPAULISTANA.COM.BR,,,
51027751000132,DUMICONT,11,69297613,,,CLIENTE@DUMICONT.COM,,,
51103412000198,CARPEZ CONTABIL LTDA,11,39825984,,,CARPEZCONTABIL@HOTMAIL.COM,,,
51254470000112,EAZYCON ASSESSORIA E CONSULTORIA CONTABIL E FINANCEIRA,11,1,,,CONTATO@EAZYCON.COM.BR,,,
51298125000180,,11,46861999,0,0,SEUNOVOCONTADOR@GMAIL.COM,,,
51366782000118,W4U CONSULT,11,66450000,0,0,IVANMACARIO@GMAIL.COM,,,
51537455000181,,11,94795705,0,0,ADALTONALBERTINI@GMAIL.COM,,,
51546359000108,ANDREOLI CONTABIL,11,70984727,0,0,CELIASOUZA24@GMAIL.COM,,,
51569624000165,,11,84772320,,,GGONCALVES71.GGS@GMAIL.COM,,,
51621059000138,DILIGENCE CONTABIL,11,51314676,,,CONTABILCFCSP@GMAIL.COM,,,
51626260000108,BESIDE CONTABILIDADE,27,96412981,,,ELISCOUTINHO@GMAIL.COM,,,
51833613000140,TELOS R.A.F. CONTABIL,11,43382946,,,TELOSRAFCONTABOL@GMAIL.COM,,,
51900809000100,GOES & ASSOCIADOS,11,43560488,,,LIMASILVIAOLIVER@GMAIL.COM,,,
51911560000139,,11,38040254,0,0,CARLAPOSENER@HOTMAIL.COM,,,
51914128000100,M&S ACCOUNTING LTDA,11,85690864,0,0,MESSIASSILVA.MS@HOTMAIL.COM,,,
51944380000153,CONTROLE AGORA,11,55555555,,,CONTATO@GMAIL.COM,,,
51957731000160,,11,94769904,,,CRISTIANO.LEAO.CONTADOR@GMAIL.COM,,,
52092820000154,SENSES,11,78260326,,,COMERCIAL@SENSESCONSULTORIA.COM,,,
52191110000181,MJD SOLUCOES CONTABEIS,11,86306713,,,GERENCIA@MJDCONTABIL.COM.BR,,,
52421009000170,,11,83837512,,,TAMARAGTESTA@GMAIL.COM,,,
52346402000146,ESCRITORIO & CONSULTORIA CONTABIL LESSA,11,99999999,,,,,,
52676221000188,GFA CONTABILIDADE,11,63302114,0,0,SOUZAGCERQUEIRA@GMAIL.COM,,,
52834795000137,AGF ASSESSORIA CONTABIL E EMPRESARIAL,11,91382192,0,0,CONTATO@AGFASSESSORIA.COM.BR,,,
52905638000175,CSS INOVA,11,87538968,0,0,CINTIA_SANTOS.SILVA@HOTMAIL.COM,,,
52997802000111,LKS COMPANY,11,51097156,0,0,CONTATO@CONTABILIZANDOLUCROS.COM.BR,,,
53019163000182,KM SOLUCOES CONTABEIS,11,20230211,,,KLAUBER@KMCONTABEIS.COM,,,
53035554000190,CONSULTT CONTABIL E TERCEIRIZACAO LTDA,11,96180880,0,0,MUDASBOMGOSTO@GMAIL.COM,,,
53041389000180,TRIEMY C A F,11,96425121,,,TRIEMY@TRIEMY.COM.BR,,,
53044834000165,,11,81496243,,,SOPHIA.Z.MALUF@GMAIL.COM,,,
53072847000148,A&G LOURENCO CONTABILIDADE LTDA,11,91246141,0,0,GABRIELLOURENCOXAVIER@GMAIL.COM,,,
53107172000125,CARVALHO CONSULTORIA E PERICIA,11,70452653,0,0,RCARVALHO1301@GMAIL.COM,,,
53366600000134,,11,31061505,,,GUIMARAES@TARGETBPO.COM.BR,,,
53402238000100,,11,92030678,0,0,CLIENTES@CDIX.COM.BR,,,
53533809000145,CONTABILIDADE.VET,61,33397595,,,CONTATO@CONTABILIDADE.VET,,,
53611221000162,,11,50267010,,,CONTATO@TAX7.COM.BR,,,
53699493000166,,11,25018448,,,LEANDRO.ANTONIAZZI.CONTADOR@GMAIL.COM,,,
53732502000173,TATIANA VIANNA CONTABILIDADE,11,38002662,,,TATIVYANNA@GMAIL.COM,,,
53782772000199,RKITA CONTADORES ASSOCIADOS,11,35093590,,,CONTATO@RKITA.COM.BR,,,
53868340000103,ENERGCON ASSESSORIA CONTABIL,11,96090689,,,DAIANAVIEIRA.CONTABIL@GMAIL.COM,,,
53882087000134,COSMOS ADVISORS,11,55067067,,,CONTATO@COSMOSADVISORS.COM.BR,,,
53633108000188,,11,71155084,,,RTV_VICENTE@YAHOO.COM.BR,,,
54096057000165,,11,75378287,0,0,ADM07EFP@GMAIL.COM,,,
28818434000201,,44,32263417,,,CONTATO@CONNUTE.COM.BR,,,
54154374000190,CRONTABIL,91,93608142,,,HERALDO.A.FERREIRA@OUTLOOK.COM,,,
54270394000127,*****,11,22277226,,,BRAGANCACHICON@GMAIL.COM,,,
54289730000183,EFCONT,11,43025780,,,ERICSANTOS1967@GMAIL.COM,,,
54363447000154,RODRIGUES & MACEDO CONTABIL,11,55180564,,,RODRIGUESEMACEDO@GMAIL.COM,,,
54528908000100,CONTPRAGENTE,11,37359256,,,ATENDIMENTO@CONTPRAGENTE.COM.BR,,,
47087552000142,CONECT@BIL,21,80845171,,,BFFELIPE@ICLOUD.COM,,,
54565686000197,,41,98455201,,,CONTATO@TRIADEPRIME.COM,,,
54601064000177,,11,85571596,,,FAGCONTABILIDADEECONSULTORIA@GMAIL.COM,,,
54807740000163,,11,41275254,,,LOPESCONTABIL19@GMAIL.COM,,,
54827914000150,SICAM CONTABILIDADE,11,20617360,,,ATENDIMENTO@SICAMCONTABILIDADE.COM.BR,,,
55064918000196,V.M.S ASSESSORIA CONTABIL,11,50733288,11,50726996,GLAU.MVCB@GMAIL.COM,,,
53124200000112,PROCURATIO CONTABILIDADE,11,76007524,,,CONTATO@PROCURATIO.COM.BR,,,
55493794000164,ECG PARTICIPACOES E CONSULTORIA,86,94027755,0,0,ERISVALDAARAUJO@YAHOO.COM.BR,,,
55514150000105,SOLVER CONTABILIDADE E CONSULTORIA,11,61695958,0,0,NSCREMONEZI@HOTMAIL.COM,,,
55532044000154,CLF SOCIEDADE UNIPESSOAL DE CONTABILIDADE,11,69643105,11,96964310,CL200667@GMAIL.COM,,,
55561947000163,,11,41555604,,41555604,JAIROALMEIDAFRANCINO@GMAIL.COM,,,
24483579000230,SAVE CONTABILIDADE,11,37740953,,,CONTATO@SAVECONTABILIDADE.COM.BR,,,
55764196000182,JSS CONTABIL,11,84780916,0,0,MARCOS@JSSCONTABIL.COM.BR,,,
56183070000187,DEMODI LTDA,11,58416855,,,CONTABILIDADEGGD@GMAIL.COM,,,
56240148000158,SCALES CONTABIL,11,51180081,0,0,JAQUELINEROLEMBERG@GMAIL.COM,,,
56981159000199,OSTROWSKI CONTADORES,11,40170350,,,CONTATO@OSTROWSKI.CNT.BR,,,
57144806000170,CONTABILIDADE SAO BARTOLOMEU E SAO BENEDITO,11,92659865,,,OMARMAGALHAES@UOL.COM.BR,,,
57145929000126,,11,92014984,,,LEONAR_J@HOTMAIL.COM,,,
57183884000184,,14,81518626,0,0,JORGERODRIGUES.CTB@GMAIL.COM,,,
57202110000153,POSITIVA CONTABILIDADE,11,40292080,,,NATALIA@POSITIVAGESTAOCONTABIL.COM.BR,,,
57239653000145,CONTCAMI CONTABILIDADE DIGITAL,11,20890619,,,CONTATO@CONTCAMI.COM.BR,,,
57272386000108,AMT CONTABIL TRIBUTARIA,11,94538596,,,ADAUTOMT@YAHOO.COM.BR,,,
57319336000139,FOKUS ASSESSORIA,11,85906461,,,GILMARDIAS0@HOTMAIL.COM,,,
57454279000109,,11,94168636,,,CICELY.HUNG@GMAIL.COM,,,
57473094000133,PRESS CONSULTORIA E ASSESSORIA,11,79636372,11,70126436,CENTRALRVASSESSORIA@GMAIL.COM,,,
57734631000151,NITIA GESTAO CONTABIL E CONSULTORIA,47,99619125,,,THAYSEMARIANE@GMAIL.COM,,,
57903986000127,HUB DOS RESTAURANTES,11,95371048,,,SUELI@APOIOSEGURA.COM.BR,,,
57990820000195,,11,34375500,,,EXPEDIENTE@HEROSCONTABIL.COM.BR,,,
58035476000148,CONTABILIDADE GESTAO10 ASSESSORIA FISCAL,35,99511100,,,GESTAO10CONTABILIDADE@GMAIL.COM,,,
58051458000150,FATTIVO ASSESSORIA CONTABIL,11,54891768,,,BRAYSOARES@GMAIL.COM,,,
58248975000113,HERNANDEZ CONTABILIDADE,11,51181271,,,CARLA@HERNANDEZCONTABILIDADE.COM.BR,,,
58262876000196,BLACK CONTABIL,11,84576525,0,0,WAGMARCS@GMAIL.COM,,,
58274807000100,BORGES MENDES E PASSARETTE SERVICOS CONTABEIS,11,51149099,0,0,SIDNEI.PASSARETT@GMAIL.COM,,,
58333424000158,CONTABILIDADE WEISER LTDA,11,87637157,0,0,ANDERSONW920@GMAIL.COM,,,
58364663000175,CONSTRUBILIDADE,11,46293475,,,DIRETORIA@CONSTRUBILIDADE.COM.BR,,,
58551790000183,JOABE CONTADOR,11,41343129,0,0,JOABE.1986@HOTMAIL.COM,,,
58567039000175,,11,85522894,0,0,ANDREZA@ARTASSESSORIACONTABIL.COM.BR,,,
58631428000112,OXYM CONTABILIDADE E GESTAO EMPRESARIAL,19,99378715,,,ATENDIMENTO@OXYM.SOLUTIONS,,,
58654342000105,,11,64243717,,,CONTATO@AJTAX.COM.BR,,,
58944333000159,CONTFIS SERVICOS,11,76449237,,,BRSPCONTABFISCAL@CONTFIS.COM.BR,,,
58975066000187,ESCRITORIO DE CONTABILIDADE ATOS,12,91174299,,,CONTABILIDADEATOS.OLIVEIRA@GMAIL.COM,,,
59139759000100,DESBUROCRATIZEI,21,97280989,21,97280989,ALIS@DESBUROCRATIZEI.SRV.BR,,,
59143036000177,,11,65396044,,,ADRIANA.MICA65@GMAIL.COM,,,
59406452000110,MULTICONTADORES,67,98008545,,,CONTATO@MULTICONTADORES.COM.BR,,,
59573390000131,MA CONSULTORIA E CONTABILIDADE LTDA,11,62067267,,,MARY.MPF@BOL.COM.BR,,,
59581013000144,PJ ASSESSORIA,11,26888873,,,PJ@PJASSESSORIA.COM,,,
59693236000101,ASTERIX CONTABIL,11,73329050,,,CHAINALEXANDRE6@GMAIL.COM,,,
59765488000190,PAVANELLI,19,81465316,,,PEROL.PAVANELLI@GMAIL.COM,,,
59772241000100,EBDS ASSESSORIA CONTABIL,11,15168754,,,DENILSON_CONTADOR@YAHOO.COM.BR,,,
59459504000117,,11,82618401,,,COSTA.LUIZG@GMAIL.COM,,,
59961800000111,GLENECA SERVICOS DE CONTABILIDADE,11,96935679,,,EGLCARLOS1518@GMAIL.COM,,,
59965606000104,AGILLECONT CONSULTORIA,11,97618200,11,97618200,FMOMARTINS@MSN.COM,,,
60051057000141,,11,97653273,,,PINGCONT@GMAIL.COM,,,
60088637000103,,11,31492279,,,PARALEGAL1@AVALIACONTABILIDADE.COM.BR,,,
60120635000154,LCM SOLUCOES CONTABEIS E TECNOLOGIA,11,87771713,,,CONTATO@LCMSOLUCOES.COM.BR,,,
60172979000107,GALEC CONTABILIDADE,11,80434723,,,ENRIQUESANTANA.OLIVEIRA@YAHOO.COM.BR,,,
60299876000102,,11,16023120,,,PASQUALESENACONTABIL@GMAIL.COM,,,
60310936000140,LS CONTABILIDADE,11,98167806,,,LUCAS.SANTOS1906@OUTLOOK.COM,,,
54991225000186,CF ZIMMO UNIDADE VILA PRUDENTE,11,88095851,,,GISELA.SANTANA.ALVES@GMAIL.COM,,,
60429281000124,,65,99596589,,,JULIANA@GTADVISING.COM,,,
60596974000101,ALMEIDA'S CONTABILIDADE,11,40301617,,,ALMEIDASCONT@OUTLOOK.PT,,,
60726342000115,CSC ACCOUNTING,14,33245927,,,LEANDRO@ESCRITORIOEXATAS.COM.BR,,,
52170920000151,CONTACUBO,11,51721223,,,JPPL1993@GMAIL.COM,,,
60950514000130,GUARD GESTAO,19,91906574,,,GUARDGESTAO@GMAIL.COM,,,
61062829000103,,11,92003475,,,MEUCNPJ@ACCOUNTTECH.COM.BR,,,
61080944000100,BITCONT,11,78062882,11,78062882,AMBORGESVINICIUS@GMAIUL.COM,,,
61101761000124,TRENTA BPO LTDA,11,38812121,,,SOCIETARIO@AFALAW.COM.BR,,,
61118833000146,MEDCALCULO,11,88326852,,,MEDCALCULO@MEDCALCULO.COM.BR,,,
61177232000104,ON LINE RUDAO CONTABIL,11,39172412,11,39173281,RUDIJORGE@HOTMAIL.COM,,,
61177500000198,R & S CONTABILIDADE,11,48281926,,,R.SCONTABI@GMAIL.COM,,,
61289858000102,,11,67429377,11,67429377,RODRIGO2.IYF@GMAIL.COM,,,
61325618000116,FINAX CONTADORES ASSOCIADOS LTDA,11,83700788,11,83700788,FALADEDINHEIRO@GMAIL.COM,,,
61678167000109,TSP SOLUCOES CONTABEIS,13,97402207,,,THIPEREIRA22@GMAIL.COM,,,
61841285000188,,11,37725331,,,JFSCARPIN@UOL.COM.BR,,,
61891434000113,SFERA FAST CONTABILIDADE,11,11111111,,,FLAVIA.FEMAX@GMAIL.COM,,,
46719939000101,,11,26962100,,,KAREN@TOYOSHIMA.COM.BR,,,
47782953000112,WS ASSESSORIA CONTABIL,11,48466099,,,WS@WSASSESSORIACONTABIL.NET.BR,,,
45928845000180,AQCONTABIL DIGITAL,11,51967911,,,FALECOM@AQCONTABIL.COM.BR,,,
48606668000103,CHANGE CONTABILIDADE,11,90143984,,,CONTATO@CHANGECONTABILIDADE.COM.BR,,,
53925117000142,,11,56672655,11,56673289,EDVANIAPS@UOL.COM.BR,,,
56386794000128,CONT-ABC SERVICOS CONTABEIS,11,92769969,0,0,ROGERIOFG.CTB@OUTLOOK.COM,,,
57194860000120,MOPCONT,11,68481000,0,0,EDUNZPRO@GMAIL.COM,,,
53099788000100,BRAICONT,11,42439077,,,ESTEVAO.BRAIDO@VIEIRAESOUZA.COM.BR,,,
54909714000146,EG7 CONTABIL,11,43778551,,,EDU_GUERREIRO@HOTMAIL.COM,,,
54379370000100,SOLUTIONLINE ASSESSORIA CONTABIL E EMPRESARIAL LTDA,11,27876204,,,CONTATO@SOLUTIONLINE.COM.BR,,,
50711770000110,PRICECON ASSOCIADOS,11,50710797,,,PRICECON@PRICECON.COM.BR,,,
51807700000123,EFS CONTABILIDADE,11,73492057,11,17157202,ATENDIMENTO@EFSCONTABILIDADE.COM.BR,,,
47350556000171,BIT CONTABILIDADE,11,30108930,,,BITCONTABILIDADE@GMAIL.COM,,,
48497027000168,DRS CONSULTORIA,11,81448383,,,DEIVYSON.COACH@GMAIL.COM,,,
57357137000115,SJL ADMINISTRACAO,11,63151740,,,CONTABILIDADE@KONTUAASSESSORIA.COM,,,
62235631000147,ACRIVIA CONTABILIDADE,11,33957676,,,JACKSON_FSANTOS@HOTMAIL.COM,,,
62282720000144,GARCIA & CARVALHO CONTABILIDADE,11,60762253,11,60762253,CONTABIL.MARIACARVALHO@GMAIL.COM,,,
62285634000195,G.U CONTABILIDADE E CONSULTORIA LTDA,61,35321435,61,99455674,CONTABILIDADE@UGESTOR.COM.BR,,,
62454223000186,,11,28136262,,,PARALEGAL.GRUPO@GMAIL.COM,,,
62550784000189,DECIMAL CONTABILIDADE,11,43372351,11,43372351,MANTOANMARCELO@GMAIL.COM,,,
62576025000195,RQUINTAO CONTABILIDADE,11,71541687,11,55663478,R_QUINTAO@IG.COM.BR,,,
62585145000159,SLTCONSULT TRIBUTARIO LTDA.,11,25006140,,,LEGALIZA@SLTCONSULT.COM.BR,,,
62758890000152,,81,32260233,,,JANAINA@CAPITALIZECONSULTORES.COM.BR,,,
62906735000136,,11,76970474,11,76970474,FAROASSESSORIACONTABIL@GMAIL.COM,,,
62945387000106,SPERTAX,11,81418582,11,81418582,MARCUS.SPERANDIO@UOL.COM.BR,,,
63008047000111,,11,71664868,,,LANA.GESTAOCONTABIL@GMAIL.COM,,,
63008753000163,DELUCAS CONTABILIDADE,11,51810007,,,ROBERTA.LUCAS@DELUCASCONTABILIDADE.COM.BR,,,
63092368000147,,11,83899551,,,ALEX@BPOSOLUCOES.COM,,,
63135897000180,GAMA ACCOUNTING,11,31056949,,,GBATISTA@EPCON.COM.BR,,,
63186081000186,,11,73138555,11,73138555,DHIEGOBS@YAHOO.COM.BR,,,
63256605000168,CARPANI CONTABILIDADE,11,71180601,11,41587779,THIAGOCARPANI1@GMAIL.COM,,,
63571750000133,CONTABINEX,71,99601370,,,PEDRO@GWLCONSULTORIA.COM.BR,,,
63599802000180,S&ABREU CONTABILIDADE,11,99712976,,,SEABREU@TERRA.COM.BR,,,
63656150000178,,11,33702706,,,BRUNO-NOVA@BOL.COM.BR,,,
63678548000105,XML CONTABILIDADE,11,52395901,,,SP@XMLC.COM.BR,,,
63903626000128,FISCONTASP,11,26679472,,,DIEGO@FISCONTASP.COM.BR,,,
63922460000197,ALFA CONTABIL,11,13719852,11,58165720,ALDO.SW@GMAIL.COM,,,
63939008000138,E-CONT ASSESSORIA E CONSULTORIA LTDA,11,32938969,11,32938969,EVERTOUALMEIDA@GMAIL.COM,,,
64137041000107,,11,75325743,11,75325743,GABRIELGASKO@GMAIL.COM,,,
64147783000113,SANTOS DINIZ CONSULTORIA CONTABIL,11,32254117,,,ATENDIMENTO@SANTOSDINIZCONTABIL.COM.BR,,,
64170953000180,,11,32921600,,,DIRETORIA@CONTABILNELMA.COM.BR,,,
64221475000190,,11,60822532,11,60822532,ERICSMONT@HOTMAIL.COM,,,
64347350000101,CONTECH CONTABILIDADE,11,10607913,,,CONTECHCONTABILIDADE2024@GMAIL.COM,,,
64364054000119,,11,26190771,,,ADRIANA@LAMCONTABILIDADE.COM.BR,,,
64482670000174,,11,98096372,11,98096372,FABIOMUSSER@GMAIL.COM,,,
64581324000143,,11,98235486,11,98235480,PARAGUASSU.MARQUES@GMAIL.COM,,,
64635920000169,GRUPO VINCENT,11,55904488,,,MAGRINI@MAGRINICONSULTOR.COM,,,
64791850000138,BMT,11,76977998,11,76977998,LG.BMTEIXEIRA@GMAIL.COM,,,
64900410000171,,11,84604379,11,84604379,AGUIACONTABIL@IG.COM.BR,,,
64949996000169,GRUPO 3F & JMC,11,95818236,11,76764283,GRUPO.3FJMC@GMAIL.COM,,,
65038534000152,WORK CONTABILIDADE,11,87217388,,,WORKCONTABILIDADE26@GMAIL.COM,,,
65392122000116,NITOLO CONTABILIDADE & SOLUCOES EMPRESARIAIS,11,91593571,,,CONTATO@NITOLOCONTABILIDADE.COM.BR,,,
65571526000177,,11,99999999,,,SINGLE.CONT@GMAIL.COM,,,
65667036000179,RADOSKI CONSULTORIA CONTABIL,11,30535566,,,THO_HRADOSKI@HOTMAIL.COM,,,
62346245000122,,11,40850412,,,CONTATO@GRUPOFECON.COM.BR,,,
65916031000132,BAS II CONSULTORIA FINANCEIRA,11,41394585,11,,CONTATO@SSCONSULTORIACONTABIL.COM.BR,,,
65919385000130,MV FREITAS CONTABIL,11,45655150,,,MARICOSTA2605@GMAIL.COM,,,
65923742000134,FORHEALTH,11,93902772,,,FINANCEIRO@AFORMULABRASIL.COM.BR,,,
65931221000129,,11,92251197,,,ARTMATOSMOREIRA@GMAIL.COM,,,
65965643000115,COUNTIF,11,40852286,11,94085228,LORENA.ROCHA@COUNTIF.COM.BR,,,
65981346000163,,11,31251060,,,VALCE@MSAUDIT.COM.BR,,,
66087640000199,ATRATIVA CONTABILIDADE,11,31361707,,,LEGAL@ATRATIVACONTABILIDADE.COM.BR,,,
66118028000136,SANTIEGO CONTABILIDADE,11,39026303,11,21444878,RODRIGO.SANTIEGO@GMAIL.COM,,,
12543901000290,DIAS & DIAS CONTABILIDADE PARA O 3 SETOR,11,23070755,,,JURIDICOCONTABILIDADE@GRUPODIASBRASIL.COM.BR,,,
66436187000189,ALIVE CONTABILIDADE,11,77320426,,,EROCHA777@HOTMAIL.COM,,,
66686822000186,,11,37290513,,,LEGALIZACAO@SOUSERAC.COM,,,
66782437000132,,11,49799047,,,L.MAGALHAESDESOUZA90@GMAIL.COM,,,
67202644000133,AUDITUS PARTNERS ASSESSORIA EMPRESARIAL,11,22251561,,,SOUZATEC@SOUZATEC.COM.BR,,,
67260622000120,ORIZZON CONTABIL,11,34254760,11,34254760,CAMILA_LSTC@HOTMAIL.COM,,,
67523322000196,HOME START CONT,11,11111111,,,RELACIONAMENTO@HOMESTARTCONTABILIDADE.COM,,,
67536396000167,,11,89607804,,,CONTABILIDADEDSLTDA@GMAIL.COM,,,
67560055000127,FS SOLUCOES CONTABEIS,11,47123698,,,LETICIAFSCONTABEIS@GMAIL.COM,,,
67672353000109,,11,54611586,,,IMBRAVA@IMBRAVA.COM.BR,,,
67824160000126,NB CONTABILIDADE,11,91547208,11,91547208,NB.CONTABILIDADE01@GMAIL.COM,,,
67859265000110,HERIKA ARTEN CONTADORA,11,77314924,11,77314924,CONTATO@HERIKAARTENCONTADORA.COM.BR,,,
51191464000244,GASPAR CREMASCO CONTABILIDADE,11,75856092,,,CONTABILIDADE@PEZZUOL.COM.BR,,,
68039990000105,,11,65140624,,,LBATISTA@TAXINFIS.COM.BR,,,
68061280000181,CONT SOLUCOES,11,86449819,,,MACEDOEDERSON1231@GMAIL.COM,,,
68161450000108,V&V CONTABILIDADE,11,55552020,11,87185904,ANDYVASCONCELOS80@GMAIL.COM,,,
68165368000143,,11,30712124,,,TISABELA073@GMAIL.COM,,,
68169233000156,,11,57056005,11,57056005,LUISM_RODRIGUES@LIVE.COM,,,
68375197000187,TRX INTELIGENCIA CONTABIL E TRIBUTARIA,11,42437446,,,CONTATO@F7CONTADORES.COM.BR,,,
68385499000136,CPA CONTABILIDADE PERICIA AUDITORIA,11,29428845,11,29429840,CPACONTABILIDADEAP@HOTMAIL.COM,,,
68442254000101,OW CONTABILIDADE,11,35364417,,,OW-CONTABILIDADE@HOTMAIL.COM,,,
2925390000136,SAO JUDAS,11,20200240,,,PACIFICO@GRUPOSAOJUDAS.COM.BR,,,
4946108000122,SOLUCONT,11,55650877,,,,,,
3332990000153,MARCOS & MARCOS CONTABILIDADE,11,26386997,11,26386994,MARCOS@MARCOSEMARCOSCONTABILIDADE.COM.BR,,,
35193000116,,11,51835063,11,51826605,RELACIONAMENTO@IGCPCONTABILIDADE.COM.BR,,,
90477000105,CONTABILIDADE PAULISTA,11,35026600,,,ELIZABETE@CONTPAULISTA.COM.BR,,,
1720700000113,MARFIN - ORGANIZACAO CONTABIL,11,39049449,,,MARFINCONTABIL@UOL.COM.BR,,,
103188000101,GRANADO,11,31237700,,,DIRETORIA@GRANADOCONSULTORIA.COM.BR,,,
1733956000165,,11,31515614,,,MTM@MTMASSESSORIACONTABIL.COM.BR,,,
120502000156,,11,42217038,,,,,,
5062836000134,,11,32663596,,,RUBENS.COSTA@BRAINCAPITAL.COM.BR,,,
5080046000181,,11,28434646,,,emenezes@firmaconsultoria.com.br,,,
5092659000139,,11,26513100,11,26511196,NOVA.CONQUISTA@UOL.COM.BR,,,
5111857000100,DELOITTE OPERATE SERVICES,11,51861000,,,CONTABFISCAL@DELOITTE.COM,,,
5130015000198,,11,32231087,,,bouassi@uol.com.br,,,
3497101000108,,11,20994679,,,JOAOCARLOS@BROCCOENUCCI.COM.BR,,,
1915015000142,,,,,,,,,
3589811000168,ENTERPRISE CONTABILIDADE,11,50932052,11,69075897,legal@enterprisecontabil.com.br,,,
96479324000123,,11,32778737,,,,,,
96512280000196,EBENEZER,,,,,,,,
5310323000103,,11,50830326,,,VLC@VLCCONSULTORES.COM.BR,,,
3645588000129,JMF,11,35303656,,,JUAREZ@JMFCONTABIL.COM.BR,,,
356614000100,CONTMIR,0,0,,,CONTMIR@MIRCONTABIL.COM.BR,,,
3662200000106,,11,31058147,,,toshio@ruralsp.com.br,,,
1983284000146,CONTHABIL CONTABILIDADE,11,55413222,11,93939368,CONTATO@CONTHABILSOARES.COM.BR,,,
383434000118,,11,2171928,,,,,,
3690154000140,,,,,,,,,
3701874000164,,11,55051102,,,MJMELO@TERRA.COM.BR,,,
3712968000139,MC CONTABILIDADE,11,22089880,,,MIGUEL.MENDES@MCMAIS.NET.BR,,,
2030944000137,PLENTY,11,2927730,,,,,,
418465000167,,11,35648648,,,SITE@GUIANCONTABILIDADE.COM.BR,,,
5398545000111,CASTRO E SILVA CONTABILIDADE,11,36236224,11,36224687,LUIS.LFCONTABIL@UOL.COM.BR,,,
2130364000111,ASS CONTABIL,11,50630391,,,,,,
2156322000150,,11,6843923,,,,,,
2159736000132,,11,55612230,,,MSSP@MSBRASIL.COM.BR,,,
5511932000112,,11,31015833,11,31066231,CSIMOESBR@HOTMAIL.COM,,,
2183728000121,,11,5723962,,,,,,
2184848000143,,11,37989070,11,37989071,,,,
598306000191,JCG CONTABIL,11,26062051,11,26043274,JCGUILHERME@UOL.COM.BR,,,
3927802000130,,11,38256161,,,manunta@uol.com.br,,,
5614992000160,GRUPO FOCAL POINT,11,32076166,11,32074780,FCAIRES@GRUPOFOCALPOINT.COM.BR,,,
5625419000152,,11,50695610,11,50119997,DECIO@DSHCONTABIL.COM.BR,,,
5636856000171,,11,30474920,,,KMAX@KMAX.COM.BR,,,
5640998000102,CALDO ASSESSORIA,11,36705910,,,CALDO@CALDOASSESSORIA.COM.BR,,,
2291619000128,,11,38742211,11,38722211,PROCESSA@PROCESSANET.COM.BR,,,
2303630000160,,11,29595665,,,,,,
4032802000134,,11,31043005,,,ronaldo@nrcsc.com.br,,,
5704643000130,GM - ASSESSORIA CONTABIL,11,22165966,11,34765966,GM_CONTABIL@HOTMAIL.COM,,,
5758444000104,,11,25777069,,,RVCONT@RVCONT.COM.BR,,,
2443715000144,,,,,,,,,
2474460000187,,11,34596995,11,34596998,ASCENT@ASCENTSERV.COM.BR,,,
4196589000104,CONTA CERTA CONTABILIDADE,11,39157650,,,SIMONE.ADM@CONTABILIDADEMARTINS.COM.BR,,,
859806000130,,11,27838180,11,27838180,nikkeycontabil@nikkeycontabil.com.br,,,
4259638000100,,11,37294838,,,CARMINATO@CARMINATOASSOCIADOS.COM.BR,,,
4319105000169,SERV-TEC SERV.,11,38141903,,,serviteccontabil@ig.com.br,,,
978116000108,,11,66735089,,,,,,
986476000143,,11,31043229,,,EMPYREO@UOL.COM.BR,,,
4349153000108,,11,30502828,,,YFROMONT@GORIOUX.COM.BR,,,
2620997000108,DYNAMIC'S,11,43277082,,,CONTATO@DYNAMICSCONTABILIDADE.COM.BR,,,
6035578000160,CONTABIL OURO,11,32272894,11,32272894,contabilouro@uol.com.br,,,
4374227000158,OGTC,11,25741518,,,MARCOS.EXPOSITOR@GMAIL.COM,,,
4389944000153,PRO CONTROL,11,50786977,,,procontrolctb@procontrolctb.com.br,,,
1038665000157,,11,33261818,,,CONTATO@OPCAOCONTABIL.COM.BR,,,
2674386000142,,,,,,,,,
1078660000158,PLANTCONT ASSESSORIA CONTABIL LTDA,11,23358157,,,MAURO@PLANTCONT.COM.BR,,,
1083308000100,,11,55136670,11,95459121,LEKIP@TERRA.COM.BR,,,
55294961000148,,11,37973455,,,FISCAL@MARCAM.COM.BR,,,
2738328000135,NACEF - ASPIRAL CONTABILIDADE,11,32054123,,,PARALEGAL@CLIENTECONTABIL.COM.BR,,,
4493712000140,,11,69493218,,,spezzotto@uol.com.br,,,
1133460000150,BRISAN CONSULTORIA EMPRESARIAL,11,32555311,,,info@brisan.com.br,,,
55759328000188,,,,,,,,,
55801609000151,,11,36448312,,,crusso@crusso.com.br,,,
55945380000129,PLANUS,11,2676028,,,,,,
56092497000170,,,,,,,,,
56322613000108,CONTEMP ASSESSORIA CONTABIL,,,,,,,,
6272292000106,,11,55310782,,,DIRECAOCONTABILIDADE@UOL.COM.BR,,,
4597025000175,CONSULT OUTSOURCING,11,36667101,,,JOAOPEDRO@CONSULTSP.COM.BR,,,
56588544000170,ERGON CONSULTORIA,11,55116754,,,JONAS@ERGONEMPRESAS.COM.BR,,,
56808744000191,NOVO RUMO SERVICOS CONTABEIS,11,32572077,11,32572077,novorumocontabil@uol.com.br,,,
56860786000171,ORGON SERVICOS CONTABEIS,11,69096385,,,orgoncalves@terra.com.br,,,
2871707000107,,11,81422031,,,CLAUDIO@CASECONTABIL.COM.BR,,,
6793858000137,,11,37737319,,,,,,
2881609000142,,11,99129509,,,SLIMA1306@YAHOO.COM.BR,,,
57063158000128,,,,,,,,,
57064255000135,,11,31063544,11,31041495,ASAHICONTABIL@GLOBO.COM,,,
2894753000113,,,,,,,,,
7827401000169,,11,82759844,,,smiletic@uol.com.br,,,
4671166000190,,11,32566377,,,PROFIC@PROFIC.COM.BR,,,
4688953000145,,11,56619950,,,JAIME@JLCCONSULTORIA.COM.BR,,,
2941242000105,RUMAR CONTABILIDADE,11,39171256,11,39170531,CONTATO@RUMARCONTABILIDADE.COM.BR,,,
6879358000112,,11,55480537,,,jmmoura@jmmoura.com.br,,,
1329728000124,,,,,,,,,
2956561000194,,11,32580944,11,32580755,CRF@CRFCONTABILIDADE.COM.BR,,,
2971808000141,,11,2632590,,,,,,
58101692000144,,11,33130408,,,expediente@contfisco.com.br,,,
58117433000101,,11,34885800,11,34885800,pizii@terracom.br,,,
58405176000103,ASSECONT CONTABILIDADE,11,38729022,,,valmir@assecont.com.br,,,
58411133000130,,11,32572511,,,,,,
1396163000106,,,,,,,,,
4814773000162,,11,35672300,,,LAGE@LAGE.COM.BR,,,
1424895000154,,11,29785828,,,RHOGANWEB@RHOGAN.COM.BR,,,
1425017000153,MAV CONTABIL,,,,,,,,
7007831000134,MERCURIUSS,11,25783568,,,DIRETORIA@MERCURIUSS.COM.BR,,,
4838367000130,,11,20639197,,,ACTIVE@ACTIVECONSULTORIA.COM.BR,,,
58922105000188,,11,35649660,11,35649662,HILTON@CONSULTHR.COM.BR,,,
58929159000175,,11,31205101,11,31205099,OCDCONT@OCDCONT.COM.BR,,,
73461899000202,G & C CONTABIL,11,2294495,,,GIC@GICCONTABIL.COM.BR,,,
7018816000191,,11,32293027,11,32294035,GILSON@CBRASILCONTABILIDADE.COM.BR,,,
3084307000106,AC- ASSESSORIA CONTABIL,11,50319905,,,GERISVALDO@ALMEIDAECOSTAAC.COM.BR,,,
7040262000129,PONTEVEDRA,11,36375354,,,PONTEVEDRA.SP@HOTMAIL.COM,,,
4864697000108,,11,20128200,11,20130701,LUIZAASSESSORIA@UOL.COM.BR,,,
4870593000106,,,,,,,,,
1464991000126,,11,26675086,,,CONTABILIDADE@BECHTOLD.COM.BR,,,
1484486000143,RJA CONTABIL,11,20242020,,,RJA@RJACONTABIL.COM.BR,,,
59575266000105,,,,,,,,,
4907126000103,RHPAY,11,22830229,,,CONTROLADORIA@RHPAY.COM.BR,,,
59583633000112,,11,38423732,,,,,,
7095256000179,COPLA CONTABILIDADE,11,37727565,11,37724823,COPLA@UOL.COM.BR,,,
59829820000133,,11,37211660,11,37213076,bemarcontabil@terra.com.br,,,
1522052000190,,11,20917200,11,20917270,SPAVELINO@SPAVELINO.COM.BR,,,
59941831000100,,,,,,,,,
59956466000108,,11,59297090,,,CONTATO@ESPELHA.COM.BR,,,
7185756000100,DAMIANI,11,36761301,11,36761308,damianicontabil@globo.com,,,
60553740000187,SETECO CONSULTORIA CONTABIL,11,35003500,,,FINANCEIRO@SETECO.COM.BR,,,
60811320000153,,11,38419532,,,OLIVIA@OLBI.COM.BR,,,
60884988000120,,,,,,,,,
3253175000107,,11,51814222,,,,,,
61091765000179,SEUCONTADOR.COM.VC,,,,,,,,
61191706000172,,11,55815692,,,,,,
61192183000189,,,,,,,,,
61197901000100,,11,31055977,11,31070963,SCONTATO@UOL.COM.BR,,,
1635873000133,GALUCCI & ASSOCIADOS,11,55065844,11,55065844,NAZARE.LEAL@GALUCCI.SRV.BR,,,
61363362000131,,11,38571094,,,ENEOENE@UOL.COM.BR,,,
43035997000128,,11,22151913,11,22159896,ADM@ACIOL.COM.BR,,,
61427290000149,,,,,,,,,
61518155000109,ECS,11,69182322,11,69102803,escritorio.silex@terra.com.br,,,
61572467000109,,11,36660872,11,36674256,CENGECNT@TERRA.COM.BR,,,
61603965000163,,,,,,,,,
43284660000154,OCAM CONTABIL,11,39751433,,,OCAM@OCAM.COM.BR,,,
43348341000165,,11,38852053,11,38854952,REFISCO@UOL.COM.BR,,,
43366277000145,,,,,,,,,
61714705000165,,11,20654400,,,SALVADOR@FINANCIALCONTABIL.COM.BR,,,
61769923000105,,11,26092893,,,RAQUEL@JRARESENDE.COM,,,
61856373000153,,11,69188127,,,,,,
43631423000112,,11,32297033,,,LEGAL@SOLIDCONTABILIDADE.COM.BR,,,
43774728000183,,,,,,,,,
62056544000122,,11,32552911,,,GERSON@SOCIEX.COM.BR,,,
43985795000147,SPDC II CONTABIL,11,36618500,,,,,,
44023828000130,,11,31742000,,,,,,
44025088000171,,11,37401687,,,contato@modulocontabil.com.br,,,
62274386000187,,11,69180788,,,,,,
62279021000145,KANAAN,11,38152153,,,BRUNO@KANAAN.COM.BR,,,
62398037000177,,11,30310354,11,33687843,ADM@ORGMONTEALTO.COM.BR,,,
62570791000142,,11,33350224,,,CONTATO@SHOGOHIRATA.COM.BR,,,
62574900000108,,,,,,,,,
62955976000175,,,,,,,,,
45298205000133,,11,55896735,,,contabil2001@uol.com.br,,,
45348083000142,COLOMBO,,,,,,,,
45873668000181,,11,36734855,,,ASTECA@ASTECAINFORMA.COM.BR,,,
46535753000100,RAJA,11,28131732,,,RAJA@RAJA.COM.BR,,,
64045164000118,,,,,,,,,
64049125000199,,,,,,,,,
64186513000111,,11,33331073,,,,,,
47434220000197,,,,,,,,,
64726268000198,GRUPO HJ,11,26068585,,,ALESSANDRA@GRUPOHJ.COM.BR,,,
64913536000180,POIKETIK,,,,,,,,
64916729000195,,11,56310748,11,56310307,topcont@uol.com.br,,,
65085862000100,,,,,,,,,
48573133000183,,,,,,,,,
65507642000127,,11,61427555,,,,,,
65527012000114,,11,25033620,,,horeb@click121.com.br,,,
65528192000159,,,,,,,,,
48778187000185,,11,50803300,50,803310,ALEXANDRE@NKCONTABILIDADE.COM.BR,,,
48779896000185,,11,32579209,,,adinter@terra.com.br,,,
48909923000197,,,,,,,,,
65888356000159,,11,20144040,,,abertura@contabcsm.com.br,,,
66056755000116,,11,55993424,11,55993333,PROGETTICONTABIL@GMAIL.COM,,,
66059783000197,,,,,,,,,
66512781000101,,11,26391171,,,CARVALHO@CONTABILAMJ.COM.BR,,,
66662305000177,,11,38857997,,,PAULO@CONTABILJARDINS.COM.BR,,,
66863390000131,,11,56672157,,,,,,
67007393000136,,11,30712434,,,FGGA@UOL.COM.BR,,,
67009266000176,,11,20972202,,,ISAIAS@FICOCONTADORES.COM.BR,,,
67141440000130,,11,30793022,,,DOUGLAS@TRIADE-AUDITORES.COM.BR,,,
50536234000126,,,,,,,,,
67643882000184,,11,32590099,11,39748243,virtu@virtu.com.br,,,
67831123000145,DEBACCO-CONTABILIDADE,11,99836189,,,JDEBACCO@OUTLOOK.COM,,,
67979757000140,,11,38844371,,,GERAU@TERRA.COM.BR,,,
68470814000123,,,,,,,,,
68479427000158,,11,29572219,11,99484070,piramide@amcham.com.br,,,
7705118000164,AEON CONTABIL,11,38121193,,,DIRETORIA@AEONCONTABIL.SRV.BR,,,
52169901000105,,,,,,,,,
69123065000120,CONTABIL REITEC,,,,,,,,
69133106000160,,11,39662341,11,39668456,DRCONTAB@DRCONTAB.COM.BR,,,
52805033000102,,11,55644059,11,55639108,ficson@fiscon.com.br,,,
52944915000159,,11,33856300,,,NAILA@ECB.COM.BR,,,
53756441000184,,11,32772015,11,32729468,OCM@CONTABILIDADEMAELARO.COM.BR,,,
54636766000196,,11,20200310,,,HELENA.BARBATO@ABGALHA.COM.BR,,,
72817901000181,AMAZON ASSESSORIA,11,35011008,11,76759998,AMAZCONT@AMAZCONT.CNT.BR,,,
73002503000170,,11,2669447,,,,,,
7445603000146,,11,55238807,11,55243329,ADILSON@ADGUERRA.COM.BR,,,
7466364000100,,11,38755060,,,lidima.pericias@terra.com.br,,,
50057009000107,,11,8471204,,,,,,
51769503000167,,11,56320747,,,,,,
7718848000108,BPO AUDITORIA E CONTABILIDADE,11,98559100,,,BPO@BPO.TEC.BR,,,
7760429000126,SANFRA CONTABILIDADE,11,50612670,11,23341313,FRANCISCO@SANFRACONTABILIDADE.COM.BR,,,
7792181000185,GRUPO ESCRITA - CONSULTORIA,11,33382220,11,33335154,info@portalescrita.com.br,,,
7793053000156,TRES ASSESSORIA E CONSULTORIA EMPRESARIAL,11,50844943,,,TELMAESPINOSA@TRESASSESSORIA.COM.BR,,,
7806430000144,,11,50414322,,,crcguido@terra.com.br,,,
7880277000103,DIFERENCIAL SOLUCOES EMPRESARIAIS,11,55733370,,,LEGALIZACAO@DIFERENCIALCONTABIL.COM.BR,,,
7880620000101,PHASE SERVICOS DE ESCRITORIO S/S. LTDA - ME,11,22614107,11,22037569,renatoecg@terra.com.br,,,
53686903000134,,11,33846431,,,NGEA@NGEA.COM.BR,,,
7895800000167,A2 OFFICE,11,20952088,,,contador@a2office.com.br,,,
7900556000183,A REGINALDO CONSULTORIA,11,69625837,11,61174864,adaoreginaldo@ig.com.br,,,
7914923000106,,11,29144107,,,RAFAEL@MAXIQUALY.COM.BR,,,
8033379000148,VEC LUMEN,11,22745823,11,22738933,francisco_ferreira@contabilista-sp.com.br,,,
8100774000104,,11,33720066,,,PARALEGAL@CONTACOM.COM.BR,,,
5442179000150,MASINI & COSMOS,11,38224191,11,38224269,MEC@MASINICOSMOS.COM.BR,,,
4006943000182,,11,91213040,,,LUCIANO@SEFAFRAN.COM.BR,,,
4160302000188,DINAMICS,11,29776922,11,29776922,fernandosr@bighost.com.br,,,
4339608000104,CASE ASSESSORIA CONTABIL,11,31016698,,,CASECONTABIL@UOL.COM.BR,,,
4552431000111,SERLID ASSESSORIA CONTABIL,11,20918352,,,,,,
1212708000179,,11,61020320,11,61041577,mfc.contabil@uol.com.br,,,
4140391000109,SIX ADVISER,11,31295967,11,31294484,alexviana@sixadviser.com.br,,,
7049713000199,FONTE TRIBUTARIA E CONTABIL LTDA,11,38256565,,,FONTE@FONTETRIBUTARIA.COM.BR,,,
66867110000163,,11,31297565,11,31297548,adservicos@linkbr.com.br,,,
4670124000135,L & A ASSESSORIA CONTABIL,11,29194473,,,lourival.manaca@terra.com.br,,,
3236315000120,MARTINS CONTABILIDADE,11,36251591,11,36226785,martins@martinscontabilidade.com.br,,,
3297239000163,,11,32572300,11,32572200,SOCIETARIO@HEINZ-ARTHUR.COM.BR,,,
57814733000187,,11,25970707,,,CONTATO@LAPACONTABIL.COM.BR,,,
7273905000184,,11,20283021,11,29655343,jailson@jmonteirocontabil.com.br,,,
5456057000113,,,,,,,,,
1367996000130,,11,38331400,,,ROGERSCONTABILIDADE@TERRA.COM.BR,,,
61569265000108,,11,55714601,11,55755036,LUGERCON@LUGERCON.COM.BR,,,
67641183000103,,,,,,,,,
52634714000155,,11,38454940,11,38464846,KATIABARROCHELLO@HOTMAIL.COM,,,
5832049000124,R.ROYO,11,32625042,,,LEGAL1@RROYO.COM.BR,,,
62284203000104,,,,,,,,,
7735207000153,CONTPIX,11,55180083,,,CONTATO@CONTPIX.COM.BR,,,
2967322000130,,11,26946943,,,CONTATOSOLUCOESCONTABIL@GMAIL.COM,,,
7486581000162,G G ASSESSORIA,11,50314110,,,GERMANO@GGACONTABIL.COM.BR,,,
5030824000128,,11,50892600,,,JURIDICO@CADIS.COM.BR,,,
379186000131,JUSCON,11,23430000,,,PROCESSOS@JUSCON.COM.BR,,,
2442191000177,ODYL RAMOS CONTABILIDADE,11,26972090,11,26935651,ODYLRAMOS@UOL.COM.BR,,,
4272582000116,,,,,,,,,
56087703000153,,,,,,,,,
56618044000134,PLAN CONTABILIDADE,11,39918472,,,CONTATO@PLANCONTABILIDADE.COM.BR,,,
57183675000130,,11,31064696,11,71386977,ROSI@RSCSOUSACONSULTORIA.COM.BR,,,
4667469000130,,11,38485880,,,CONTAB.INTERNA@GMAIL.COM,,,
2964681000133,POSTSERV,11,25371530,,,CLAUDIO@POSTSERVCONTABIL.COM.BR,,,
2997141000156,,,,,,,,,
6977044000152,,11,21983766,,,,,,
61586947000110,,,,,,,,,
62268719000165,,11,31077411,11,99283246,MESQUITA@MESQUITACONT.COM.BR,,,
62448329000177,,11,81589569,,,ELAINE.CONTAX@TERRA.COM.BR,,,
64016801000128,,11,26972111,11,26940032,FLEIVESORLANDELLI@HOTMAIL.COM,,,
48885008000109,,11,55627066,55,55627373,decastro.patricio@uol.com.br,,,
8014360000154,DARCON CONTABILIDADE,11,37664970,11,37688680,ronaldodantas@darcon.com.br,,,
1837158000183,ALBS ASSESSORIA CONTABIL,11,99290335,,,FLAVIA@ALBCONT.COM.BR,,,
5555325000154,,11,39917212,,,contaud@uol.com.br,,,
62463286000107,,,,,,,,,
47920723000172,,11,26532456,11,38041373,serpal.mvr@gmail.com,,,
50058809000142,ASK CONTABIL,11,32273263,,,ASKFISCAL@ASKCONTABIL.COM.BR,,,
7908923000195,,11,31055181,11,31055181,martcont@terra.com.br,,,
71928162000132,,,,,,,,,
62565692000172,,11,33466066,,,EYHIDAKA@ORGATEC.COM.BR,,,
60675139000167,AMPLIA NEGOCIOS CONTABILIDADE,11,35362766,,,ATENDIMENTO@AMPLIANEGOCIOS.COM.BR,,,
65885733000104,,11,20476079,,,ariadnebinow@yahoo.com.br,,,
1470961000122,MORAIS ASSESSORIA CONTABIL,11,98529604,,,MORAIS.PSM@UOL.COM.BR,,,
7226115000148,SAMPA CONT TECNOLOGIA E PLANEJAMENTO DE NEGOCIOS,11,50179049,11,50172272,legal@sampacontabil.com.br,,,
7420043000175,,11,32558336,,,stockler@primuscontab.com.br,,,
47202338000190,ASSESSORIA CONTABIL PLANEJADA,11,29766001,,,PECCILLI@PECCILLI.COM.BR,,,
3366197000175,F. MACEDO,11,21433105,11,21431733,GILCONTABIL@TERRA.COM.BR,,,
5562302000177,,11,39264824,11,39264825,contato@mentorcontabil.com.br,,,
4356235000171,R.M.E. ASSESSORIA CONTABIL,11,45081513,,,RMECONT@RMECONT.COM.BR,,,
56078000128,BINATI CONSULTORIA EMPRESARIAL,11,31220086,,,LEGALIZACAO@BINATI.COM.BR,,,
4810311000177,SBX CONTABILIDADE,11,37294490,,,WEBCONT@WEBCONT.COM.BR,,,
7039568000165,RIOSAMPA CONTABIL,11,20928349,,,RIOSAMPA@RIOSAMPACONTABIL.COM.BR,,,
43513605000199,,,,,,,,,
62761481000105,,,,,,,,,
49923162000190,,,,,,,,,
86957339000104,SIGMA,11,25928632,,,SCADMINISTRACAO-1@SIGMACONTABIL.COM.BR,,,
7438950000141,ATC ZANARDI CONTABILIDADE,11,26674695,,,ATENDIMENTO@ATCZANARDI.COM.BR,,,
7513087000140,,11,50119226,11,50111736,toshio@satonet.com.br,,,
7825525000105,OCTS - CONSULTORIA & CONTABILIDADE,11,47016422,11,47873346,OCTS@LIVE.COM,,,
65507295000132,,11,22956738,11,22937603,POL@POLCONTABILIDADE.COM.BR,,,
61702460000156,,11,94934864,,,MVM.ASSESSORIACONTABIL@GMAI.COM,,,
5476222000107,,11,55210032,,,SANTIAGOCONTABIL@HOTMAIL.COM,,,
5800096000196,,11,99949202,,,CARDOSO@PLANNERCONTABIL.COM.BR,,,
1462564000109,O C C,11,29823950,11,29824201,sac@occ.com.br,,,
3753129000169,DE MAIO ASSESSORIA CONTABIL,11,38589491,11,39669783,CONTATO@DEMAIO.COM.BR,,,
47673991000137,,11,32094599,,,ALYSON@LIBERTYCONTABIL.COM.BR,,,
1448994000176,,11,31215454,,,LEGALIZACAO@BREFFORTS.COM,,,
4717951000137,TOTH ASSESSORIA CONTABIL,11,23098339,,,TOTH.ASSESSORIA@TERRA.COM.BR,,,
306499000160,,11,30789626,,,ATENDIMENTO@SGMCONSULTORES.COM.BR,,,
61411237000150,,11,22731733,,,CONTABIL@MAIRRO.COM.BR,,,
575394000106,JP SERVICOS CONTABEIS,11,87773098,11,87773098,ADMJPPAIXAO@GMAIL.COM,,,
5919275000147,NOBRE MAIS CONSULTORIA TRIBUTARIA E PATRIMONIAL,11,38265856,,,CONTATO@NOBREMAIS.COM.BR,,,
65082463000195,,11,11111111,,,PEDROBERMUNDO@RUDGELEITE.COM.BR,,,
72888738000148,SDG&A CONSULTORIA,11,32583108,,,ASSESSORIA@SDGEA.COM.BR,,,
96294228000100,,11,38584953,,,DONIZETIPEREIRA@TERRA.COM.BR,,,
60829868000120,ORGANIZACAO AKKO DE CONTABILIDADE,11,32423050,,,CLAUDIO@AKKOCONTABIL.COM.BR,,,
71299000175,,11,33134407,11,33133940,SETORIAL@SETORIALCONTABIL.COM.BR,,,
377332000190,,11,40406573,,,DALLAS@DALLAS-PS.COM,,,
8154385000153,CONTEX,11,55639900,,,ORGCONTEX@UOL.COM.BR,,,
8161692000161,JVC ASSESSORIA CONTABIL,11,27272688,,,JVCCONTABIL@JVCCONTABIL.COM.BR,,,
8207004000157,MATSUBARA & ASSOCIADOS,11,40406695,,,MATSUBARA@MFASSOCIADOS.COM.BR,,,
8244263000158,,11,33133667,,,eva@central-paulista.com,,,
8377936000148,CONTABIL SANTOS,11,56689524,11,45089523,CONTATO@CONTABILSANTOS.COM,,,
8538164000189,,11,29501613,11,29501613,dli.01@fraactal.com.br,,,
8598271000100,,11,44323986,11,44324273,ANNAMFIORE@FIOREASSESSORIA.COM.BR,,,
8651761000115,COMPLIANCE CONSULTORIA CONTABIL SOCIEDADE SIMPLES,11,32831520,,,JOEL.OLIVEIRA@COMPLIANCECONSULTORIA.COM.BR,,,
8664314000109,OKA ASSESSORIA CONTABIL E DOCUMENTAL,11,22957878,11,51077957,OKA.ASSESSORIA@HOTMAIL.COM,,,
8800661000103,ANA ANDRADE CONTABILIDADE,11,55391634,,,ATENDIMENTO@ANAANDRADECONTABILIDADE.COM.BR,,,
8810324000105,,11,25450436,11,25410183,ALMEIDAARAUJOCONTABILIDADE@GMAIL.COM,,,
8888217000191,MAP ASSESSORIA,11,38342036,11,38342037,CIDA.MAPASSESSORIA2@GMAIL.COM,,,
8904014000141,,11,33110804,,,contabilidade.tec@hotmail.com,,,
8912920000198,MARQUES CTB,11,55664454,,,CARLOSMARQUES@RHEGENTE.COM.BR,,,
8999417000111,,11,43857511,,,CONTATO@DADCONT.COM.BR,,,
9229789000121,,11,20623531,,,MARCIO@QUEFRENCONTABIL.COM.BR,,,
9230985000116,,11,26711111,,,SOCIETARIOEREGULATORIO@CONSTANZO.COM.BR,,,
9261269000104,NARDELLI CONTABILIDADE,11,80398221,,,MSNARDELLIS22@GMAIL.COM,,,
9266368000170,FISCOGREEN EMPRESARIAL,11,26710159,,,SERGIO@IDEALFOCO.COM.BR,,,
9341697000139,SALAZAR CONTABILIDADE,11,38252605,11,38263161,SALAZAR@SALAZARCONTABILIDADE.COM.BR,,,
9528319000169,,11,32665874,,,ATIVA@CONTABILATIVA.COM.BR,,,
9611357000180,EGS & BOZELLI,11,56268319,11,56226505,EGS1@TERRA.COM.BR,,,
9620018000160,ALMEIDA CONTABILIDADE,11,55558669,,,CARLOS@ALMEIDACONTABIL.COM.BR,,,
9629637000116,HERON DE ABREU - ASSESSORIA CONTABIL E TRIBUTARIA,11,38053522,,,heronabreu@terra.com.br,,,
9656427000117,MCD CONTABIL,11,39218366,,,MCDCONT@TERRA.COM.BR,,,
9721394000141,,11,29843664,11,31122323,SIMILEE@TERRA.COM.BR,,,
10320058000176,MX CONSULTORIA,11,22237728,11,99839686,marcionil.xavier@uol.com.br,,,
10402588000163,,11,20373232,,,MAIA@MAIACONTABILISTA.COM.BR,,,
10241379000185,CIDA ARAUJO ASSESSORIA,11,32141606,11,31516295,cida1003@terra.com.br,,,
10445736000127,MICAEL CONTABIL,11,23382108,11,23382907,MICAELCONTABIL.ESCRITORIO@GMAIL.COM,,,
10565593000197,FERNANDES HENRIQUE CONTADORES ASSOCIADOS,11,32625222,,,ELISANGELA@FERNANDESHENRIQUE.COM.BR,,,
10574982000189,JOTA - ADMINISTRACAO DE EMPRESAS,11,29576000,,,JOUBERT@JOTACONTABILIDADE.COM.BR,,,
10582761000152,,11,32285553,11,32285553,mhbeltrame@hotmail.com,,,
10641950000159,O.V.J-CONTABILIDADE,11,32274054,11,81122196,OVJCONTABIL@GMAIL.COM,,,
10670244000135,DESTACK ASSOCIADOS,11,58526554,,,CONTATO@DESTACK360.COM.BR,,,
10693011000158,ACACIA CONTABILIDADE,11,26092378,,,LG.ALVES2011@BOL.COM.BR,,,
10745759000157,ETHOS,11,87870584,,,CONTATO@ETHOSCONTABIL.COM.BR,,,
10754462000158,CONTAMAC,11,33181666,,,CONTAMAC@CONTAMAC.COM.BR,,,
10808986000184,,11,27022177,11,27193665,contabilvisao@uol.com.br,,,
10833547000121,N.B.N. CONTABILIDADE,11,27223398,11,23628603,CONTATO@NBNCONSULTORIACONTABIL.COM.BR,,,
10836760000197,BASICA SERVICOS CONTABEIS,11,50823517,,,BASICACONTABIL@HOTMAIL.COM,,,
10843576000174,KONTHABYL,11,36451413,11,73221077,MARTA@KONTHABYL.COM.BR,,,
10848077000170,ORGANIZACAO CONTABIL ASSIS,19,34052870,19,92822448,contabil.assis@hotmail.com,,,
10849935000109,SOLUCOES CONTABEIS - GRUPO BERNARDO,11,26750504,11,23681530,DANIEL@GRUPOBERNARDO.COM.BR,,,
10857743000136,,11,29101931,,,escritiago@terra.com.br,,,
10877872000196,,11,34737579,,,DIGCONT@DIGCONT.COM.BR,,,
10903500000197,,11,99686460,,,SILASCOSTAJUNIOR@YAHOO.COM.BR,,,
10924551000103,UNIACCESS ASSESSORIA CONTABIL,11,28391238,,,UNIACCESS@UNIACCESS.COM.BR,,,
10980271000104,PORTO & REIS,11,51815544,,,FELIPE@PRPCA.COM.BR,,,
10991741000135,ANDRADE & MENDONCA CONTABILIDADE,11,29318384,,,LEGAL@ANDMEND.COM.BR,,,
11026751000101,WBS CONTABILIDADE,11,31411699,,,CONTATO@WBSCONTABILIDADE.COM.BR,,,
11106624000104,RIGHT ASSESSORIA CONTABIL,11,34797988,11,20836008,RIGHT@RIGHTCONTABIL.COM.BR,,,
11129340000133,WHS CONTABILIDADE,11,32314800,11,32563701,WHSCONTABILIDADE@UOL.COM.BR,,,
11161529000103,RP LIDER CONTABILIDADE CONSULTIVA,11,59387388,11,59387387,CONTATO@RPLIDER.COM.BR,,,
20494535000173,LEDS CONTABILIDADE,11,41125494,,,EDVANDRO-TAVARES@UOL.COM.BR,,,
11300103000193,,11,36111227,,,CELIOFO@UOL.COM.BR,,,
11317729000102,SOLUZIONE ASSESSORIA E CONSULTORIA CONTABIL,11,55146513,,,RELACIONAMENTO@SOLUZIONECONTABIL.COM.BR,,,
11323735000172,,11,26844225,11,26871937,CONTATO@ISACONT.COM.BR,,,
11465109000110,JOAO LUIZ DA SILVA SERVICOS,11,33132403,,,JOAOLUIZ7@BOL.COM.BR,,,
11493967000179,R.SALES ASSESSORIA CONTABIL,11,39988486,,,ATENDIMENTO@RSALES.COM.BR,,,
11506913000109,PONTUAL CONTABILIDADE E ASSESSORIA FISCAL,11,29875598,11,29397316,PONTUALCONTABIL2003@GMAIL.COM,,,
11512567000163,,11,56126745,11,28891584,CONTABILIDADE@COUTCAM.COM.BR,,,
11523998000125,LOTUS ASSESSORIA CONTABIL E FINANCEIRA,11,25329715,,,EDSON.MARQUES@LOTUSASSESSORIACONTABIL.COM.BR,,,
11565946000111,,11,23474780,,,JOELDER@ACXCONSULT.COM.BR,,,
11579705000121,,11,28396653,11,20152498,CONTABILCASALOTI@UOL.COM.BR,,,
11594960000143,MC ASSESSORIA CONTABIL,11,30440892,11,30440892,,,,
11639220000186,,11,20240336,,,feoss@terra.com.br,,,
11639969000123,NORTHCONT ASSESSORIA CONTABIL,11,22087247,,,northcont@ig.com.br,,,
11727651000102,,11,39936665,,,ROBICONTADORALVES@GMAIL.COM,,,
11762278000112,A & F CONTABILIDADE,11,25110876,11,25110876,adilson_fabiana@terra.com.br,,,
11849504000105,AVEIRO CONTABILIDADE,11,22350140,11,22317411,aveiro_cont@ig.com.br,,,
11885240000137,,11,38738262,,,,,,
11891956000147,ORDEM CONTABIL,11,20923053,,,ordemcontabil@ordemcontabil.com.br,,,
12083632000145,,11,32581358,,,,,,
12164465000167,QUEBEC,11,55555555,,,JORGE@QUEBECONTABIL.COM,,,
12184931000176,,11,34636555,,,WILLIAN.ROCHA@VERIGO.COM.BR,,,
12195248000134,S.V. SOLUCAO CONTABIL,11,55276038,11,59383154,CONTATO@SVSOLUCAOCONTABIL.COM.BR,,,
12231490000116,DJ ASSESSORIA CONTABIL,11,55417305,,,DJBATHE@TERRA.COM.BR,,,
12376460000106,ORGANIZACAO CONTABIL SOBERANO,11,50610788,11,50614555,ATENDIMENTO@CONTABILSOBERANO.COM.BR,,,
12455113000160,FEROLI CONTABILIDADE,11,23392767,,,LUCIANO@FEROLICONTABILIDADE.COM.BR,,,
12683036000104,CONTROLE CONTABIL,11,89191507,,,EDSONJR5151@GMAIL.COM,,,
12933493000100,ORGANIZACAO LOPES CONTABILIDADE,11,29148588,11,29148588,CONTABILIDADE@ORGANIZACAOLOPES.CNT.BR,,,
13034733000199,GP CONTABIL,11,31594156,11,22754149,LEGAL@GPCONTABIL.COM.BR,,,
13083614000126,,11,36738469,,,JANSENCAVALCANTI@HOTMAIL.COM,,,
13197634000128,,11,25092466,,,afro.contabilidade@terra.com.br,,,
13217881000149,REAL ASSESSORIA CONTABIL,11,38359928,11,38359928,contato@realassessoriacontabil.com.br,,,
61584355000160,ORGANIZACAO JULINHO DE CONTABILIDADE,11,5050656,,,,,,
13308264000159,BS ESCRITORIO DE PERICIAS E CONTABILIDADE,11,29725455,,,BS.ESCRITORIODEPERICIAS@YAHOO.COM,,,
13451244000132,,11,38517013,,,kaihara2020@gmail.com,,,
13819899000110,F PERRELLA SERVICOS CONTABEIS,11,26856943,,,CONTATO@FPCONTABIL.COM.BR,,,
13830216000126,SWS CONTABIL,11,50390016,,,SERGIO@SWSCONTABIL.COM.BR,,,
13937757000158,,51,33114333,,,CG@CGCONTADORES.COM.BR,,,
97528270000101,DWGONZALEZ SERVICOS CONTABEIS,11,42533958,,,DWGONZALEZ@OUTLOOK.COM.BR,,,
97528307000100,,11,26663716,,,JEFFERSON@CONFIDOR.COM.BR,,,
14008724000196,MUNDIAL CONTABILIDADE,11,26515953,11,26515954,mundialcontabil@uol.com.br,,,
20393040000158,GN CONTABIL,11,23376255,11,84571437,JULIO.CESAR@GNCONTABIL.COM.BR,,,
14143296000104,BURITI ASSESSORIA CONTABIL,11,34732235,,,lair@contabilfratelli.com.br,,,
14199596000105,ACS GESTAO ADMINISTRATIVA E CONTABIL,11,68126638,,,ACSGESTAOADM@GMAIL.COM,,,
14214220000122,,11,21892700,11,21892700,eric@pro-contaty.com.br,,,
20399350000180,GRUPO CONSULEX NEGOCIOS EMPRESARIAIS,11,46435817,,,CONTATOGRUPOCONSULEX@GMAIL.COM,,,
14314147000160,MCKA CONTABILIDADE E ASSESSORIA CONTABIL,11,21544719,11,77890818,neocontabilidade@gmail.com,,,
11460245000118,,11,22835256,,,CONTATO@MACTRI.COM.BR,,,
14521730000142,ARAGAO CONTABILIDADE,11,22352200,11,72310668,aragao.contabil@globomail.com,,,
8747207000136,LUAN SERVICOS DE CONTABILIDADE,11,32547715,,,luancorreia1@ig.com.br,,,
14555517000151,ZOE SOLUCOES CONTABEIS,11,48462511,,,ALEX_SANTIAGO7@HOTMAIL.COM,,,
14557667000102,GUARDIA CONTABIL,11,25841349,,,CONTATO@GUARDIACONTABIL.COM.BR,,,
14559861000119,CAPRI CONTABIL,11,22119787,11,85637520,CAPRICONTABIL@HOTMAIL.COM,,,
14652448000102,,11,26058689,11,26053810,VANESSA@CONTABILIDADERABELLO.COM.BR,,,
14695895000130,ZENITE CONSULTORIA CONTABIL,11,20212271,,,CONTATO@ZENITECONSULTORIA.COM.BR,,,
14753704000140,,11,50631699,11,50632367,MARCONTABI@TERRA.COM.BR,,,
14802754000170,,11,23316927,,,ALCONT.RSC@UOL.COM.BR,,,
14884607000196,SEC SERVIOS CONTABEIS,11,55493032,,,tatipe1@sti.com.br,,,
14921244000111,R. GUELFI CONTABILIDADE,11,56860241,,,,,,
14944450000147,ALTERNATIVA ASSESSORIA CONTABIL,11,98840444,,,CLAUDIA.ALTERNATIVA@GMAIL.COM,,,
14989290000152,D.A.C. CONTABIL,11,35009994,,,JULIANO.SECARIO@DACBRASIL.COM,,,
15023564000117,,11,29490889,,,nivaldogaspar@ibest.com.br,,,
15129510000130,,11,97579540,,,carlos_augusto1978@yahoo.com.br,,,
15251315000189,,11,28545950,11,56622391,rjosedias@yahoo.com.br,,,
15259417000140,,11,55746210,,,CONTATO@CONSIMECONTABIL.COM.BR,,,
15286020000148,TORRES CONTABILIDADE E GESTAO PARA O 3 SETOR,11,99999999,,,FORMALIZACOES@TORRESCONTABILIDADE.ORG,,,
15323301000123,ESM CONTABILIDADE,11,34517322,11,71740130,esm@esmcontabilidade.com,,,
8658641000140,,11,30314131,,,PROCESSOS@CONSUPORT.COM.BR,,,
9137443000101,,11,29657916,,,WLSERVICOS@UOL.COM.BR,,,
9370158000128,RENOVE,11,99403003,,,KATY.SECURATO@GMAIL.COM,,,
10013786000135,,11,29496787,,,jbrasill@speedycorp.com.br,,,
10594136000120,PCP CONTABILIDADE E CONSULTORIA,11,32883589,,,PAULO@PCPUGLIESICONTABILIDADE.COM.BR,,,
11006093000188,TRINDADE & ALBUQUERQUE CONSULTORIA,11,99378247,,,CLAUDIA@TRINDADEEALBUQUERQUE.COM.BR,,,
11357071000162,R2 SERVICOS CONTABEIS,11,25485761,11,27738579,CONTATO@R2SERVICOSCONTABEIS.COM.BR,,,
11544287000137,J. A. DUARTE CONTABILIDADE,11,29415525,,,JULIO@JADUARTE.COM.BR,,,
11678985000125,NOGUEIRA & FELIPE,11,20623759,,,fmtelles@ig.com.br,,,
11682950000160,CONTABIL RUBI,11,39915355,11,74943090,contabilrubi@terra.com.br,,,
11919371000198,ADCONBRASIL,11,31051434,,,CESAR-DOCARMO@UOL.COM.BR,,,
12121952000142,BARBOZA CONTABILIDADE,11,29480661,,,BARBOZA@BARBOZACONTABILIDADE.NET.BR,,,
12397926000141,NEWCASTLE CONTABILIDADE,11,35392075,,,RAFAELLA@NEWCASTLECONTABIL.COM.BR,,,
12425774000143,PRECISA CONTABILIDADE,11,58424384,,,jaldogs@terra.com.br,,,
12754423000186,VCS ASSESSORIA CONTABIL,11,55351300,,,valdecicanuto@terra.com.br,,,
12944594000178,BERBET 'S PAPELARIA,11,64910299,,,cristianeberbet01@hotmail.com,,,
13505396000170,,11,98194695,,,MJCCAMACHO1205@GMAIL.COM,,,
14128188000162,MSOUSA CONTABIL,11,28925090,,,CONTABIL@MSOUSACONTABIL.COM.BR,,,
14269477000181,ORIENTA,11,39766302,,,ORIENTA@ORIENTACONTABILIDADE.COM,,,
14793808000188,MARTINS CONSULTORIA,11,20828280,,,CONTADOR@MCMARTINSCONSULTORIA.COM.BR,,,
15064859000131,CONEXA SUPORTE CONTABILIDADE,11,25853000,11,25849597,contabilidadesuporte@uol.com.br,,,
15347358000162,BERGMANHS CONTABILIDADE,11,20932280,11,83291419,ctbmaber@terra.com.br,,,
15388547000183,,11,23074564,11,93739706,salesjoao@bol.com.br,,,
15548976000170,D&K SERVICOS,11,22954961,,,FISCAL2@DEKCONTABILIDADE.COM.BR,,,
10605802000189,CONFIS CONTABILIDADE,11,27611533,,,CONTATO@CONFS.COM.BR,,,
15794702000161,ASECOM CONTABILIDADE E SERVICOS,11,32714663,,,ASECOM@TERRA.COM.BR,,,
15864391000160,,11,38379288,,,CONTATO@PCAE.COM.BR,,,
16385165000169,SHM ASSESSORIA,11,39785330,,,PEDRO@SHMCONTABILIDADE.COM,,,
16575454000120,,11,23657008,,,ALESSANDRA@RIBAS-SECCO.COM,,,
14115106000145,MARQUES E ASSOCIADOS,11,26942256,,,CLAUDIMIRCASTELHANO@YAHOO.COM.BR,,,
16617352000120,,11,29665746,,,OCARDOSOSA@HOTMAIL.COM,,,
16628389000154,,11,25748082,,,CLAUDIA.MOURA@UNICONTSP.COM.BR,,,
16747762000196,,11,38042876,,,VALNER@FAMILYASSESSORIA.NET,,,
12244374000131,SIDECON,11,29597978,,,CONTATO@SIDECON.COM.BR,,,
10562913000155,CONTROL SERVICOS DE APOIO,11,87772778,11,34634189,CONTROL_CARMO@UOL.COM.BR,,,
11889774000131,FLIK CONTABIL,11,20214767,,,CONTATO@FLIKCONSULTORIA.COM.BR,,,
16945967000186,,11,32120066,,,ADMINISTRATIVO@CORREAACONTABIL.COM.BR,,,
17017731000142,METODO TOTAL,11,22210916,,,KELLY@METODOTOTAL.COM.BR,,,
17093700000170,,11,38720308,,,MARPRADO@TERRA.COM.BR,,,
17129484000176,PETRIUS CONTABILIDADE,11,20939536,,,RICARDO@PETRIUSASSESSORIA.COM,,,
17215927000141,,11,38719515,,,VMASSESSORIA@TERRA.COM.BR,,,
17297386000148,FULL HOUSE,11,34676014,,,MARCELO.PEREIRA@FULLHOUSECONSULT.COM.BR,,,
17325320000114,,11,82956955,,,IVISSECHI@TERRA.COM.BR,,,
17439250000125,FS ASSESSORIA CONTABIL,11,59280442,,,CONTATO@FESCONTABIL.COM.BR,,,
17617057000137,ASSEMCON,11,50821274,11,55728812,assemco.contabil@ig.com.br,,,
17909172000185,TG CONTABIL,11,30978677,11,30978677,tgconsult@tgcontabil.com.br,,,
9352166000141,JOB CONTABIL,11,38570122,,,CONTATO@JOBCONTABIL.COM.BR,,,
10267818000129,CONTABIL BRANDAO,11,32668366,,,ANDREIA@CONTABILBRANDAOSP.COM.BR,,,
10573478000164,LMTA CONTABILIDADE EMPRESARIAL,11,25743847,,,RSMACONTABILIDADE@GMAIL.COM,,,
20477017000141,,11,29591075,,,CONTATO@RIVCONTABILIDADE.COM.BR,,,
11158475000127,QUALICONTAX,11,25231815,,,FALECONOSCO@QUALICONTAX.COM.BR,,,
12464912000101,CAPELL CONTABILIDADE,11,32411211,,,CONTATO@CAPELL.COM.BR,,,
12962893000135,AC MOREIRA CONTABILIDADE,11,22939577,11,91593555,AGUINALDO@ACMOREIRA.COM.BR,,,
20487688000193,,11,32142668,11,32370831,KITASAUA@KITASAUA.COM.BR,,,
15535888000134,WLM ASSESSORIA CONTABIL,11,36410139,,,wm@mac.com,,,
17253438000184,MOURA CONTABILIDADE,11,29445439,11,87097760,CHOCO2003@UOL.COM.BR,,,
18337047000100,RADAR CONTABILIDADE,6920601,11,21549791,,,DGRANATTA@GMAIL.COM,,
18388908000180,ZEVEN CONTABILIDADE,11,22222222,,,JOSENETO@ZEVENCONTABILIDADE.COM.BR,,,
18520441000180,BCSE CONTABILIDADE,11,56789040,,,FISCAL@BCSE.COM.BR,,,
11118567000183,JV CONTABILIDADE ASSESSORIA EMPRESARIAL,11,20150185,11,20150185,JVCONTABILIDADE102030@GMAIL.COM,,,
18562745000100,NANDI ASSESSORIA CONTABIL,11,36721238,11,36721238,JOANA@NANDI.COM.BR,,,
18659943000196,FT2 CONSULTORIA,11,33685754,,,CONTATO@FT2CONSULTORIA.COM.BR,,,
18686474000102,RFS.ASSESSORIA.EMPRESARIAL,11,21533638,,,SONINHAAP2009@HOTMAIL.COM,,,
18713901000196,,11,39016427,,,,,,
18819562000127,M2 CONTABIL,11,94497004,,,mplopes@bol.com.br,,,
18938607000182,J.C.F.,11,85346497,,,J.C.ASSESSORIACONTABIL@HOTMAIL.COM,,,
19176477000150,,11,21298980,,,ROBERTO.EVANGELISTA@RENGITREVOR.COM.BR,,,
11154227000108,J. V. CRUZ ASSESSORIA EMPRESARIAL E CONTABIL,11,24959371,,,JVCRUZ.ASSESSORIA@GMAIL.COM,,,
19309424000160,O.K,11,36733044,,,OSNI@OKASSESSORIA.COM.BR,,,
19324214000141,FERDAN,11,26742968,11,26749407,daniel.ferdan@terra.com.br,,,
19557998000158,ORGANIZACAO TECNICA CONTABIL IRMAOS MENDONCA,11,20530513,,,MENDONCACONTABIL@TERRA.COM.BR,,,
19581865000117,D' JUBI CONTABILIDADE,11,85346877,,,DJUBICONTABILIDADE@GMAIL.COM,,,
19640161000178,,11,25616279,,,MKSSERVICOS@GMAIL.COM,,,
19691014000127,RUSSO PERICIAS,11,99999999,,,CONTATO@RUSSOPERICIAS.COM.BR,,,
19800266000147,AUGUSTO EVANGELISTA,11,37420387,,,augusto.evangelista@terra.com.br,,,
19836544000116,LHF SERVICOS,14,97117811,,,CONTAFI.ADM@GMAIL.COM,,,
19989420000170,EVJG - SERVICOS EMPRESARIAIS,11,25321072,,,evjg-contabilidade@hotmail.com,,,
20023277000147,WRA CONTABILIDADE E TREINAMENTO,11,37159232,,,HERAYR@WRA.SRV.BR,,,
20064331000100,ASC CONTABILIDADE,11,58917050,,,ASCPINTO@HOTMAIL.COM,,,
20067743000196,ASSEFISC ASSESSORIA FISCAL,11,39843113,11,36280426,LEGALIZACAO@ASSEFISCCONTABIL.COM.BR,,,
20078269000106,POLYPUS ASSESSORIA,11,33844169,,,CARLOS@POLYPUSCONTABIL.COM.BR,,,
20495007000139,,11,55631961,11,33843441,CONTATO@CRUZEGOMES.COM.BR,,,
20590384000157,SOMMEI,11,45613768,,,SOMMEI@HOTMAIL.COM,,,
20658863000168,,11,50626979,,,CONVIR@CONVIR.COM.BR,,,
20836665000147,LOGICA CONTABIL,11,36761301,11,36761308,DAMIANICONTABIL@GLOBO.COM,,,
20956692000153,J&S SERVICOS,11,22046270,,,denis.tadeusz@gmail.com,,,
20968222000100,,11,30780601,,,WBCO@WBCO.COM.BR,,,
20992881000181,ASSESSORIA E SERVICOS CONTABEIS NOGUEIRA,9,92940486,,,ACN.ACN.1966@GMAIL.COM,,,
21016871000173,J RAMOS CONTABILIDADE,11,28061539,,,JULIANA.JRAMOSCONTABILIDADE@GMAIL.COM,,,
21101600000116,,11,32776778,,,ATENDIMENTO@ESCRITORIOMENDONCA.COM.BR,,,
21154118000144,,11,37337413,,,VANIOSNASCIMENTO@GMAIL.COM,,,
21637832000193,ADMCONTABILTEC ASSESSORIA CONTABIL E ADMINISTRATIVA,11,80291198,,,marcelo.contabil.2014@outlook.com,,,
21651441000123,CONTRI ASSESSORIA,11,20161747,,,CONTR07@YAHOO.COM.BR,,,
21766750000149,RL CONTABIL,11,97080978,,,FELLIPE@ROSSILIOTTI.COM.BR,,,
21793632000120,CONTALTECH SERVICOS CONTABEIS,11,23712336,,,,,,
21899511000167,AMANPE CONTABILIDADE,11,26850620,11,87163891,MARCELO@AMANPECONTABILIDADE.COM.BR,,,
21917476000161,ELTECOM,11,84821795,11,23513218,NILTON.SILVA1962@BOL.COM.BR,,,
775930000389,,11,58410633,11,58416621,JWCLROW@UOL.COM.BR,,,
22126739000187,EFICACIA CONTABIL,13,32212215,,,GILJO@TERRA.COM.BR,,,
22162177000127,PINHEIRO E BITENCOURT,11,81501957,,,RENATOALIXANDRE@ICLOUD.COM,,,
22175221000133,WILECY GOBI,11,20175508,,,WILECY.GOBI@HOTMAIL.COM,,,
22191488000114,CONTABILIDADE VAL CARDOSO,11,86119026,11,86723294,VALERIA@CONTABILIDADEVALCARDOSO.COM.BR,,,
22455779000172,LAVORO ASSESSORIA CONTABIL,11,37512968,11,37513087,CARLOS@LAVORO-CONTABIL.COM.BR,,,
22486758000114,,11,93266981,,,DPOMAS@GMAIL.COM,,,
22529908000120,MUNDO CONTABIL,11,22960322,,,PATRICIA@OMUNDOCONTABIL.COM.BR,,,
17944319000178,RCAMPOS ASSESSORIA,11,23666626,,,CONTATO@RCAMPOSASSESSORIA.COM.BR,,,
22571100000100,JAIRO CONTABILIDADE,11,39925864,,,jairocontabilida@uol.com.br,,,
22632600000105,PIMENTEL ASSESSORIA EMPRESARIAL,11,88049183,,,tgpimentel0@gmail.com,,,
22637610000133,JFREITAS ASSESSORIA CONTABIL EMPRESARIAL,11,76654771,11,76654772,JEFREITASJ@IG.COM.BR,,,
22637635000137,,11,35789300,,,RICARDOBALDIN14@OUTLOOK.COM,,,
22336179000195,,11,83413792,11,65463444,GABRIEL_CONTABIL@HOTMAIL.COM,,,
22676116000188,NDC INTELEKTA,11,36375354,,,NDCINTELEKTA@NDCINTELEKTA.COM.BR,,,
22694190000127,GLOBAL CONSULTING,11,33159002,,,CARLOS@GBLCONSULTING.COM.BR,,,
22816410000148,EVAN AIRES,13,33664287,,,EVAN.AIRES@GMAIL.COM,,,
22882877000196,JOAO DA CONCEICAO TOMAZ CONTABILIDADE,11,37315968,,,JOAOTOMAZ05@YAHOO.COM.BR,,,
22987113000165,,11,43721715,11,62626537,CONTATO@CONTFY.COM.BR,,,
23017618000160,EDUARDO LEMES DE SIQUEIRA JUNIOR,11,83313076,,,EDULEMMESS@GMAIL.COM,,,
23123493000152,,11,31063469,11,31068851,CONTATO@SOLARISBR.COM.BR,,,
23154240000146,WSA CONSULTORIA E INFORMATICA,11,65518340,,,vwsalves@gmail.com,,,
20607715000114,SUNSHINE ASSESORIA CONTABIL,11,45460315,,,SUNSHINECONTAB@GMAIL.COM,,,
23263255000142,CONTAKI,11,35965658,11,81955658,AKIRAYAGUI@GLOBO.COM,,,
23285226000181,LIVERARO CONTABILIDADE,11,35643422,,,BARBARA@LIVERARO.COM.BR,,,
23317900000162,IFFO99,11,98194422,,,OSVALDOADM@KOGA-KOGA.COM.BR,,,
23422313000133,IZIDORO JOSE DE FARIA NETO,11,27975300,,,izidorofantasyneto@hotmail.com,,,
23429508000105,,11,50343322,,,CONTMIR@MIRCONTABIL.COM.BR,,,
23438669000165,EDM SERVICOS CONTABEIS,11,25215614,,,erikinhadm3@gmail.com,,,
23515269000106,ARM ASSESSORIA CONTABIL,11,82082307,11,51405674,CONTATO@ARMCONSULTORIA.COM,,,
23675260000162,JOACY B S SOBRINHO,11,51829269,,,jsobrinho.js@gmail.com,,,
23740956000125,FESTO CONSULTORIA,11,26936108,,,ATENDIMENTO@FESTOCONSULTORIA.COM,,,
23826881000108,SOMA,11,72547958,,,RICARDO.DINIZ20@GMAIL.COM,,,
23850376000190,MAISG CONSULT,11,27299168,,,RICARDO.WATANABE@MAISGCONSULT.COM,,,
19276493000115,CLEARCONT CONTADORES ASSOCIADOS,11,30422576,,,ANDERSON@CLEARCONT.COM.BR,,,
23924123000114,ABILITY CONTABIL,11,34626874,,,neivalimacontabil@gmail.com,,,
23996997000187,E&VI ASSESSORIA E CONSULTORIA CONTABIL,11,92587745,,,AQUINOVIVI@YAHOO.COM.BR,,,
24300292000146,,11,27266000,,,CONTABIL@BAGGIOCONTABIL.COM.BR,,,
24452573000114,AO SOLUCOES,11,45649936,11,80891510,AOSOLUCOES@HOTMAIL.COM,,,
24513685000138,ARW CONTABILIDADE,11,22275353,,,LEGAL@MWA.COM.BR,,,
24553949000187,SDA CONTABILIDADE,11,29590715,11,99529117,SDACONTABILIDADE@UOL.COM.BR,,,
15163341000155,SIMACONT CONTABILIDADE CONSULTIVA,11,32371572,11,41592716,ATENDIMENTO@SIMACONT.COM.BR,,,
18179856000131,CASE CONSULTORIA CONTABIL,11,82370912,,,CLAUDIO@CASECONTABIL.COM.BR,,,
24635777000190,EAST ASSOCIATES.,11,56939999,,,CARLOS@EAST.COM.BR,,,
24681739000174,CONTADOR DO BEM,11,35716690,,,ATENDIMENTO@CONTADORDOBEM.COM.BR,,,
15682266000139,ALPHA ESTRATEGIAS CONTABEIS,11,31298768,11,98282002,alphaconsultoria@uol.com.br,,,
24846231000189,GAMC GLOBAL ACCOUNTING & MANAGEMENT CONSULTING,11,41216111,,,PAULOGEIGER.BUSINESS@GMAIL.COM,,,
24977359000181,BONA CONTABIL,11,45639373,,,,,,
24996627000102,JF ASSESSORIA CONTABIL E FINANCEIRA,11,50612631,11,96936582,FRANCISCO.OLIVEIRA@HOTMAIL.COM,,,
24415864000132,ADIC CONTABILIDADE,11,55214435,,,GESTAOCONTABIL@ADIC.COM.BR,,,
25012285000101,SAPS CONTABILIDADE,11,56606342,,,alexpaquess@gmail.com,,,
12497544000190,CONTPRO CONTABILIDADE,11,30611316,,,CONTATO@CONTPRO.COM.BR,,,
25058427000171,CONTALWEB,11,26935141,11,26935142,CONTAL@CONTALABAETE.COM.BR,,,
25084903000129,EDICAO CONTABIL,11,72972799,,,ATENDIMENTO@EDICAOCONTABIL.COM.BR,,,
25116746000196,LNMACHADO,11,72286460,,,LUCIANO_NOG@HOTMAIL.COM,,,
25116806000170,ROSSI CONTABILIDADE E CONSULTORIA,11,29664252,11,76760174,JULIANEF.ROSSI@GMAIL.COM,,,
14465800000192,VALENTE CONTABILIDADE,11,26455488,,,CONTATO@VALENTE.CNT.BR,,,
14395082000125,,11,20959855,,,LEGALIZACAO@ORSSA.COM.BR,,,
22577911000119,LMA CONTABILIDADE DO BRASIL,11,43750808,,,ATENDIMENTO@LMACONTABILIDADE.COM.BR,,,
25531759000121,,11,50424320,,,ABALINT@GRAPHITBRINDES.COM.BR,,,
20072874000161,,11,31074505,,,CONTRATOS@PROLINKCONTABIL.COM.BR,,,
11572698000136,TR SOLUCOES CONTABEIS,11,23077000,,,CONTATO@TERCONTABIL.COM.BR,,,
17283084000110,,11,31297337,,,c-eliomoreira@hotmail.com,,,
23108415000189,VB TAX,11,23386837,,,VANIA.BARRIO@GMAIL.COM,,,
22882541000123,LELO ORGANIZACAO CONTABIL,11,58926333,,,mapereira30@hotmail.com,,,
13879371000137,TAG CONTABILIDADE,11,21222487,,,FISCAL@ATLANTACONTABILIDADE.COM.BR,,,
24017356000104,FABIO LUIS OLIVEIRA DA CONCEICAO,11,26816417,,,fabio.oliveira25@yahoo.com.br,,,
11328388000170,CZJ CONTABILIDADE,11,39993835,11,39777426,CONTATO@CZJCONTABILIDADE.COM.BR,,,
25216548000102,SOUVERAN CONTABIL,11,36753070,11,22150733,CONTATO@SOUVERANCONTABIL.COM.BR,,,
19550111000108,SENTIERI ORGANIZACAO EMPRESARIAL,11,36414678,11,87826736,diego.silva@drpartners.com.br,,,
8989432000189,VISAO DE AGUIA,11,52023886,,,CARLOS1CONTADOR@HOTMAIL.COM,,,
18782717000106,MAXIMA,11,39914848,11,66094059,CONCEICAOMAXIMA@GMAIL.COM,,,
19570479000120,FRANCOASS - CONTABILIDADE,11,34498656,,,francoass@hotmail.com,,,
19174128000108,SOLUCIONA CONTABIL,11,55944231,,,FRED@SOLUCIONACONTABILIDADE.COM.BR,,,
17049273000123,,11,33443300,,,CONSULTORIA@MRVICENTE-CONSULTORIA.COM.BR,,,
8797705000193,,11,39315561,,,vcsalvatore@gmail.com,,,
8654208000136,TOTAL 10,11,38190269,11,38190269,totaldez@totaldez.com.br,,,
20852991000148,,11,83184338,,,GLAYSON.ROSSA@ESATTOCONSULTANTS.COM.BR,,,
13452894000100,APOIO & IS SOLUCOES CONTABEIS,11,59950273,,,IVAN_SZOBOSZLAY@TERRA.COM.BR,,,
24754185000198,REFOCILAR,11,97623142,,,AMELO@REFOCILARESTRATEGIAS.COM.BR,,,
10929872000192,,11,32939255,,,VICENTE@CIACONTABILMAEF.COM,,,
12879327000164,PJ ONLINE CONTABILIDADE VIRTUAL,11,38328894,,,nadia@drcontador.com,,,
25029905000115,FICONT - SERVICOS CONTABEIS,11,22062010,11,52348700,GILMAR.CONTABILIDADE@HOTMAIL.COM,,,
10874622000100,EXIMIUM ASSESSORIA EMPRESARIAL,11,50442048,,,eximium@uol.com.br,,,
21353253000119,LUMINUS GESTAO DE PROJETOS EMPRESARIAIS.,11,60806807,,,cbo_cris@hotmail.com.br,,,
25318523000101,CAPITAL COMPANY CONTABILIDADE E ASSESSORIA,11,31410648,,,ER.VICENTI@UOL.COM.BR,,,
18229339000120,ATUA CONTABILIDADE,11,92151552,,,RICARDO@ATUACONTABILIDADE.COM.BR,,,
21736370000161,GEORGETO,11,99734181,,,MOACIR@GEORGETO.COM.BR,,,
23629677000199,GT CONTABILIDADE & TECNOLOGIA,12,97268344,,,MURILO@GTCONTABILIDADE.COM,,,
15010703000178,APPOLONIA,11,38352040,,,FINANCEIRO@APPOLONIA.COM.BR,,,
19615744000149,EXPERTISE,6920601,11,23665923,,,FINANCEIRO@EXPERTISEMAIS.COM.BR,,
20654150000126,HELOANY CONTABILIDADE,11,34765303,11,34765297,FINANCEIRO@HELOANYCONTABILIDADE.COM.BR,,,
20670354000150,RESENDE ASSESSORIA CONTABIL,11,74408922,,,renato_s.resende@hotmail.com,,,
22015195000186,STERRA ASSESSORIA,11,78284881,,,CONTATO@STERRAASSESSORIA.COM.BR,,,
22384950000108,OUR LADY CONTABILIDADE,11,28723756,,,contabil.ourlady@gmail.com,,,
15410843000133,POSTALI CONSULTORIA,11,43230425,,,MAURO.POSTALI@POSTALICONSULTORIA.COM.BR,,,
18390412000140,LSP CONTABILIDADE,11,23852100,,,CONT.PERES@GMAIL.COM,,,
25242851000171,APCONT SOLUCOES CONTABEIS,11,23850471,,,CONTATO@APCONTSOLUCOES.COM.BR,,,
11749684000145,MAIA CONTABILIDADE,11,38079052,,,MAIACONTABILIDADE@TERRA.COM.BR,,,
17532374000150,GCE ACCOUNTING,11,31703136,,,ACCOUNTING@GCECONSULTORIA.COM.BR,,,
10839216000107,,11,20692000,,,sateliteassessoria@uol.com.br,,,
20384305000151,JRR ADMINISTRADORA,11,22952844,11,49462424,CONTATO@JRRCONTABILIDADE.COM,,,
16527823000100,OTIMUS ASSESSORIA CONTABIL E FISCAL S/S LTDA ME,11,43018872,,,OTIMUS01@GMAIL.COM,,,
21634124000107,,11,78722968,,,EDSONFAIA@IG.COM.BR,,,
9211589000141,,11,30634878,,,CONTATO@AFFINITYCONTABIL.COM.BR,,,
13431103000158,,11,45641447,,,RICARDO.COELHO@RFCCONSULTOR.COM,,,
10909148000105,EDS CONTABIL,11,22167082,,,CONTABIL.EDSCONTABILIDADE@GMAIL.COM,,,
12272058000173,NQ CONTABIL,11,82350124,,,ATENDIMENTO@NQCONTABIL.COM.BR,,,
9720487000151,,11,22057619,,,MARCIACHENKO@UOL.COM.BR,,,
11233481000100,,11,26183388,,,AROLDO@EQUIPEASD.COM.BR,,,
21643180000108,EVOLLUER,11,98468624,,,ISABEL.RIZO@EVOLLUER.COM,,,
11632073000112,OSF CONTABILIDADE,11,29096052,11,29092475,o.dfernandes@ig.com.br,,,
20729027000127,,11,31056949,,,GBATISTA@EPCON.COM.BR,,,
11988504000188,,11,23054745,11,23054744,makassessoria@gmail.com,,,
23088798000170,HAIZE CONTABILIDADE,11,41867870,,,AREA.ATENDIMENTO@HAIZETAX.COM.BR,,,
21386777000106,VINEGIA CONSULTORES EMPRESARIAIS,11,45518214,,,francisco.delio@gmail.com,,,
25172559000120,RBR SERVICOS CONTABEIS,43,91788087,,,,,,
11094816000148,CONTABIL IPIRANGA,11,38548788,11,38548786,CONTATO@IPIRANGACONTABIL.COM.BR,,,
8991281000101,ALONSO CONSULTORIA EMPRESARIAL,11,66015538,11,96316439,edgar_guerra@uol.com.br,,,
10646437000150,ICS CONTABIL,11,28081580,11,55626770,IVAN.CS6@HOTMAIL.COM,,,
11283734000141,EDS CONTABILIDADE & CONSULTORIA,11,56125964,11,76341268,ERICSON.THOR@GMAIL.COM,,,
16576736000142,,11,32310927,,,,,,
13053810000158,,11,26015060,,,pf.tony@uol.com.br,,,
26193401000107,,11,59799649,11,80843621,FLORSTANKUS2017@GMAIL.COM,,,
26241524000168,RFC CONTABILIDADE LTDA,11,84337865,,,rfc_contabilidade@outlook.com,,,
26308349000189,,11,32187799,,,ATENDIMENTO@MOOREKSM.COM.BR,,,
26407441000104,EDNA MARIA DA SILVA BORGES,11,23524132,,,ednamsborges@yahoo.com.br,,,
26553732000100,SOLUCOES PRIME ASSESSORIA CONTABIL,11,48016300,,,MARCELO@SOLUCOESASSESSORIA.COM,,,
26566774000178,M2S CONTABILIDADE,11,39016013,,,m2scontabilidade@hotmail.com,,,
26593249000141,ACRA ESCRITORIO CONTABIL,11,35963977,,,JOAO.GOMES2@UOL.COM.BR,,,
26685058000100,NBL,11,38979400,,,NBLCONTABILIDADE@UOL.COM.BR,,,
26744628000195,ECLCONT,11,47838640,,,ECLCONTASSESSORIA@GMAIL.COM,,,
26929258000160,INOVA SOLUCOES CONTABEIS,11,25746424,,,ANAPAULA.SILVA@REDEALPHA.COM,,,
26996914000148,,11,34340020,11,55730075,SEVERINO@UMUARAMAIMOVEIS.COM.BR,,,
27119334000135,,11,43049760,,,GCRUZ@QIPU.COM.BR,,,
27125142000131,,11,25941633,,,VILMA@MELOASSESSORIACONTABIL.COM.BR,,,
27137557000125,WDA CONTABILIDADE,11,23663061,11,41113406,WDACONTABILIDADE@HOTMAIL.COM,,,
27139234000170,,11,55841032,,,CONTATO@OZAI.COM.BR,,,
27152373000134,RENDHA ASSESSORIA CONTABIL,11,39038818,,,rendha@rendha.com.br,,,
27160521000162,,11,60226215,,,FABIO@GOAUDITORIA.COM.BR,,,
27319876000151,S & A CONSULTORIA E CONTABILIDADE,11,54901075,,,saconsultoria.contabilidade@gmail.com,,,
27323677000117,RAWA ADMINISTRADORA DE CONDOMINIOS E CONTABILIDADE,11,27383473,,,RAWACONTABILIDADE.CONDOMINIOS@GMAIL.COM,,,
27371794000156,EPHATA CONTABILIDADE,11,42650446,,,EPHATACONTABILIDADE@OUTLOOK.COM,,,
27385527000138,,11,31788888,,,CONTATOS@DRASSESSORIA.COM.BR,,,
27521465000144,INTEGRATAX,11,33331777,,,MARCIA@FHAROS.COM.BR,,,
27561360000119,,11,97286204,,,IGNACIOCONTABILIDADE@GMAIL.COM,,,
27573135000100,ASSESSORIA CONTABIL,11,23020796,,,ASSESSORIACONTABIL14@GMAIL.COM,,,
27819533000156,ATOS 2 ASSESSORIA CONTABIL,6920601,11,81919874,,,marcossaguimaraes@hotmail.com,,
27855039000147,MZT SERVICOS CONTABEIS,11,55884263,11,41965533,MARCELO@FREMIX.COM.BR,,,
27953881000111,,11,55420334,,,SOCIETARIO@DAMASCENOASSESSORIA.COM.BR,,,
27992431000138,YASUTAKE CONTABIL,11,25225889,,,CECILIAYASUTAKE@GMAIL.COM,,,
28123038000170,PROSS CONTABILIDADE,11,76442082,,,CONTATO@PROSSCONTABILIDADE.COM.BR,,,
28186022000107,,11,38623862,,,DOURADO.JSD@UOL.COM.BR,,,
28219124000181,,11,30788226,,,,,,
28333881000181,AGUIATEC,11,32590841,,,,,,
28365358000137,GESCON CONSULTORIA,11,23867976,,,PAULO.RODRIGUES@GESCONCONSULTORIA.COM.BR,,,
28409789000158,SR ORGANIZACAO EMPRESARIAL,11,34771071,,,SR.ORGANIZACAOEMPRESARIAL@GMAIL.COM,,,
28645152000160,NCCINCO ASSESSORIA CONTABIL,11,84103362,,,daniela.oshiro@outlook.com.br,,,
28652357000173,,11,96463234,,,NOVACONTABIL@NOVACONTABIL.NET.BR,,,
28673498000172,ERJ ASSESSORIA CONTABIL E TRIBUTARIA,11,32312500,,,SOCIETARIO@ERJACCOUNT.COM,,,
28693189000164,CONTABION.,11,22365471,,,PARALEGAL@MDAFAP.COM.BR,,,
28701260000103,FARIAS MOURA CONTABILIDADE,11,58428802,,,FARIASMOURA@GMAIL.COM,,,
28774035000105,CONEXAO,11,44557774,,,CONTATO@CONEXAOCONTABILSP.COM.BR,,,
28903117000102,ALLIANCE ONE,11,55757338,11,96199641,JLDASILVAJORGE@GMAIL.COM,,,
29066173000194,COMPLIANCE ASSESSORIA,11,32831520,,,ROBERTO.OLIVEIRA@COMPLIANCECONSULTORIA.COM.BR,,,
29088931000175,,11,82390114,,,RONALDO9333@YAHOO.COM.BR,,,
29169160000140,ANALICONT,11,51082391,11,29638937,ANDREACONTABILSP@GMAIL.COM,,,
29216869000150,AYTEC CONTABILIDADE,13,96502729,,,CONTATO@AMANDATAUIL.COM.BR,,,
29224564000190,,11,82870137,11,32941600,LUISBAGNI@GMAIL.COM,,,
29490568000110,,11,26051300,,,CLAUDIO@MORAESJRADV.COM.BR,,,
29663331000193,CFB,11,52002542,,,JACQUELINE@CONTABILIDADEFUTUROBRASIL.COM.BR,,,
29749412000100,EX PARTNERS,11,98573454,,,CONTABILIDADE@EXGROUP.COM.BR,,,
28547357000103,TAPUTTI CONTABILIDADE E CONSULTORIA,11,27423998,11,62292979,FALECOMIVA_CONTABILIDADE@OUTLOOK.COM,,,
28368055000178,E MATARAZZO SERVICOS CONTABEIS,11,39227366,11,39234673,EMATARAZZO@IG.COM.BR,,,
27518074000170,NZR CONTABILIDADE,11,76401091,,,CONTATO@NZRCONTABILIDADE.COM.BR,,,
29847295000118,PLBRASIL ACCOUNTING & FINANCE,11,32925050,,,PLBRASIL@PLBRASIL.COM.BR,,,
29944951000109,C&B CONTABILIDADE,11,42107742,,,QIANDU.SP.SF@GMAIL.COM,,,
29724703000144,TORICES CONTABILIDADE,11,22969865,,,VANESSACONTABILIDADE@YAHOO.COM.BR,,,
30050278000134,TENERIFE ASSESSORIA CONTABIL E FISCAL,11,38428798,,,SOCIETARIO@TENERIFECONTABIL.COM.BR,,,
30133677000169,DOC SPINA CONTABILIDADE,11,25487095,,,DOCSPINA@HOTMAIL.COM,,,
30193632000180,CARLOS ALBERTO ZANELATTO,11,84193366,11,39243887,CARLOSAZANELATTO@GMAIL.COM,,,
30217747000167,CAFFE & NEGOCIOS,11,50610373,,,CONTABILIDADE@CAFFENEGOCIOS.COM.BR,,,
30230068000128,NDZ7 CONSULTORIA,11,64320040,11,96432004,MIGUEL.ZACARIAS@NDZ7.COM.BR,,,
30250882000104,SIMPLIFICA CONTABIL,11,26933933,,,CONTATO@SIMPLIFICACONTABIL.COM.BR,,,
30291589000195,,11,31298878,,,JAQUEPS.SANTOS@GMAIL.COM,,,
30347724000177,,11,20621170,11,83303911,ERICKSMIRANDA18@GMAIL.COM,,,
30493689000102,ZIRG,11,85836640,,,DOUGLAS.OLIVEIRA@ZIRG.CNT.BR,,,
30547739000189,CARIO ASSESSORIA CONTABIL,11,10100434,,,,,,
30700788000100,WTJ SERVICOS CONTABEIS,11,92731734,11,24226957,WALTERTAVEIRAJUNIOR@BOL.COM.BR,,,
30769311000180,GR3 CONTABIL,11,34562698,,,CONTATO@GR3CONTABIL.COM.BR,,,
30906146000161,TSB ASSESSORIA CONTABIL,11,94473981,,,TSB.ACONTABIL@GMAIL.COM,,,
30909099000100,IN VISTA CONTABILIDADE,11,22310108,,,CARMEM.INVISTACONTABILIDADE@GMAIL.COM,,,
31249516000106,MARCELO OLIVEIRA CONTABEIS,11,58179201,,,MARCELOOLIVEIRACONTABEIS@GMAIL.COM,,,
31256434000180,,11,34884600,,,SOCIETARIOGA@GUARNERA.COM.BR,,,
26835228000195,CARVAL CONTABIL,11,44204091,,,FINANCEIRO@CARVALCONTABIL.COM.BR,,,
31658327000189,REDE ASSESSORIA,11,98825277,,,ALINEZANONI@REDEASSESSORIA.COM.BR,,,
31829669000114,MARCHETTI ASSESSORIA CONTABIL,11,37910363,11,89992844,BMARCHETTI@UOL.COM.BR,,,
31844691000133,RICMAR ASSESSORIA CONTABIL,11,35861015,,,CONTATO@RICMARCONTABILIDADE.COM.BR,,,
31907651000193,,11,20284403,,,CONTATO@DONCONTABIL.COM.BR,,,
31993899000114,KR ASSESSORIA CONTABIL E TRIBUTARIA,11,33848694,,,KRSE@GMAIL.COM,,,
32252937000140,FERTABIL,11,29504641,,,FRANCISCO.FERNANDES@FERTABIL.COM.BR,,,
32455166000199,ACCOUNTECH,11,45199927,,,ALMIR@ACCOUNTECH.COM.BR,,,
32497108000128,CONECTE CONTE,11,82873324,,,contemais.rosangela@gmail.com,,,
32706334000171,IBA SERVICOS CONTABEIS,11,75655273,,,ISABELBERTOLINO1@GMAIL.COM,,,
32772344000105,APORTE MAIS,11,45621387,,,FABIO@APORTEMAIS.COM.BR,,,
32810039000160,,11,74391902,,,BRUNO@CASFERASSESSORIA.COM.BR,,,
32811033000108,XXXXXXX,11,55495655,11,55796412,ORG-SAGRES@UOL.COM.BR,,,
32820312000138,INNOVER CONSULTORIA E ASSESSORIA CONTABIL E FINANCE,11,31989030,,,COMERCIAL@INNOVER-CONTABIL.COM.BR,,,
32811711000132,,11,43289021,,,DANICODIGNOTTO@YAHOO.COM.BR,,,
33148955000140,MOSTONN APOIO CONTABIL E TRIBUTARIO,11,99938669,,,ODETESAMTONDIN@HOTMAIL.COM,,,
33181882000198,,11,38660050,,,HEC@HECCONTABIL.COM.BR,,,
33255970000197,GRANT THORNTON BPS,11,38865100,,,FINANCEIRO.ATA@BR.GT.COM,,,
29117453000184,,11,99999999,,,TOPFINCONTABILIDADE@TOPFINCONTABILIDADE.COM.BR,,,
29006380000153,REAL FINANCEIRA S.A. - CREDITOS FINANCIAMENTOS E INVEST,11,42115333,,,atendimento@realcreditoassessoria.com,,,
33518260000102,DVTAX,11,50569430,,,VITOR@HABIBADVOGADOS.COM.BR,,,
33549199000160,FRANCELINE LOURENCO,11,25377771,11,31861108,FRANCELINE.LPIDO@YAHOO.COM.BR,,,
33770947000130,C&J ASSESSORIA CONTABIL,11,59961638,,,CEJASSESSORIACONTABIL@GMAIL.COM,,,
33791924000102,VERIT,11,23592822,,,LIKAANDRADE@GMAIL.COM,,,
33867050000120,SNL ASSESSORIA CONTABIL E FISCAL,11,27314226,,,SNL.ASSESSORIA@HOTMAIL.COM,,,
34170162000190,,11,26499341,,,CONTABILIDADE@FERNANDESOLIVEIRA.COM,,,
34171823000100,ANEXU,11,99913530,,,ATENDIMENTO@ANEXU.COM.BR,,,
34268356000122,,11,31713260,,,ALBERTOPEDREIRA@HOTMAIL.COM,,,
34300490000163,,11,33570335,,,MMANHONE@HOTMAIL.COM,,,
34325734000162,SANTANA & BASSETO,11,85598862,,,SANTANABASSETO@YAHOO.COM,,,
34334930000101,REGADAS CONTABILIDADE,11,50119993,,,LILIREGADAS@GMAIL.COM,,,
5754753000297,,19,38022732,,,MOURACONT.SOCIETARIO@GMAIL.COM,,,
34589896000108,JS ASSESSORIA CONTABIL,11,24958698,,,JS.CONTABIL19@GMAIL.COM,,,
34863940000126,FSP CONTABIL,11,71446934,,,,,,
35041553000177,,11,31647207,,,CONTATO@CELULACONTABIL.COM.BR,,,
35049937000136,HY RMS CONTABILIDADE EMPRESARIAL LTDA,11,23692151,11,23692128,CONTABILIDADE@RMSCONTABILIDADE.COM.BR,,,
35087674000150,,11,56731925,,,COBTABILDT@OUTLOOK.COM.BR,,,
35273558000125,JOAO GABRIEL FERREIRA BARBOSA,11,26263193,,,JG.BARBOSA86@GMAIL.COM,,,
35427406000130,CONTABILIZOFACIL,11,25533399,,,CONTATO@CONTABILIZOFACIL.COM.BR,,,
35444273000100,RMOURA CONTABILIDADE,11,84516615,,,REGINAPMOURA.RM@GMAIL.COM,,,
35481865000100,SERVICOS CONTABEIS COIMBRA MARQUES,11,28945912,11,91383012,SERVICOSCONTABEIS.CM@GMAIL.COM,,,
26982045000100,AGILIDADE CONSULTORIA CONTABIL,11,20281999,11,68345222,JOSE@AGILIDADECONSULTORIA.COM.BR,,,
35522132000168,,11,55993561,,,REPP@CSKCONTABIL.COM.BR,,,
35557160000110,ENJOY CONTABILIDADE ONLINE,11,38959000,,,CONTATO@ENJOYCONTABILIDADE.COM.BR,,,
35693763000140,CONECTHAR CONTABIL,11,23058814,,,CONTATO@CONECTHARCONTABIL.COM.BR,,,
35794425000102,TORRENZA CONTABIL,11,21541303,,,PROF.MAGDASOUZA@GMAIL.COM,,,
36192600000146,R S FACILITY CONTABILIDADE,11,22090692,11,47242559,CONTATO@RSFCONTABIL.COM.BR,,,
60662996000394,,11,32182622,,,RPUBLICAS@IRKO.COM.BR,,,
36445353000142,F&E CONTABILIDADE LTDA,11,86441333,,,FE.CONTABILIDADE2@GMAIL.COM,,,
36491383000195,,11,87833351,,,CONTATO@SOMARTE.COM.BR,,,
10848818000201,,11,29446895,,,CONTATO@ESCRITORIOAMAURY.COM.BR,,,
36859004000177,ALLIANCY CONTABILIDADE,11,38670405,,,CONTATO@ALLIANCYCONTABILIDADE.COM.BR,,,
36887153000140,LUCROS CONTABILIDADE,11,25813444,11,25816381,LUCROSCONTABIL@OUTLOOK.COM,,,
36922033000136,,11,99863635,,,ANTONIOC.AMANCIO@TERRA.COM.BR,,,
37095152000125,DATASERVICE SERVICOS CONTABEIS LTDA.,11,44422396,,,SAMUELSCAMPBELL@YAHOO.COM,,,
37132856000120,,11,31885900,,,CONTATO@BCSC.COM.BR,,,
37282446000166,GOLD PHOENIX CONTABILIDADE,11,55239555,,,ISMAIR@GOLDPHOENIX.COM.BR,,,
37379782000121,ABM PERICIAS,11,81629539,,,ANDRE@ABMPERICIAS.COM.BR,,,
37195822000185,,11,23012766,11,23010707,FABIO@RUEDAX.COM.BR,,,
37448343000123,SIMPLIFICOU,11,71461942,,,CONTABILIDADE@SIMPLIFICOU.COM.BR,,,
37554907000102,CONTROLLER ASSESSORIA PREVIDENCIARIA E REPRESENTACAO,11,86267071,11,45617992,CONTROLLER.ASSESSORIA@OUTLOOK.COM,,,
37639686000175,FOURCONT CONSULTORIA E ASSESSORIA CONTABIL,11,43052433,,,FOURCONTCONSULTORIA@GMAIL.COM,,,
37643669000101,AMPLITUDE CONTABILIDADE,11,27317622,,,AMPLITUDE.CONTABILIDADESP@GMAIL.COM,,,
37746501000121,,11,99138299,,,LOURENCOOLIVANETO@GMAIL.COM,,,
37787791000151,,11,29424000,,,CAECONTABILIDADE@OUTLOOK.COM.BR,,,
38118192000108,REIS CONSULTORIA CONTABIL E FINANCEIRA,11,74042456,,,DENILSONRREIS@GMAIL.COM,,,
38242670000197,MUNIZ CONTABILIDADE E CALCULOS JUDICIAIS,11,71958405,,,SEMUNIZ@HOTMAIL.COM,,,
38283110000180,DDP CONTABILIDADE,11,45648442,,,CONTATO@LINKCONTABIL.COM,,,
38300724000123,,11,31951846,,,CONTATO@ILUMINACONTABILIDADE.COM.BR,,,
38306375000157,V&C CONTABILIDADE,11,29599768,,,CAIO@VCCONTABILIDADE.COM.BR,,,
38827091000106,PRINCIPIA ASSESSORIA,11,55559130,,,CONTATO@PRINCIPIAASSESSORIA.COM.BR,,,
39349498000138,,11,20902688,,,SOLUCIONCONTABILIDADE@GMAIL.COM,,,
39388990000112,E.S.A. CONSULTORIA E ASSESSORIA CONTABIL,11,95181630,,,MEIRECONTABIL28@GMAIL.COM,,,
39394611000105,CLAU RAMOS ASSESSORIA CONTABIL,11,65488608,,,CLAURAMOSCONT@GMAIL.COM,,,
39400592000174,FLOW CONTABIL,11,96899916,,,SERGIO.YAMAZAKI1@GMAIL.COM,,,
39403489000188,,11,28027200,,,LEGAL@BALAN-SET.COM.BR,,,
39404886000174,FATUS CONTABILIDADE,11,95453678,,,FATUSCONTABILIDADE@GMAIL.COM,,,
39410778000104,ANWENDER SERVICOS CONTABEIS,11,98889838,,,ANWENDER.SERVICOSCONTABEIS@HOTMAIL.COM,,,
39541676000128,,11,20621245,,,E2Z@CONSULTORIAEMPRESARIAL.COM.BR,,,
39681134000150,ACX CONSULTING OFFICE,11,20601061,11,29146612,SOCIETARIO@ALFACRUXCONTABIL.COM.BR,,,
39700691000171,MARICCONT CONSULTORIA CONTABIL,11,67170717,,,MARICCONT@OUTLOOK.COM,,,
39752158000153,,11,83341735,,,FISCAL@SEKINIASSESSORIACONTABIL.COM.BR,,,
30676806000165,,11,20455900,,,ADMINISTRATIVO@MPICONTABILIDADE.COM.BR,,,
39918565000198,PERIN CONSULTORIA CONTABIL,11,83072878,,,SANDRAAURORAPERIN@GMAIL.COM,,,
39934794000104,MOACIR CANTINO FILHO,11,83189917,,,CANTINOF@GMAIL.COM,,,
40039104000124,LIBRAC CONTABILIDADE E CONSULTORIA,11,94067157,,,LIBRAC.CONTABILIDADE@GMAIL.COM,,,
40088918000159,GSOUZA CONTABILIDADE,11,82644781,,,GISLENE@GSOUZACONTABILIDADE.COM.BR,,,
40237914000195,JPS CONTADORES E AUDITORES INDEPENDENTES,19,35006937,,,FISCAL@AUSCULTAR.COM.BR,,,
40298933000121,JM CONTABILIDADE,11,80103573,11,84532345,JMSERV.CONTABEIS@GMAIL.COM,,,
40343427000107,MCW ASSESSORIA CONTABIL E EMPRESARIAL,11,33602399,,,SILVIA@LCRCONTABILIDADE.COM.BR,,,
40380304000146,,11,42105310,,,COMERCIAL@FAINACONTABILIDADE.COM.BR,,,
40414075000133,WPS ASSESSORIA CONTABIL E ADMINISTRATIVA,11,32292028,,,FISCAL@WPSASSESSORIACONTABIL.COM.BR,,,
40746698000103,DELLI CONTABILIDADE,11,94980472,,,ALEXANDREDELLI@HOTMAIL.COM,,,
40828231000102,,11,95927390,,,FABIDELAMARE@YAHOO.COM.BR,,,
39891313000112,ELIMARC,11,23373511,,,LUCINEIA@ELIMARCONTABILIDADE.COM.BR,,,
27840119000129,LM3 CONTABIL,11,83583267,,,ADM@LM3GESTAO.COM.BR,,,
41024583000178,SHIGUERU,5511,88178160,0,0,SHIGUERU29.T@GMAIL.COM,,,
41035470000178,THIAGO LAMOUNIER,11,30210110,,,THIAGO_LAMOUNIER@OUTLOOK.COM,,,
41044003000104,TECMAR CONTABIL,5511,61896774,0,0,IMLAU.JAQUELINE@GMAIL.COM,,,
41073348000196,,11,38131358,11,38123364,VDMUNIZ@YAHOO.COM.BR,,,
41216738000178,IMPORTCONT PARCERIA EM CONTABILIDADE,5511,98672488,0,0,ALEXANDRE@IMPORTCONT.COM.BR,,,
26530104000100,RVL CONSULTORIA CONTABIL,11,32621941,,,CONTATO@RVLSOLUCOES.COM.BR,,,
41279262000114,PRADO'S SERVICOS CONTABEIS E ADMINISTRATIVOS,11,81688579,11,42660413,PRADOSERVICOSCONTABEIS@GMAIL.COM,,,
41656045000104,LNV ACCOUNTING FAMILY,11,51424958,,,MARCOFISCAL@GMAIL.COM,,,
41682107000144,,11,32939255,,,MAEF@MAEF.COM.BR,,,
41925789000179,H LIMA,5511,63637180,0,0,HELENICEGLIMA@YAHOO.COM.BR,,,
26462774000128,LRT,11,42315820,,,MARCELO.FILHO@LRTCONTABIL.COM.BR,,,
40085736000124,SEVLA SOTNAS CONSULTORIA CONTABIL,11,66151739,,,JOAO.CONCEICAO@MOQUER.COM.BR,,,
30513886000138,INOVA RXS CONSULTORIA,11,66966441,,,INOVARXS@OUTLOOK.COM,,,
42039262000100,GRUPO QUANTUM,11,88564741,,,CONTATO@GRUPOQUANTUMCONSULT.COM.BR,,,
36311484000137,SURYA GESTAO CONTABIL & EMPRESARIAL,11,22972002,,,CONTATO@SURYACONTABILIDADE.COM.BR,,,
41788898000191,DESPERTAR CONTABILIDADE,11,41771737,,,CONTATO@DESPERTARCONTABILIDADE.COM.BR,,,
42312056000121,CONTABILIDADE INCENTIVO,11,38537490,11,20219010,SERGIO@CONTABILIDADEINCENTIVO.COM.BR,,,
42547055000166,,11,67301613,,,NATAL.MARCOS@HOTMAIL.COM,,,
30165001000157,PJ.ROCKS!,11,11111111,,,VICTOR@PEJOTA.ROCKS,,,
10446416000272,GF CONTABILIDADE,11,48722425,,,GFCONTABIL@GFCONTABIL.COM.BR,,,
42675282000177,MRJ CONTABILIDADE,5534,92021781,0,0,MAURICIOJUNIOR835@GMAIL.COM,,,
42865136000104,CJ ASSESSORIA CONTABIL,5511,75305095,0,0,CRISTIANE.TINS@GMAIL.COM,,,
39283664000140,ATTO CONTABILIDADE,11,32281209,,,ANGELA.ATTO@YAHOO.COM.BR,,,
43013522000130,,11,29504403,,,CONTATO@SLVCONTAIL.COM.BR,,,
43332440000159,ROMAO ASSESSORIA E CONSULTORIA,11,47497402,,,ANDERSONXROMAO@GMAIL.COM,,,
43339624000140,CONTABILIZA DIGITAL,5511,92075069,0,0,ALMEIDAJULIADM@GMAIL.COM,,,
43396448000189,,11,61289359,11,86867696,ATENDIMENTO@LAVOROCONTABILIDADE.COM.BR,,,
43456416000121,AMARAL NUNES CONTABILIDADE LTDA,11,68985834,,,ATENDIMENTO.AMARALNUNES@GMAIL.COM,,,
43625807000122,,11,52615000,,,ADAVILSON.CONCEICAO@APRIORIBRAZIL.COM,,,
43650136000150,FRIENDLY CONTABILIDADE,11,73376479,0,0,GILBERTO.P.CONTABILISTA@GMAIL.COM,,,
43777949000105,MRC EMPRESARIAL,11,51994979,,,NARA@MSCX.COM.BR,,,
43819627000181,WLC SERVICOS CONTABEIS,11,48822349,,,WARLEYLC189@HOTMAIL.COM,,,
43822334000153,CONTABIL DEPHENDER,11,30272760,,,CONTABILDEPHENDER@HOTMAIL.COM,,,
32073020000189,ENIATO CONTABILIDADE,11,42107887,,,JOSE.ROBERTO@ENIATOCONTABILIDADE.COM.BR,,,
42173976000106,FPS CONSULTORIA & GESTAO,11,54611005,,,CONTATO@FPSACE.COM.BR,,,
36673284000124,TOTALITY CONTABILIDADE DIGITAL,11,87382405,,,CONTABIL@TOTALITYCONTABILIDADE.COM.BR,,,
40730552000170,VIVAZ CONTABIL,11,94209979,,,SOCIETARIO@VIVAZCONTABIL.COM.BR,,,
40018530000181,QUALITAH SERVICOS CONTABEIS,11,21547725,,,LUCIANO@QUALITAHCONTABILIDADE.COM.BR,,,
40318549000143,JOURNEYCONT,11,33583606,,,LEGAL@JOURNEYCONT.COM.BR,,,
33509046000190,GR ASSESSORIA E CONSULTORIA,11,87079497,,,FINCONT.GR.ASSESSORIA@GMAIL.COM,,,
32854864000167,,11,74533430,,,ROBERTO@SOPHISTICGESTAO.COM.BR,,,
38450684000104,PORTO CANUTO CONTABILIDADE & CONSULTORIA LTDA,11,68067164,,,JOADIACONTABIL@GMAIL.COM,,,
38186306000157,CONTABCERT,11,41168909,,,CONTABIL@CONTABCERT.COM.BR,,,
42973021000133,ASM ASSESSORIA E COMERCIO,11,63514212,,,AMEDINA.VET@GMAIL.COM,,,
27889892000180,MAX ALPHA SERVICOS CONTABEIS,11,13250218,,,CONTABIL.ALPHA@MAXSERVICECONTABIL.COM.BR,,,
43477786000145,MARTINSCO,11,40077853,,,TIERRY@MARTINSCO.COM.BR,,,
38163282000110,ASECOM ASSESSORIA E CONTABILIDADE,11,32714663,,,ASECOMSERVICOS@OUTLOOK.COM,,,
29607234000183,EUROPARTNER CONTABILIDADE SAO PAULO,11,34232389,11,45633221,CONTATO@EUROPARTNER.COM.BR,,,
30245147000102,GALHARDO CONTABILIDADE,11,45549123,11,82621227,THIAGO@GALHARDOCONTABILIDADE.COM.BR,,,
35805956000145,F 7 CONTADORES,11,42437446,,,CONTATO@F7CONTADORES.COM.BR,,,
43595096000190,ORGANIZZE SOLUCOES EMPRESARIAIS,11,41841385,,,CLIENTES@ORGANIZZESOLUCOES.COM.BR,,,
35328135000165,,11,94314758,,,CONTADORA.MICHELE@GMAIL.COM,,,
44013070000150,NOGAP EXPERTS,11,39383658,,,DOCUMENTACAO@NOGAPCONSULTORIA.COM.BR,,,
44056222000100,,51,30375034,,,CONTRATOS@RUSSELLBEDFORD.COM.BR,,,
44073065000132,,11,94626033,,,MACYCONTABILIDADE@GMAIL.COM,,,
44098177000148,CLIFTON LARSON ALLEN BRASIL CONSULTORIA CONTABIL,11,92953574,,,FARAUJO@HILLSCONSULTORIA.COM.BR,,,
44355860000113,DATECON,11,20657766,,,LEGALIZACAO@DATECON.COM.BR,,,
44429070000135,CONTREL ASSESSORIA CONTABIL,11,26183386,,,CONTRELCONTABILIDADE@ICLOUD.COM,,,
44459669000111,CONTABIL JARDIM,11,50774002,,,CONTATO@CONTABILJARDIM.COM.BR,,,
44499557000194,PRIMAZIA CONSULTORIA & CONTABILIDADE LTDA,11,38732727,,,GIOVANNI@PRIMAZIACONTABILIDADE.COM.BR,,,
44646197000106,LEME & RIBEIRO CONTABILIDADE,11,87597589,,,RCONTABILIDADE2022@GMAIL.COM,,,
44650173000120,CJM CONTABILIDADE,11,74408381,,,CLEBERJMOREIRA@GMAIL.COM,,,
44742136000142,REGULARIZEI ASSESSORIA CONTABIL,11,71154135,,,CONTABIL.REGULARIZEI@GMAIL.COM,,,
44844327000115,BEDNARSKI CONSULTORIA CONTABIL LTDA,11,43056044,11,,ARTHUR@BEDNARSKI.COM.BR,,,
44855733000183,CONRESULT CONTABILIDADE,11,64267450,,,LETICIAC.CONTABILIDADE@GMAIL.COM,,,
44917298000174,ALEA CONTABIL,11,96446952,0,0,JANIRFILIPETTO@YAHOO.COM.BR,,,
44931580000106,,11,51806666,,,ATENDIMENTO@SSCA.COM.BR,,,
44942583000145,IMPACTHA,11,95985318,0,0,FELICIODIAS@TERRA.COM.BR,,,
45048674000102,BRILLIANT MIND CONTABILIDADE,11,68361503,0,0,WELLINNEG@HOTMAIL.COM,,,
45136032000157,K&B CONSULTORIA TRIBUTARIA E EMPRESARIAL LTDA,11,59789335,,,CONTATO@KEBASSESSORIA.COM.BR,,,
45154413000169,,11,95079641,,,SCHEILAGR.CONTABIL@GMAIL.COM,,,
45530097000182,MARTINEZ GESTAO E CONTROLE,11,96660506,0,0,AL_MARTINEZ@IG.COM.BR,,,
45581072000108,SOUL FINANCE,11,47889520,,,JOSE.LUIZ@SOULFINANCE.COM.BR,,,
45681099000172,STLA BRAZIL ASSESSORIA CONTABIL LTDA,11,52000308,,,SAC@STLA.COM.BR,,,
45700360000134,ELIGO CONSULTORIA,12,88149039,,,LUZINETE@ELIGOCONSULTORIA.COM.BR,,,
45856170000100,,11,30814060,,,REGINALDO@CONTABILIDADECONECTA.COM.BR,,,
45896303000172,RUGANI CAPITAL LTDA.,11,54730155,,,RUGANI.CAPITAL@GMAIL.COM,,,
46041633000149,WAL CONTABILIDADE,11,96319263,,,CTWAGNERALUIZ@GMAIL.COM,,,
46270978000174,,11,49981122,0,0,SABRINASFSOUZA@GMAIL.COM,,,
46290248000135,,11,94784180,,,SILVANA.SEDCONTABILIDADE@HOTMAIL.COM,,,
46432562000105,SANTOS E SANTOS ASSESSORIA CONTABIL,11,95060755,0,0,JKWKY@HOTMAIL.COM,,,
46486843000140,M. B. ARAUJO CONTABILIDADE,11,79703556,0,0,FMPARAUJO10@GMAIL.COM,,,
46670221000178,,11,73920017,,,ALEXANDRECDOM@GMAIL.COM,,,
46980628000100,ADDEWEB,11,74941716,0,0,ROGERIO@ADDEWEB.COM,,,
47047066000109,,11,80153484,,,CESARLCONTADOR@GMAIL.COM,,,
47104496000107,GRA CONTABILIDADE,11,32977803,,,GRACONTABILIDADE1@GMAIL.COM,,,
30102178000457,ESPECIALISTAS INTELIGENCIA CONTABIL,62,39980120,,,CONTATO@REDEESPECIALISTAS.COM.BR,,,
47325189000156,OSCEOLA CONTABIL,11,81042272,,,CONTABIL@OSCEOLACONTABIL.COM.BR,,,
47327575000187,MOREIRA MENDES CONSULTORIA & CONTABILIDADE SP,48,33717761,,,CONTATO@MOREIRAMENDES.COM.BR,,,
47372434000186,A R SANTOS CONTABILIDADE,11,71675720,,,CONTABILIDADE@ARSANTOSCONTABILIDADE.COM.BR,,,
47478733000108,B&C CONTABILIDADE,11,33440731,,,BC@CONTABILIDADEBC.COM.BR,,,
47480477000185,,11,80573315,,,CAIO.CJCM@GMAIL.COM,,,
47528381000140,CONTA UNICA CONTABILIDADE,11,86590387,,,CONTATO@CONTAUNICACONTABILIDADE.COM.BR,,,
47624157000151,SEINCO CONSULTORIA,11,76133884,11,98386980,COMERCIAL@SEINCOCONSULTORIA.COM.BR,,,
47641376000149,JP ASSESSORIACONT,11,99078120,,,JP.ASSESSORIACONT@GMAIL.COM,,,
47722565000146,,11,32864849,,,PARALEGAL@TAKARA.COM.BR,,,
47730977000128,,11,94784895,,,CONTABIL.MARCHESINI@GMAIL.COM,,,
47752917000106,,11,50895900,,,SERGIO@MASTERAUDITORES.COM.BR,,,
47845937000121,BRANDAO ASSESSORIA CONTABIL E TRIBUTARIA,11,94626487,0,0,THIAGOBRANDAO@TIPTOP.COM.BR,,,
47866514000198,BRITO & PIOVEZAN CONTABILIDADE,11,94654637,0,0,ALOBRITO@HOTMAIL.COM,,,
47953569000135,,11,73235949,,,LUCIANA_BJ@YAHOO.COM.BR,,,
47959787000187,JHS ACCOUNTANCY,11,83141721,0,0,JOSE_HONORIO@LIVE.COM,,,
48172281000196,VISTA CONTABIL,11,81130170,0,0,LEANDRORAMOSDEMACEDO@GMAIL.COM,,,
48177326000115,CJS ASSESSORIA CONTABIL,11,84628225,0,0,CRISTIANO_DP@YAHOO.COM.BR,,,
48225949000116,JA1000 SERVICOS E COMERCIO,11,92957956,,,SJA1000@UOL.COM.BR,,,
48323143000160,,11,30818677,,,SOCIETARIO@RNVCONSULTORIA.COM.BR,,,
48343466000116,,11,71746062,,,CONTATO@MDCONT.COM.BR,,,
48447520000173,SR CONSULTORIA CONTABIL,11,96439020,0,0,RICARDOSIMALDP@GMAIL.COM,,,
48554193000159,CERTUS CONTABEIS,11,89981951,,,LUCIANE.BARBOSA@HOTMAIL.COM,,,
48578112000150,,11,85464400,,,DAS.DANIELA@OUTLOOK.COM,,,
48594906000108,,11,91722879,0,0,BETH.SK@UOL.COM.BR,,,
48645464000181,RC SERVICOS E CONSULTORIA CONTABIL LTDA,11,97266453,0,0,REGINACINQUINI@GMAIL.COM,,,
48794818000150,,11,46788584,,,LUIZCRUZ@CRZCONTABILIDADE.COM,,,
48851266000174,,11,56423370,,,TRIBUTOS@INCOMPANNY.COM.BR,,,
49088957000120,ONS ASSESSORIA CONTABIL,11,55482117,,,FISCAL@FLECONCONTABIL.COM.BR,,,
28026535000231,DOMINO TAX,51,97081976,,,CONTATO@DOMINOTAX.COM.BR,,,
49214401000133,,11,43273385,,,AGPENIDO@GMAIL.COM,,,
49421413000139,CONTMARF,11,33778081,,,CONTMARF@CONTMARF.COM.BR,,,
49472612000176,OLVS CONTABILIDADE,11,68442733,11,85633463,CNPJ@OLVS.COM.BR,,,
49510271000186,JCONT TAX SOLUTIONS,11,54464193,0,0,JAMILE.NCHAHINE@GMAIL.COM,,,
49553475000102,,11,99767445,0,0,ALEXANDREADVERCOLI@AASP.ORG.BR,,,
49647367000190,RENATO MATTOS,11,53071334,,,CORREAMATTOS@HOTMAIL.COM,,,
49860886000132,BISSOLLI CONTABILIDADE,11,22043966,,,CONTATO@BISSOLLI.COM.BR,,,
49868826000166,FINANZ CONTABIL,11,50446262,,,ATENDIMENTO@FINANZCONTABIL.COM.BR,,,
50144769000151,,11,50800880,,,CORPORATE@AURIUSCORPORATE.COM,,,
50212875000125,KONT.,21,98012363,0,0,CONTATO@KONT.COM.BR,,,
50321146000107,,11,31241000,,,EIBO21@HOTMAIL.COM,,,
50493340000170,CONTABILIDADE FERNANDES,11,47244031,0,0,CONTABILIDADEFERNANDES@HOTMAIL.COM,,,
50523211000187,MARVAR,11,71897776,,,MARCOS.VARANDA@TERRA.COM.BR,,,
50527766000105,SAMPAIO SERVICOS CONTABEIS,24,35126776,,,UVS@UVSCONT.COM,,,
50528473000134,R BARROS CONTABILIDADE,11,55541221,0,0,RABARROS82@GMAIL.COM,,,
50547418000191,,11,89272752,,,ARLI.SANDRA15@GMAIL.COM,,,
50578759000124,NUNO IMOVEIS,11,46571466,0,0,MARCOSP@INTEGRADORA.COM.BR,,,
50614729000126,YGO SERVICOS CONTABEIS E BPO,11,88734223,,,YLANNI.GOLIVER@GMAIL.COM,,,
50624753000146,,11,43068324,,,CONTATO@OPINIAOBR.COM,,,
50679929000167,CONTFI SERVICOS E TREINAMENTOS,11,77245583,,,ANA.PEDRASSA@GMAIL.COM,,,
50804561000111,FORTEAM,11,13268669,,,CONTATO@FORTEAMCONTABIL.COM.BR,,,
50883687000129,CONTABILIDADE POTENZA,11,78583030,,,CONTATOCONTABILIDADEPOTENZA@HOTMAIL.COM,,,
51142029000149,SA TELES CONTABILIDADE,11,93160944,,,,,,
51146729000101,,11,88676777,,,REISEDILSON@UOL.COM.BR,,,
51225724000174,,11,51282417,,,DIRETORIA@CONTABILWSJ.COM,,,
51253950000169,,11,33351982,,,CONTABIL@PEGASOCONTABILIDADE.COM.BR,,,
51297219000135,,11,85138033,,,LEONIDAS.ARRUDA@2PAR.COM.BR,,,
51342420000197,PRIME SERVICOS CONTABEIS LTDA,11,82647850,11,56668808,RONALDO@PRIMERSR.COM.BR,,,
44252015000112,ANGEL'S ZILMA,11,90089476,,,ZILMA_JORDAO@HOTMAIL.COM,,,
51361650000101,,11,25382145,11,25382145,CLEUSA.RZAFFONSOCONT@TERRA.COM.BR,,,
51397439000130,PORTAL SIMPLES CONTABILIDADE,11,51989550,,,CONTATO@PORTALSIMPLES.COM.BR,,,
51431314000180,METODO PJ,11,32276060,,,PARALEGAL@CONTABILRH.COM,BR,,
51491995000171,,11,64317970,,,DAIANE@CTDCONSULTORIA.COM,,,
51569733000182,CSA - CONSULTORIA SOUZA E ASSOCIADOS,11,99999999,,,LUIZ.SOUZA@CSACONSULTORIA.COM,,,
51610015000102,LIGIA APARECIDA CONTABILIDADE,11,54963313,,,ASCOM.LIGIA@GMAIL.COM,,,
51656168000190,D&R SOLUCOES CONTABEIS,11,36451008,11,64349514,DRCONTABILIDADE10@GMAIL.COM,,,
51778920000176,MF INTEGRACAO,11,87498867,0,0,FABIO@MFINTEGRACAO.COM.BR,,,
51856996000172,EBITDA CONTABILIDADE,11,89713666,0,0,LULAPEREIRADACRUZ@GMAIL.COM,,,
51930096000128,,11,23459800,,,META_ASSESORIAEMGERAL@HOTMAIL.COM,,,
52029904000143,MV CONTABILIDADE DIGITAL,11,94380496,,,FINANCEIRO@CONTABILIDADEMV.COM.BR,,,
52154106000143,,11,75977334,,,JA_BRITO@YAHOO.COM.BR,,,
52225478000113,GOMES R&A,11,76286460,0,0,RICARDOGCOSTA27@HOTMAIL.COM,,,
52310905000161,SOLUX CONSULTORIA TRIBUTARIA,11,75669557,,,RONALDO_LOUZEIRO@YAHOO.COM.BR,,,
52099628000190,TRIADA CONTABIL,11,39668730,11,51949699,CONTATO@TRIADACONTABIL.COM,,,
50618299000200,SG ASSESSORIA CONTABIL,11,31096960,,,LEGALIZACAO.SP@GRUPOSG3.COM.BR,,,
52478980000136,,11,11111111,22,22222222,DJGHENOV@YAHOO.COM.BR,,,
52493254000192,,11,29529890,,,CONTABIL@PEDRONAKA.COM.BR,,,
52500012000189,AVX GESTAO E ESTRATEGIA EMPRESARIAL,11,12000965,,,CONTATO@AVXESTRATEGIA.COM.BR,,,
52582981000126,VENETO PERICIA,11,70858201,,,RENATO.MORANDIM@GMAIL.COM,,,
52612572000125,FERCONSULT CONSULTORIA & ASSESSORIA EMPRESARIAL,11,27296579,,,CONTATO@FERCONSULT.COM.BR,,,
52780408000127,,11,97189857,,,OFJORDAO@UOL.COM.BR,,,
52798315000120,,11,25945720,,,CONTATO@ACERTAASSESSORIA.COM.BR,,,
52862956000104,TRANSFORMMIT CONTABIL,11,63636974,0,0,TSANTOS0905@GMAIL.COM,,,
53029432000191,VGR,11,44424320,,,ATENDIMENTO@VGR.CNT.BR,,,
53035681000190,WA ASSESSORIA CONTABIL E FINANCEIRA,11,93108284,,,WA.CONTABIL23@GMAIL.COM,,,
53072660000144,RNR ASSESSORIA CONTABIL,11,77447967,0,0,JOSEMAR_GSILVA@HOTMAIL.COM,,,
53181303000114,IZEPI CONTABIL,11,84267711,0,0,SERGIOIZEPI@IG.COM.BR,,,
53208335000166,FORESIGHT,11,88296969,,,RODRIGO_INTERCONT@HOTMAIL.COM,,,
53246083000160,LEILA FRANCA,11,73356484,0,0,LEILAHARUMI@GMAIL.COM,,,
45518729000273,VILLARDI,21,31082745,,,CONTATO@VILLARDI.COM.BR,,,
53444388000186,ORGANIZACOES EXPRESSO CONTABILIDADE,11,98953345,0,0,ORGANIZACOESEXPRESSO@TERRA.COM.BR,,,
53468990000153,PLATAFORMA CONTABIL,11,49940591,,,COMPLIANCE@SPA-BR.COM,,,
53513889000177,,75,83562545,0,0,MURILO@LISICONT.COM.BR,,,
53532120000104,,11,45504695,,,CONTATO@LCCONTABILSP.COM.BR,,,
53569840000136,EFM CONTABILIDADE E CONSULTORIA,11,83442630,,,LEGAL@SOALHE.COM.BR,,,
53734171000100,FSOLUTIONS DIGITAL,11,44201443,,,CONTATO@FSOLUTIONS.COM.BR,,,
53759222000159,,11,67928896,0,0,2M2RSOLUCOES@GMAIL.COM,,,
53840274000155,,11,50621571,,,WAGNER_FARIA@HOTMAIL.COM,,,
53615926000158,ARLYS,11,96473362,0,0,BASEFISCAL.CONTABIL@GMAIL.COM,,,
53852616000157,GUEIROS CONTABILIDADE,11,63476208,,,KAROLINE@CONTABILIDADEGUEIROS.COM.BR,,,
53878478000185,SOCIETA CONTABIL,11,50269036,,,RAFAEL@SOCIETACONTABIL.COM.BR,,,
53940838000121,CONSULSS,11,47778911,0,0,CONSULSS@YAHOO.COM.BR,,,
53944378000100,PGF ASSESSORIA EMPRESARIAL E CONTABIL,11,97969698,11,79696984,PATRICIAGUERRAFERNANDES@GMAIL.COM,,,
53996496000161,CONTA.DR CLINICAS SP,31,31104974,,,LEGAL@CONTADR.COM.BR,,,
54548820000141,,11,30549249,,,MENEZESVICTOR7@GMAIL.COM,,,
54719205000150,STARTCONTROL,11,31445442,0,0,STARTCONTROL1@GMAIL.COM.BR,,,
54745082000122,MIRANDA CONTABILIDADE INTELIGENTE,11,84066302,0,0,MIRANDACONTABIL2024@GMAIL.COM,,,
54800795000141,ALLUME CONSULTORIA CONTABIL E EMPRESARIAL,11,35549470,,,FISCAL@ALLUMECONTABILIDADE.COM.BR,,,
54989745000154,A. CALDERINI CONTABILIDADE & GESTAO,11,56708885,,,CONTATO@ACALDERINICONTABILIDADE.COM.BR,,,
55043217000170,JEFTE CONTABILIDADE,11,47272092,0,0,PESSOAL@JEFTECONTABIL.COM.BR,,,
55073488000179,GWRR SERVICOS CONTABEIS,11,37740953,,,CONTATO@SAVECONTABILIDADE.COM.BR,,,
55088854000163,GONCALVES ASSESSORIA EM CONTABILIDADE,11,97402226,11,74022269,PAULOPIUMHI@GMAIL.COM,,,
55110611000184,,11,71696757,,,OGASCON1@GMAIL.COM,,,
55116398000118,LDWILSON,11,81968758,,,LUCIANADORIA@HOTMAIL.COM,,,
55373735000152,,11,1,11,1,,,,
55418392000103,,11,32947924,,,ATENDIMENTO@BPPARALEGAIS.COM.BR,,,
55481371000124,A&G ASSESSORIA CONTABIL E EMPRESARIAL,11,93207408,0,0,GARCIAS31@HOTMAIL.COM,,,
55564216000171,CONTROLLA HUB,11,58671278,,,YURI@MENEGASSEORG.COM,,,
55698085000115,GEST CONTABILIDADE LTDA,11,48104384,0,0,ANDREALVES.ALDA@GMAIL.COM,,,
55750579000100,JFR ASSESSORIA CONTABIL,11,47311822,0,0,JAKIIFRAN.RODRIGUES@GMAIL.COM,,,
19355412000415,,21,38564273,,,FINANCEIRO@FOCUSCONTABIL.COM,,,
55953021000113,DAP CONTABILIDADE,11,22222222,,,DANILO-HERO@HOTMAIL.COM,,,
56171620000148,,11,32587505,,,CONTATO@CONTCERTA.COM.BR,,,
56213516000179,,11,45047000,,,LEGALIZAMORUMBI@SOLUTTA.COM,,,
56253947000169,HM SCP,11,52424212,,,ATENDIMENTO@HEALTHMERCANTIL.COM.BR,,,
56776093000103,,11,99919008,,,RYBEZERRA@GMAIL.COM,,,
57001222000146,,11,91414381,0,91414381,CONTATO@LORENADUDA.COM.BR,,,
57114645000172,RSS ASSESSORIA E CONSULTORIA CONTABIL,11,50621571,,,CONTATO@PSERVICECONTABIL.COM.BR,,,
57166286000105,KMB MOURA,11,82295561,,,KMBMOURACONT@GMAIL.COM,,,
57167976000170,EFETIVA CONTABILIDADE,11,45656318,,,SOCIETARIO@NOBRECONTABILIDADESP.COM.BR,,,
57244023000169,BRAVURA CONTABILIDADE,11,52537000,0,0,ADRIANO@BRAVURACONTABIL.COM.BR,,,
57335845000155,CAPITALY CONTABILIDADE,11,51835422,,,CONTATO@CAPITALYCONSULTORIA.COM,,,
57413402000135,,11,42100320,,,DIEGO@DCONTCONTABILIDADE.COM.BR,,,
57448621000150,CYBERCOUNT,11,43951493,,,COMERCIAL@CYBERCOUNT.COM.BR,,,
57497282000100,CONTABILIDADE RENOVADA DIGITAL,88,99275927,0,0,JHULYENPESSOAPEREIRA@GMAIL.COM,,,
57528992000141,FINAVANCA CONTABILIDADE LTDA - ME,11,50478066,,,RENTABILIZACONTABILIDADE@GMAIL.COM,,,
3050237000337,,21,99141402,,,ADILSON@CWCONTABILIDADE.RIO,,,
57750704000107,,11,89586649,,,SCA@SCACONTABILIDADE.COM.BR,,,
57937233000132,CONTABILIDADE,11,47809390,0,0,CARLOS@CLFCONTABILIDADE.COM.BR,,,
57999671000125,CONEXTFY,11,71873477,,,REGIANE@CONEXTFY.COM,,,
58079814000143,SANJI CONTABILIDADE,11,13736716,,,SANJI@SANJI.COM.BR,,,
57151973000149,,11,22517077,,,MATIASPRANDINI@MATIASPRANDINI.COM.BR,,,
58157446000104,CONTICS - CONSULTORIA E SERVICOS CONTABEIS S/S,11,22151123,,93725778,CONTICS@CONTICS.COM.BR,,,
58282586000104,ONCA CANSADA,11,76216835,,,OI@ONCACANSADA.COM,,,
58459171000163,,11,20505320,,,FINANCEIRO@CLAGLOBAL.COM.BR,,,
58502310000194,CGE CONTABILIDADE E GESTAO EMPRESARIAL,11,70501037,0,0,WILSONSANTOS@CGEASSESSORIA.COM.BR,,,
58505875000125,,11,51058773,,,FF.CONTABIL@OUTLOOK.COM,,,
58516616000108,,11,68571053,,,TULIOCOSTA2017@GMAIL.COM,,,
58539872000102,MR VEIGA CONSULTORIA CONTABIL,11,64313500,0,0,MARYANNA.VEIGGA@LIVE.COM,,,
58646793000109,MONDARI CONTABILIDADE E GESTAO EMPRESARIAL,11,52258198,,,MGALLOTTI90@GMAIL.COM,,,
58665572000170,SINOVI,11,96234261,,,MARCOS.SOUZA@SINOVI.COM.BR,,,
54695552000190,PERSEVERANTES TECNOLOGIA & INOVE SOLUCOES EMPRESARIAIS,11,35301234,,,LEGAL@PERSEVERANTES.COM.BR,,,
58706428000134,OPENCONT CONTABILIDADE,11,51280602,,,LUIZ-ARRUDA@LIVE.COM,,,
58806876000100,CES CONSULTING,11,30431100,,,COMERCIAL@CESCONSULTING.COM.BR,,,
58833544000114,,11,15202801,,,JANZINI.CONTABILIDADE@GMAIL.COM,,,
58648005000105,L12V ASSESSORIA CONTABIL E EMPRESARIAL,11,36180349,,,LUIZ.VIOLA@L12V.COM.BR,,,
58944395000160,ALPHA MILLENNIUN,6920601,11,93606207,,,PAULO.RSANTOS@YAHOO.COM.BR,,
46469065000181,CSO SERVICOS CONTABEIS,11,83571063,0,0,CONTABIL@VINCIEBARAU.COM.BR,,,
21593182000202,DON CONTABILIDADE E CONSULTORIA,77,99795492,,,POMPILIODONATO@DONCONTABILIDADE.COM.BR,,,
59105807000131,,81,95676925,,,GP@AIDA.COM.BR,,,
59169242000156,LIBANO CONTABILIDADE,11,82647380,11,82647380,CONTATO@LIBANOCONTABILIDADE.COM.BR,,,
50341492000157,GUTIERREZ CONTABILIDADE,11,41697417,,,DIEGOMONTEIROGUTIERREZ@GMAIL.COM,,,
59277003000110,,11,98792605,,,ANA.REGINALDO.CONTABIL@GMAIL.COM,,,
59621119000124,,11,26518914,11,86832422,KAAH_PCASTRO@HOTMAIL.COM,,,
59700965000130,,11,52103640,11,52103640,JEFFERSONFMACHADO10@HOTMAIL.COM,,,
52941565000177,CONTHLLINE SOLUCOES EMPRESARIAIS,11,48554948,,,AGABRIELJR@OUTLOOK.COM,,,
59742092000128,ANDRESSA ALVES DURAES,11,78347825,,,ANDRESSA.ADURAES@GMAIL.COM,,,
59853319000102,GRC CONTABIL,11,67205881,,,CONTADOR_GABRIEL@HOTMAIL.COM,,,
60006820000112,,11,99049430,,,GERENCIA@ISSCONTABIL.COM.BR,,,
60226240000130,,11,76469589,,,ERIKA@EACHIOMENTO.COM.BR,,,
60250979000188,,11,90891890,,,CONTATO@AGAPE.COM,,,
60386599000175,MEU CONTADOR CONTABIL,11,76039212,,,DIEGO_SIMORIM@OUTLOOK.COM,,,
60551932000154,ROSANGELA MARIA ASSESSORA CONTABIL,11,96991747,,,ROSANGELA.MCONTADORA@GMAIL.COM,,,
60621732000120,,62,91958089,62,91958089,LUIZCALVIELLO@GMAIL.COM,,,
60747039000107,MBO SAO PAULO,16,36202470,,,CONTATO@GRUPOMBO.COM.BR,,,
60788219000129,MORUMBI CONTABILIDADE LTDA,11,30425555,,,CONTATO@MORUMBICONTABILIDADE.COM.BR,,,
60788651000110,EABS CONSULTORIA FISCAL & CONTABIL,11,60733585,,,EABS.CONSULTORIA@GMAIL.COM,,,
60834416000137,LD ASSESSORIA CONTABIL,11,20833737,11,83730075,LDCONTABIL@OUTLOOK.COM,,,
60862096000129,PADUA CONSULTORIA CONTABIL,11,79929045,,,KAMYLI@PADUACONSULTORIACONTABIL.COM,,,
60896857000163,MARTINS CONTABILIDADE,11,83704809,,,CAIO.MARTINSCONT@GMAIL.COM,,,
61002026000163,CINTIA C S LUZ,11,88628866,,,CINTIACRISSILVALUZ@GMAIL.COM,,,
55818697000102,CONTEOS ASSESSORIA CONTABIL,11,72771501,0,0,LAIS.LIMA@CONTEOS.COM.BR,,,
61058486000103,CONTABILIDADE COM JAINE,11,32886721,11,32886721,JAINE2309@HOTMAIL.COM,,,
61222747000189,,11,77791541,11,77791541,BEATRIZPSANTOS57@GMAIL.COM,,,
61247791000143,MACHADO KUVIEK CONTABILIDADE,11,64185722,,,CONTATO@MACHADOKUVIEKCONTABILIDADE.COM.BR,,,
61271756000160,FISCO PRO,11,35540023,,,SPFISCOPRO@GMAIL.COM,,,
45293409000181,MAFEU CONTABILIDADE,19,93710260,,,MAYARA@MAFEUCONTABIL.COM.BR,,,
61363849000114,,11,83421310,,,CONTABILTIGRE@GMAIL.COM,,,
61434370000121,JBUENO CONTABILIDADE INTEGRADA,11,60323678,,,JANDRADEBUENO@YAHOO.COM.BR,,,
45105266000137,PREMIUM ASSESSORIA CONTABIL,11,29541804,,,EMERSON@LEGFISCO.COM.BR,,,
61810574000110,,11,59786174,,,JOIASJAT@GMAIL.COM,,,
44736449000198,CONTABIL MELLO,11,47215036,,,CONTABILMELLO@OUTLOOK.COM,,,
57184438000194,,11,51835422,,,CONTATO@CAPITALYCONSULTORIA.COM,,,
61019612000110,EFICON MASTERS,11,55237947,,,COMERCIAL@EFICONMASTERS.COM.BR,,,
48531662000114,,11,28027200,,,LEGAL@BALAN-SET.COM.BR,,,
52893895000134,APC ASSESSORIA CONTABIL,11,95941590,11,59415902,COMERCIAL@APCASSESSORIACONTABIL.COM.BR,,,
53739302000142,,11,49382115,,,VINICIUS.REZENDE1@OUTLOOK.COM,,,
50178613000191,REI DOS REIS CONTABILIDADE E CONSULTORIA FINANCEIRA,11,72992207,,,LUCASFAG.SILVA@GMAIL.COM,,,
49570232000174,E.S CONTABILIDADE_DIGITAL,11,54534613,,,ESTERFS.CONTABIL@GMAIL.COM,,,
61995377000112,OBJETIVO CONTABILIDADE,11,49381451,11,97236520,CONSULT.SOCIETARIO@GMAIL.COM,,,
62007294000130,,11,98382502,,,THIAGO.DM.SILVEIRA@GMAIL.COM,,,
62139353000124,ACESSO EMPRESARIAL,11,27681691,11,98408100,ACESSOEMPRESARIAL@GMAIL.COM,,,
62142226000184,REVICTA,11,48746711,,,CONTATO@REVICTA.COM.BR,,,
62357621000184,AVANTE,11,40148754,,,FERNANDADIASRODRIGUES17@GMAIL.COM,,,
62383598000100,OLINCON CONTABILIDADE,11,20926363,11,20926639,OLINCON@UOL.COM.BR,,,
62393056000100,,11,95913749,,,LSSANTOS302@GMAIL.COM,,,
62576641000146,ATLAS DIGITAL CONTABIL,11,60921536,11,69971229,PAULOPH.NEGOCIOS1982@GMAIL.COM,,,
62875123000123,MEV GESTAO E CONSULTORIA LTDA,11,65099613,11,99999999,MEVGESTAOECONSULTORIA@OUTLOOK.COM,,,
63014092000189,GONCALVES MOTA CONTABILIDADE,11,93349260,,,GONCALVESMOTACONTABILIDADE@GMAIL.COM,,,
63032555000135,NRV CONTABILIDADE,11,29899870,,,NRV.CONTABILIDADE@GMAIL.COM,,,
63035360000149,CONTABILIDADE DIGITAL CRE,11,57778504,11,87481340,CONTCRE.SER@GMAIL.COM,,,
63047376000171,,11,32677136,,,CONTABILIDADE@LUDOGROUP.COM.BR,,,
62847079000148,,11,67117816,,,LILIANE_MORAES@YAHOO.COM.BR,,,
63054864000106,,11,54286713,,,ALLAN_PACHECO@OUTLOOK.COM,,,
63164607000127,,11,52180247,,,ABDEL.NS@OUTLOOK.COM,,,
63305365000144,,11,93303030,11,,PROJETOS@TECHSOLVERCONSULTORIA.COM.BR,,,
63319853000100,GOLD PHOENIX ACCOUNTING & BPO,11,93840462,,,CONTATO@GOLDEAY.COM.BR,,,
63614628000105,VISION LAW,11,53956778,11,53956778,VINICIUSELIASSANTOS@GMAIL.COM,,,
63647649000119,SERIE A,11,29556549,,,WALMIR.BRITO@SERIEA.ADM.BR,,,
63743627000152,MJ CONTABILIDADE,11,85701628,,,GERALDO@MJCONTABILIDADEONLINE.COM.BR,,,
63776251000182,RECEL CONTABILIDADE,11,92086411,,,RECELCONTABILIDADE@UOL.COM.BR,,,
63820421000189,SORAYA ROCHA CONTABILIDADE,11,55307651,,,CONTATO@SORAYAROCHA.COM.BR,,,
63841448000158,SN CONTABILIDADE,11,66410830,11,66410830,CARLOS.LSN@HOTMAIL.COM,,,
64095093000168,,11,86471969,,,VALDERI.NEGOCIOS@GMAIL.COM,,,
64293562000153,NEXUS INTELIGENCIA FISCAL,11,42976380,,,CRISTIAN.ALENCAR@NEXUSFISCAL.ORG,,,
64334698000164,JV CONTABEIS,11,87831415,11,70831126,JV.PCONTABEIS@GMAIL.COM,,,
64586971000148,NEXUS CONTABILIDADE,19,86026889,,,CONTATO@SARAIVASANTOSCONTABILIDADE.COM.BR,,,
64589829000154,BLSP CONTABILIDADE,11,62814737,,,BIANCA@BLSP.COM.BR,,,
64618020000103,,11,42595095,,,DELVANE.LIMA123@GMAIL.COM,,,
64634448000140,MONTESI CONTABILIDADE,11,30018277,,,MONTESICONTABILIDADE@GMAIL.COM,,,
64681379000125,FERNANDA ORTEGA - CONTADORA,11,66175261,,,TORTEGACONSULTORIA@GMAIL.COM,,,
64702946000182,,11,86165456,11,86165456,GABRIELLAACACIO@GMAIL.COM,,,
64724736000195,GSA CONSULTORIA CONTABIL LTDA,11,68962924,11,10418402,GRA011.ARAUJO@GMAIL.COM,,,
65233039000102,MOON'DO CONTABIL,19,31143007,,,MOONDO.CONTABIL@GMAIL.COM,,,
65293116000101,JV CRUZ ASSESSORIA CONTABIL,11,89655324,11,89655324,JVENANCIODACRUZ@HOTMAIL.COM,,,
65307132000106,,11,91227691,11,91227691,EASSATO@GMAIL.COM,,,
65595077000105,FG2A EXECUTIVE,11,32772211,,,DORA@MAKROSULT.COM.BR,,,
65687131000134,,11,52862221,11,98052980,GUIMARIA.CONTABIL@GMAIL.COM,,,
65822005000145,ONEMAGE CONTABILIDADE,69,99768281,69,99768281,WANDERLEY@ONEMAGE.COM.BR,,,
66035764000120,INSIDE CONTABILIDADE,11,35225370,,,INFO@INSIDECONTABILIDADE.COM.BR,,,
66040793000180,BORGES & SERAPHIM CONSULTORIA CONTABIL LTDA,11,96360660,,,ELVIS.SERAPHIM@GMAIL.COM,,,
66111248000138,XV GESTAO EMPRESARIAL,11,40817085,,,RODOLFO@XVGESTAOEMPRESARIAL.COM.BR,,,
66149778000175,ORSI CONSULTORIA CONTABIL E ASSESSORIA EMPRESARIAL,11,84906528,11,84906528,MAIKONCONTABIL2012@HOTMAIL.COM,,,
66154765000194,FAWZ CONTABILIDADE,11,34321616,,,CONTATO@FAWZCONTABILIDADE.COM.BR,,,
66196583000186,CROWN CONTROLLER AUDITORIA E CONTABILIDADE,17,97183187,,,CANDALCONTABILIDADE@GMAIL.COM,,,
66314767000101,ISALURA CONSULTORIA EMPRESARIAL E CONTABIL,19,98164530,,,ISALURACONTABIL@GMAIL.COM,,,
66338090000133,CONTABIL FAZOLIM,11,76996465,11,76996465,JULIANA.FAZOLIM@GMAIL.COM,,,
66353906000106,,11,73763633,11,73763633,EDILSON_CRUZ.90@HOTMAIL.COM,,,
66385312000179,,11,43645687,,,TANIA.MOREIRASOUZA@GMAIL.COM,,,
66473375000187,FATOR R CONTABIL,11,14544400,,,CEO@FATORRCONTABIL.COM.BR,,,
66642359000170,FLS CONSULTING,19,99999999,,,CONTATO@WHITEROBLES.COM.BR,,,
66713580000172,,11,72405868,,,FA.NDRADE@CONTWARE.COM.BR,,,
62960409000107,,11,29783780,,,VANESSAOLIVEIRAASSESSORIA@OUTLOOK.COM,,,
66914657000172,MAPA ACCOUNT,11,32312500,,,ANDERSON_MARQUES2@HOTMAIL.COM,,,
66943328000150,FERENZA ESTRATEGIA TRIBUTARIA LTDA,11,97697947,11,,FERNANDA.SILVA2@EDU.FECAP.BR,,,
66958373000188,,11,31242555,,,COMERCIAL@GJACINTHO.COM.BR,,,
67177355000121,PAPADOPOLI CONSULTORIA EMPRESARIAL,11,93519240,11,93519240,MARCO.PAPADOPOLI@GMAIL.COM,,,
67287518000129,,11,51475036,,,CONTABILIDADE0121@GMAIL.COM,,,
67300367000100,PRATICA CONTABILIDADE,11,94997247,11,94997247,FJTLIAL@GMAIL.COM,,,
67502408000132,,11,72038217,,,FATIMA.SANTOS@GMAIL.COM,,,
47953474000200,GRUPO CONTINUUM,18,20380090,,,CONTATO@CONTINUUMCONTABIL.COM,,,
67533809000150,,11,33136560,,,ADAUTO@AMELF.COM.BR,,,
67538245000148,TOLEDO & SARTORI,11,87953550,11,87953550,EDGARTOLEDO2016@OUTLOOK.COM,,,
67879219000183,BNM CONTABIL,11,20517323,11,67162729,BNMCONTABIL@YAHOO.COM,,,
68065510000180,,11,27172006,,,ENRICO.CONSULTOR@GMAIL.COM,,,
68310492000155,,11,25120701,11,85050174,SAC@NOVARICONTABIL.COM.BR,,,
3303238000184,,11,5249126,,,,,,
3310516000120,PELUSO & PELUSO,11,37877400,,,DIRETORIA@PELUSO.COM.BR,,,
4954591000197,MRD,11,29790890,,,SUELI@MRDCONTABIL.COM.BR,,,
3355953000160,,11,31050875,,,SENADOR02@TERRA.COM.BR,,,
5014056000119,,11,69190790,,,priscont@uol.com.br,,,
87910000153,ASSEPRAN,,,,,,,,
3396764000136,,11,29449900,11,29447565,WILSON@CWPCONTABIL.COM.BR,,,
3403486000105,REVISA,11,32970305,11,26519117,REVISA@REVISACONTABIL.COM.BR,,,
5066615000134,CONTACOM CONTABILIDADE,11,33720066,,,hgebara@contacom.com.br,,,
3426431000102,RBC,11,40407177,,,ADM1@RBCC.COM.BR,,,
5092561000181,CONDOR ORGANIZACOES,11,55852040,11,55811051,MARCIO@CONDORORG.COM.BR,,,
5127242000164,,11,23412002,,,JOSE@MENTHORCONTABIL.COM.BR,,,
3492237000125,VMPRESTI,11,50416275,11,50416275,vmp@uol.com.br,,,
1863377000137,ORLANDI & ASSOCIADOS,11,22625659,11,24787836,ORLANDI.01@UOL.COM.BR,,,
254475000104,,,,,,,,,
5243856000101,L & A CONTABIL S/S LTDA,11,36213672,,,LEACONTABIL@LEACONTABIL.COM.BR,,,
96295373000106,,,,,,,,,
3616337000116,,11,55057879,,,GILBERTO@GLOBALFINANCE.COM.BR,,,
5287252000167,,11,56673277,,,,,,
322454000189,,11,65916638,,,,,,
5302366000139,,11,42291924,,,milena@contabilbillalta.com.br,,,
96534474000192,,11,56140004,,,revicont@revicont.com.br,,,
96536727000167,,11,51828022,,,ATOSCONTABIL@ATOSCONTABIL.COM.BR,,,
96603709000150,MJP CONTROLLER,11,23615782,,,JURIDICO@MJPCONTROLLER.COM.BR,,,
1981962000131,V V PIROTI CONTABILIDADE,11,39929798,,,vvpiroti@hotmail.com,,,
377441000107,DENA,11,56667771,11,56667323,DENACONTABIL@GMAIL.COM,,,
389477000100,,11,38727755,,,SILVANA@RAROCONTABIL.COM.BR,,,
5383030000148,,,,,,,,,
3713158000105,,11,26064898,,,MARTINATTI@MARTINATTI.COM.BR,,,
2082553000166,RELAN ASSESORIA CONTABIL,,,,,,,,
2092470000158,,,,,,,,,
5455073000191,,11,91147341,11,38126139,FLORIO@EQQUALIZA.ADV.BR,,,
3810120000142,,11,36160622,,,CONTABILIDADE@BWCONTABIL.COM.BR,,,
2148894000197,FMF ASSESSORIA EMPRESARIAL,11,29899596,,,LEGAL@FMFASSESSORIA.COM.BR,,,
3838735000187,A. R. FIGUEIREDO SERVICOS CONTABEIS,11,38057955,,,SOCIETARIO@ARFIGUEIREDO.COM.BR,,,
5506949000181,HOSANAS CONTABILIDADE,11,25614655,,,DIRETORIA@CONTABILIDADEHOSANAS.COM.BR,,,
5528374000106,PREMIUM SOLUCOES CONTABEIS E TRIBUTARIAS.,11,23652176,,,PASTANA@PREMIUMCONTADORES.COM.BR,,,
3896076000135,FDS,11,20603450,,,DEC@FDS.COM.BR,,,
5579736000180,PIMENTA & ALCANTARA,11,50824989,,,,,,
650889000152,,,,,,,,,
2296979000112,,11,51716500,,,COMERCIAL@UNICONNET.COM.BR,,,
3998177000117,,11,29417661,,,LEGAL03@QUORUMCONTABIL.COOM.BR,,,
5692040000165,RAFISA CONTABILIDADE E CONSULTORIA,11,32414426,11,32620123,ROGERSBS@RAFISACONSULTORIA.COM.BR,,,
4079710000100,CAE'S CONTABILIDADE,11,29798500,11,97447202,00CAESCONTABILIDADE1@GMAIL.COM,,,
777908000106,,11,26464393,11,23097348,ANDERSON@LANNAASSESSORIA.COM.BR,,,
796504000160,APOSTOLL'OS,,,,,,,,
839238000105,,,,,,,,,
2479534000178,,11,69914812,11,69535656,CAMARAEARAUJO@TERRA.COM.BR,,,
4199348000100,,,,,,,,,
895092000115,,11,51030567,,,,,,
5903946000181,,11,22711040,,,CONTATO@EMSCONTABILIDADE.COM.BR,,,
7826445000174,FARO GROUP,11,40409494,,,CONTATO@MDFCONTABILIADE.COM.BR,,,
5970518000171,,11,43043619,,,QUALI@QUALICONTABIL.COM.BR,,,
2632424000102,ALPSPLAN,,,,,,,,
2634908000182,RCC CONTROLADORIA,11,50823019,11,50823185,RICARDO@RCCONTROLADORIA.COM.BR,,,
2640914000142,,,,,,,,,
1029808000164,,11,38656162,,,SOCIETARIO@ADCCONT.COM.BR,,,
2680603000107,MOVIDATA CONTABILIDADE,11,20946000,,,MOVIDATA@MOVIDATA.COM.BR,,,
6113528000153,,,,,,,,,
4452945000103,,11,55736130,,,,,,
1090702000176,,,,,,,,,
55222145000129,,11,33331911,11,32660660,CONTATO@FORMACONT.COM.BR,,,
55579122000176,,11,99021761,,,ARIMARQUES@HOTMAIL.COM,,,
73490906000105,SUSUKI SERVICOS CONTABEIS,,,,,,,,
55794861000180,,,,,,,,,
6699109000145,VOICE SOLUCOES CONTABEIS,11,31011313,,,ROSANGELA@VOICECONTABIL.COM.BR,,,
56087737000148,CONTABIL DIAS,11,56312737,,,CONTATO@CONTABILDIAS.COM.BR,,,
73964504000103,GFB - CONTABILIDADE,11,20635678,11,20631863,DENISE@GFBCONTABILIDADE.COM.BR,,,
2812454000192,JB CONTABILIDADE,11,23871500,,,JBSOUSA@UOL.COM.BR,,,
74166018000102,,11,55555802,,,JLOPES@TRIBUTUS.COM.BR,,,
56561871000139,,11,55495237,,,DPLEGAL@EXACTHUSCONTABIL.COM.BR,,,
6290615000186,,11,33262296,,,dcad1@retchbrasil.com.br,,,
2866099000134,,11,38727755,11,38726434,RAQUEL@RAROCONTABIL.COM.BR,,,
2867235000100,RN ASSESSORIA EMPRESARIAL,11,8595840,,,,,,
1252435000196,,11,55791120,,,VANDERLEI@CONSISTEMSP.COM.BR,,,
57008831000127,RICO CONTABILIDADE,11,29501012,,,RICARDO@RICOCONTABILIDADE.COM.BR,,,
2885288000154,AFISCON,11,20982284,11,96897918,RICARDO@AFISCON.CNT.BR,,,
1272165000185,MECCAH,11,33992288,,,LEGAL@MECCAH.COM.BR,,,
4653049000102,ELC CONTABILIDADE,11,38452232,11,38451793,ELIAS@ELCCONTABILIDADE.COM.BR,,,
57183758000120,,11,38721995,,,,,,
1288614000183,,11,29918128,11,29918305,contabfevereiro@uol.com.br,,,
4696721000139,ON-LINE CONTABILIDADE,11,55124310,11,55124311,SEBASTIAO@ONLINECONTABIL.COM.BR,,,
4701610000173,CONTABILIDADE HIDEKI,11,2892553,,,,,,
57806507000154,,11,50580550,,,MARCO@OLIVEIRASCONTABIL.COM.BR,,,
6915691000130,JPA,11,36445110,,,JPACONTABIL@JPACONTABIL.COM.BR,,,
6921681000107,M-CAMILO CONSULTORIA,11,31066954,11,31060416,MAURICIO@MCAMILOCONSULTORIA.COM.BR,,,
6922412000165,AGI-CHIANDOTTI CONTABIL,11,29590615,,,CONTATO@AGICONTABIL.COM.BR,,,
4760283000120,,11,31011435,,,PAULOADM@UOL.COM.BR,,,
58173659000120,VILELA CONTABIL,11,22111313,,,CONTABIL@GRUPOVILELA.COM.BR,,,
6946900000102,STYLLE CONTABIL,11,21542030,,,ATENDIMENTO@STYLLE.COM.BR,,,
1382119000139,,11,30301833,,,JML@JMLCONTABIL.COM.BR,,,
3006776000107,MASCONTABIL,11,56136313,,,MASCONTABIL12@GMAIL.COM,,,
58493099000190,,11,33848352,,,MARCIA@UNACONTABILIDADE.COM.BR,,,
6974839000107,CONTABILIDADE DARY,11,29574336,11,29573602,ESCRITORIODARY@UOL.COM.BR,,,
58622473000100,,11,32859000,,,ALEX.FREITAS@XYZCONSULTORIA.COM,,,
58628900000168,KONT'HABIL,,,,,,,,
59088302000106,KCG CONTABIL,11,50938559,,,KCGROSCHITZ@GMAIL.COM,,,
7061250000180,AUGE CONTABILIDADE,11,22435427,11,22413635,AUGE_CONTABILIDADE@HOTMAIL.COM,,,
59397448000133,,11,22915560,,,CONTABILIDADEROQUEFARES@GMAIL.COM,,,
59489708000109,,11,20635120,11,23867471,APOIO@APOIOCONTABILIDADE.COM.BR,,,
59491829000187,,,,,,,,,
59492231000102,,11,26470522,,,fperrella@terra.com.br,,,
1496506000104,,11,31051967,,,MARCIA@TORRESCONTABIL.COM.BR,,,
4913617000159,,11,31053552,11,31062112,pauloeduardo@rzdax.com.br,,,
59708958000184,CONTABIL VARANDAS,,,,,,,,
7105339000100,LPM ASSESSORIA CONTABIL,11,32362964,,,amodelli@elgeadm.com.br,,,
59838276000196,VITORIA SERVICOS CONTABEIS,11,69182322,11,69102803,escritorio.vitoria@terra.com.br,,,
3152942000183,,11,50424320,,,,,,
59952846000174,,,,,,,,,
7128018000112,,11,32283652,,,SANTIAGO@CONSULTIVECONTABIL.COM.BR,,,
7169896000186,,11,28927613,,,CONTATO@LP7CONSULTING.COM.BR,,,
7173509000185,LUMINI CONSULTORIA E INTELIGENCIA CONTABIL,11,50782055,,,LUMINI.SOCIETARIO@LUMINICONTABIL.COM.BR,,,
60537537000117,SOMED CONTABILIDADE,11,55722911,,,,,,
60557212000104,,11,35720500,11,35720503,contato@contec.cnt.br,,,
60617206000197,,11,31112432,,,KIDO@KIDOCONTABIL.COM.BR,,,
1591603000178,AICO,11,56416015,,,,,,
60875200000110,,11,32429276,,,ADM@LEGIFISCO.COM.BR,,,
61063699000123,TAX TRADE,,,,,,,,
1645370000149,,11,37356220,,,,,,
61386538000170,,,,,,,,,
43226604000163,,11,36784957,11,36784952,LEGAL@ORGANIFE.COM.BR,,,
61587952000148,,11,22933468,,,SUDEXCONTAB@YAHOO.COM.BR,,,
61607776000169,,11,38736500,,,JURIDICO@SEHOCONSULTORIA.COM.BR,,,
61845863000154,BW CONTABILIDADE,11,35542960,,,COMERCIAL@BWCONT.NET.BR,,,
43789023000130,,,,,,,,,
43789734000104,,,,,,,,,
43970615000153,,11,29480006,,,ALGOMO@UOL.COM.BR,,,
62196878000100,,11,22629020,11,22629021,ADM@MARINELLI.COM.BR,,,
62298187000109,,11,31336700,,,EXP@CONTABILCB.COM.BR,,,
62444005000160,,11,39610000,11,39510650,alfredoagecom@uol.com.br,,,
62454012000143,,,,,,,,,
62464391000152,,11,26056345,11,97799888,DEC@CONTAJOB.CNT.BR,,,
62548086000149,LUPER CONTABILIDADE,11,50549222,,,,,,
62588645000144,,11,31057021,,,rochaspl@terra.com.br,,,
62654603000164,BALFER,11,33858390,,,ROBERTO@BALFER.COM.BR,,,
44987410000143,ACEL CONTABILIDADE,11,22832285,,,EXPEDICAO@ACELNET.COM.BR,,,
62962337000137,,,,,,,,,
46228029000126,KAD S,11,33262993,,,DINAN@KADSCONTABIL.COM,,,
46284758000108,,,,,,,,,
46579017000146,,11,25780855,,,dinamar@dinamar.com.br,,,
64015381000165,,,,,,,,,
64018658000103,,11,5291478,,,,,,
47421938000149,,11,50318577,,,,,,
47466305000157,,11,98407883,,,ESCRITORIO.GRECCO@UOL.COM.BR,,,
64724347000160,,,,,,,,,
64729189000130,SVS SERVICOS CONTABEIS,11,55622057,,,SUELY.SILVA@SVSCONTABILIDADE.COM.BR,,,
65081341000184,CAALVI CONTADORES ASSOCIADOS,,,,,,,,
65529653000108,,11,26727070,,,APL@APLCONSULT.COM.BR,,,
65887200000153,,,,,,,,,
66051178000170,,11,33992276,,,marxcont@terra.com.br,,,
66664459000106,,11,33602399,,,SILVIA@LCRCONTABILIDADE.COM.BR,,,
66667890000106,PME CONTABIL,11,41954545,,,ANTONIO.CARLOS@PMECONTABIL.COM.BR,,,
66854910000140,,,,,,,,,
66860115000164,COVER,11,96320011,,,CONTABIL.AKK@GMAIL.COM,,,
67149385000124,,11,65855318,,,gsa.1@terra.com.br,,,
67177790000156,,11,32877111,,,CONTATO@CONAPE.COM.BR,,,
67641449000100,PRO-CONTATY,11,21892700,,,R.MACHADO@PRO-CONTATY.COM.BR,,,
67666610000108,SIMPLES CONTABIL,11,32624994,11,96483434,CELIOLUCATI@ACTUARIAL.SRV.BR,,,
67839951000120,VALMIN GESTAO CONTABIL,11,56214228,,,CONTABIL@VALMIN.COM.BR,,,
51244945000190,,11,33553320,,,PAZ@ADASSES.COM.BR,,,
67974386000103,DALLA DEA,,,,,,,,
68028802000143,,11,31059423,11,31119420,FLP@FLPCONTABIL.COM.BR,,,
68167626000120,,11,32146733,,,HIROCON@HIROCON.COM.BR,,,
68311463000108,D'TEVES CONSULTORES ASSOCIADOS,11,37314944,,,J.EDUARDO@DTRM.COM.BR,,,
68970490000192,,11,29508422,,,VMLAHHAM@GMAIL.COM,,,
52566213000189,,11,38130502,,,ADMINISTRATIVO@ALLFSICO.COM.BR,,,
69261022000101,,,,,,,,,
69262855000197,,,,,,,,,
53053625000188,' FISCONTEX ',,,,,,,,
53174256000181,,,,,,,,,
53373742000129,,,,,,,,,
53648473000166,,11,25786920,11,20622332,PROCONTABIL@OSITE.COM.BR,,,
53780771000105,R & N,11,32263622,,,RNCONTAB@UOL.COM.BR,,,
71591531000144,,11,31067011,,,CONTATO@CONTABILESQUEMA.COM.BR,,,
54361795000192,UNIVERSUS CONSULTORIA IMOBILIARIA E CONTABIL,,,,,,,,
54610308000188,,11,67421455,,,TQUALITYCONTAB@UOL.COM.BR,,,
73003238000144,,11,96059807,,,SOLMAR@SOLMARCONTABIL.COM.BR,,,
7454343000175,DS ASSESSORIA EMPRESARIAL,11,25662157,,,PARALEGAL@DSEMPRESARIAL.COM.BR,,,
7457124000140,DE FATTO CONTABILIDADE,11,26132443,,,DEFATTO@DEFATTONET.COM.BR,,,
3045384000157,,11,50178441,11,50170009,rsr1999@uol.com.br,,,
7461310000152,,11,29632077,11,25660088,EVIDENCECONTABIL@EVIDENCECONTABIL.COM.BR,,,
4415087000119,MAGDA CONTABIL,11,79954106,,,MAGDA@MAGDAASSESSORIACONTABIL.COM.BR,,,
1938718000196,,11,9564076,,,,,,
69095974000100,FELIZCON,,,,,,,,
57352387000162,,11,56875222,,,REXCONTABIL@UOL.COM.BR,,,
73480204000140,ASPLAN-CVN,11,37591315,,,asplan@asplan-cvn.com.br,,,
59581967000157,,11,50936768,11,50925992,ocncontabil@uol.com.br,,,
2518302000181,,11,2912309,,,,,,
7680377000188,,11,32071752,,,CONTMAR@CONTMAR.COM.BR,,,
7727839000175,,11,39260197,,,CONTATO@YIELDCONSULT.COM.BR,,,
7877283000101,,11,69654014,11,69669650,grecco_c@hotmail.com,,,
7910481000111,,11,55226956,,,LUPA@LUPACONTABILIDADE.COM.BR,,,
7952299000123,MEETUP CONSULTORIA,11,20124221,,,MCSA.ADM@TERRA.COM.BR,,,
3195885000110,,11,69466149,,,rufino@uol.com.br,,,
786914000120,,11,35560801,,,EXPEDIENTE@LOURENCAOASSESSORIA.COM.BR,,,
1638515000184,,11,29501593,,,cds@cdsbrasil.com.br,,,
3238739000124,,11,55316757,,,CONTABIL@RWCONSULTORIACONTABIL.COM.BR,,,
4823207000117,,11,50525212,,,CONTATO@MUFFATO.CNT.BR,,,
3415748000143,,11,96538341,,,CRISTHISANTOS@HOTMAIL.COM,,,
2117693000122,,,,,,,,,
3943161000107,CONT-TEC,11,31591158,,,cont-tec@uol.com.br,,,
4068547000180,,11,34765123,,,MARCOSCHARLDS@STORCKAMARAL.COM.BR,,,
1378340000113,,,,,,,,,
1570585000148,,11,30810944,,,JOSE.COELHO@COELHOADV.COM.BR,,,
7852856000134,,11,36454476,,,angelocontabil@superig.com.br,,,
67147439000112,,11,61483161,,,reilacerda@ig.com.br,,,
485325000101,,11,22684701,11,22684703,mauro@mcardoso.cnt.br,,,
7437000000100,MERCUM CONTABILIDADE,11,28928457,,,MERCUMCONTABILIDADE@GMAIL.COM,,,
4138790000127,SHINRAI,11,55848370,,,,,,
5673898000182,CONTRAF,11,26927904,11,26928055,contraf@terra.com.br,,,
163412000142,FUTURO ASSESSORIA EMPRESARIAL,11,33759220,,,FUTURO@FUTUROCONTABIL.COM.BR,,,
3483283000168,,11,50863200,,,THIAGO@FISCONEPROSPER.COM.BR,,,
269165000163,,,,,,,,,
5273125000109,,11,20939596,,,NEXUS@NEXUSCONSULTORIA.COM.BR,,,
315676000174,,,,,,,,,
5543594000109,,11,55993839,,,EMELO@EMELOCONTABIL.COM.BR,,,
4065438000109,,11,55830779,,,,,,
4564766000150,LOMAC,11,30821272,,,LOMAC.CONTABIL@UOL.COM.BR,,,
2873045000104,,11,48585000,11,55656259,CONTATO@ALONSOEASSOCIADOS.COM.BR,,,
2894944000185,,11,32931415,,,JOCAVALCANTE194@GMAIL.COM,,,
1527325000190,PAULINOS ASSESSORIA CONTABIL,11,58214019,,,JOVIPA@UOL.COM.BR,,,
60264025000124,,,,,,,,,
61207106000155,MODELAR,11,31075164,,,FISCAL@CONTABILMODELAR.COM.BR,,,
61211157000150,CONCEITO'S ASSESSORIA EMPRESARIAL,19,37134004,,,CONTATO@CONCEITOSCONTABIL.COM.BR,,,
61406757000174,,11,25417165,,,AKCONT@TERRA.COM.BR,,,
43193424000122,,11,2394299,,,tecnofis@.centerlink.com.br,,,
62684550000124,,,,,,,,,
62753611000168,,11,20847760,,,ALPINA@ALPINACONTABILIDADE.COM.BR,,,
45588142000150,,11,31078582,,,sionconsultoria@terra.com.br,,,
46325379000100,,,,,,,,,
64026834000159,DATAPLAN,11,69417765,,,,,,
64164239000180,,,,,,,,,
64911670000142,,11,31073795,11,31073916,todaoraul@uol.com.br,,,
65085227000122,,11,32146462,,,KLG@KLG.COM.BR,,,
66053372000194,,11,33843279,,,EDNEIA@ESCRITORIOGIRASSOL.COM.BR,,,
66066994000157,CALIXTO ORGANIZACAO CONTABIL,11,27022455,,,LEGALIZACAOCALIXTO@UOL.COM.BR,,,
67132910000107,,,,,,,,,
73002545000100,,11,2637551,,,,,,
7715367000130,RS RIGOLIN ASSESSORIA EMPRESARIAL,11,69173889,,,RSRIGOLIN@TERRA.COM.BR,,,
7203780000116,JLVIANA CONSULTORIA CONTABIL,11,22760961,11,55947605,CONTABILIDADE@JLVIANA.COM.BR,,,
6993543000133,REVI SOLUCOES CONTABEIS E EMPRESARIAIS,11,38014011,11,38014011,alexvieira@reviconsultoria.com.br,,,
73008484000199,,11,26759499,11,26759754,KATIASALAS@TERRA.COM.BR,,,
60555968000106,,11,55615155,,,ATENDIMENTO@METROPOLITANA.ME,,,
43233253000118,,,,,,,,,
45566163000174,,11,30630250,,,MARCELO.CONTABIL@MWCONTABIL.COM.BR,,,
7693503000139,SALCAM CONTABIL,11,55714408,,,SUSANA@SALCAMCONTABIL.COM.BR,,,
4286395000191,DYNAMICS,11,43277082,11,43277083,CLAUDIO@DYNAMICSCONTABILIDADE.COM.BR,,,
2303596000124,,11,39412041,,,AFICON@AFICON.COM.BR,,,
788234000145,,11,38545098,,,JURIDICO@HEDGECONSULTORIA.COM.BR,,,
5828278000175,,11,32596823,,,tadeujmr@terra.com.br,,,
846911000134,,11,69560710,11,61370722,jjcontabil@terra.com.br,,,
2534068000186,,11,38426003,11,38493700,,,,
6123067000108,CONTI-LINE,11,30830343,,,mbertolli@superig.com.br,,,
2804752000130,,,,,,,,,
6261729000106,,,,,,,,,
1534571000179,CARDOSO & GARISTO,11,55151055,,,ADM@CARDOSOEGARISTO.COM.BR,,,
61056180000118,,11,38130911,,,,,,
62279286000143,,11,55488040,11,51841466,ROVERCON@ROVERCON.COM.BR,,,
5329957000280,GRIFFON,12,21228100,12,31436066,joaquim@griffonsp.com.br,,,
7375552000123,,11,20843916,,,,,,
7537157000108,,11,22587090,11,22334052,HALTDA@UOL.COM.BR,,,
4110394000191,PROLINK CONTABIL,11,31074505,,,CONTRATOS@PROLINKCONTABIL.COM.BR,,,
7706451000198,PCCOMPANY,11,55369521,,,GONCALVES@PCCOMPANY.COM.BR,,,
4388458000110,EAS ASSESSORIA CONTABIL E FISCAL,11,93050224,,,CONTABILEAS021@HOTMAIL.COM,,,
2270081000175,,11,32554399,,,MARLENE@CMPCONTABIL.COM.BR,,,
62751441000182,,11,50798588,,,CONSULTORIA@PLANAUDI.SRV.BR,,,
5688506000159,,11,29837891,11,47501545,AILMATIAS@UOL.COM.BR,,,
2558424000100,,11,50350555,,,METROPOLITANA@METROPOLITANACONTABIL.COM.BR,,,
50671254000100,,11,50418200,,,SUSI@CCACONSULTORES.COM.BR,,,
5435405000176,PASSOS CONSULTORIA CONTABIL E FISCAL,11,96859426,,,GEORGE@PASSOSCONTABILIDADE.COM.BR,,,
37242757000100,GOLDEN CONTABILIDADE,63,92485537,,,CONTATO@HIBCONTABILIDADE.COM.BR,,,
5128243000123,,11,69242035,,,DEPAULA@DEPAULASRV.COM.BR,,,
862324000139,TRACTIONFY SERVICOS CONTABEIS,11,45501250,,,SOCIETARIO@ALEIXOESILVA.COM.BR,,,
5264439000145,AL - ORGANIZACAO CONTABIL,11,55810372,,,,,,
65010571000152,,11,24957747,,,OSWECO@UOL.COM.BR',,,
5535907000179,SB ASSESSORIA,11,20601330,,,ROGERIO@SBASSESSORIA.COM.BR,,,
55293583000188,,11,26710071,,,CHIRAYAMA@CHIRAYAMA.COM.BR,,,
3408479000198,CTW CONTABILIDADE,11,16410227,,,CTW@CTW.COM.BR,,,
7273863000181,,11,39615771,,,CONT.ROCCO@GMAIL.COM,,,
7209827000159,T.A.G EMPREENDIMENTOS,11,99798110,,,TAISGOMES.CONTABIL@GMAIL.COM,,,
69097939000112,DE & B CONTABILIDADE DIGITAL,11,58514338,11,58517944,debc@terra.com.br,,,
64186224000112,,11,35001500,,,LEGALIZACAO@RIRCONTABIL.COM.BR,,,
58495086000150,,11,33298846,,,POLICONTABIL@POLICONTABIL.COM,,,
6155320000105,,11,92341488,,,ADEMIR@STCA.COM.BR,,,
58799537000143,,11,51835956,11,51836776,ONOCONSULTORIA@UOL.COM.BR,,,
67836924000101,,11,33375217,,,CONTRACTO@CONTRACTO.CNT.BR,,,
8177257000125,CONFITEC CONTABILIDADE,11,58513632,,,HENRIQUE@CONFITECASSESSORIA.COM.BR,,,
8204876000161,MARILIA CONTABIL ASSESSORIA EMPRESARIAL,11,32144076,,,MARILIACONTABIL@YAHOO.COM.BR,,,
8241429000182,,11,41922005,11,41923017,jwnascimento@uol.com.br,,,
8248877000108,D'MATSU,11,26941011,,,CONTATO@DMATSU.COM.BR,,,
8421374000192,SERCON,11,38265661,11,36668774,ATENDIMENTO@BLOISASSOCIADOS.COM.BR,,,
8587276000120,HOSPICONTABIL,11,36666411,,,,,,
8644755000130,R&NV CONSULTORIA,11,30818677,,,RELACIONAMENTO@RNVCONSULTORIA.COM.BR,,,
8658630000160,,11,62151008,11,61629896,,,,
8704426000138,USSCONTABIL,11,20482728,,,,,,
8713417000103,,11,74299135,,,reginaldoalvesmagalhaes@terra.com.br,,,
8720870000147,A&G SERVICOS CONTABEIS,11,25010829,11,25010830,SERVICOSCONTABEISAG@GMAIL.COM,,,
8726958000176,SOARES SANTOS CONTADORES ASSOCIADOS,11,27811825,11,27811826,SSANTOSCONTADORES@TERRA.COM.BR,,,
8752145000150,,11,31741770,,,REVISION@REVISION.COM.BR,,,
8766618000179,SISCOMPANY,11,20818500,,,FINANCEIRO02@SISCOMPANY.COM.BR,,,
8792100000100,MLP CONTABILIDADE,11,84530844,,,MARILUCYA42@GMAIL.COM,,,
8801370000130,FCA ASSESORIA CONTABIL,11,41378134,11,41378134,azaosilva@terra.com.br,,,
8836800000159,ORGANIZACAO PERFIL CONTABILIDADE LTDA,11,66415706,,,opontabil@terra.com.br,,,
8845755000107,DAHECON ASSESSORIA CONTABIL,11,55210805,11,55241854,dahecon@dahecon.com.br,,,
8939853000103,,11,30606188,,,CBGUSMAO@GBASSESSORES.COM.BR,,,
19707317000190,MULTI CONTABILIDADE,11,33312233,,,contabilmulti@gmail.com,,,
9009177000123,CONSULT BRASIL,11,37918252,,,cristiane@consulbrasilassessoria.com.br,,,
9062345000144,ALTERCONT CONTABIL,11,22569555,11,96467618,JEBARSI@HOTMAIL.COM.BR,,,
9123636000103,DIGICON SAO PAULO,11,29104966,11,29106789,osvaldo.duarte@uol.com.br,,,
9136369000109,BANDEIRA CONTABIL,11,55226699,,,AAB@CONTBAND.COM.BR,,,
9227642000100,PODERE CONTABILIDADE LTDA.,11,22270031,11,40550907,CONTATO@PODERECONTABILIDADE.COM.BR,,,
9060474000101,LOPES AFFONSO,11,36723072,11,38642668,LOPESAFFONSO@UOL.COM.BR,,,
9310638000101,MAC ASSESSORIA,11,39847804,11,88772242,mac.ascom@yahoo.com.br,,,
9336403000180,,11,55895330,,,oscarf@uol.com.br,,,
9387609000130,F. A. MOREIRA,11,34870825,,,FAPMOREIRA@GMAIL.COM,,,
9400180000173,LG CONTABIL ZN,11,29501267,,,LG@CONTABILZN.COM.BR,,,
9438976000115,AMF CONTABILIDADE,11,32146238,,,AMFCONTABILIDADE@TERRA.COM.BR,,,
9466063000102,ECPB- ESCRITORIO CONTABIL PONCE BRACONI,11,29116739,,,PONCEBRACONI@GMAIL.COM,,,
9484032000184,ZANSIL SERVICOS CONTABEIS,11,35626171,11,35626244,SILVANA@ZANSIL.COM.BR,,,
9572159000155,,11,29673864,11,45083861,maria@teccontabil.com.br,,,
9599286000148,MESA EMPRESARIAL ASSESSORIA CONTABIL E FISCAL,11,27829026,,,RONALDO@MESAEMPRESARIAL.COM,,,
9629341000103,,11,39047095,,,SPORTELLOCONTABIL@SPORTELLOCONTABIL.COM.BR,,,
9662049000184,,11,38517831,11,39827243,BRAGA_BR@ALVESBRAGA.COM.BR,,,
9676886000162,CONTABILIDADE LINS,11,29586177,,,rivalins@terra.com.br,,,
10319195000190,PINACONT,11,55391062,,,contabilidade@pinacont.com.br,,,
10341705000126,,11,38154354,11,38125573,CONTADORAYAMADA@GMAIL.COM,,,
10342415000105,,11,82224667,11,82221840,BRASILRESULTADOS@BRASILRESULTADOS.COM.BR,,,
10345580000102,DELTALE CONTABILIDADE,11,31077143,,,CONTATO@DELTALECONTABILIDADE.COM.BR,,,
10354232000100,GJM,11,76280250,,,JDPACCEZ@TERRA.COM.BR,,,
10370175000144,BRASCON,11,51022275,,,crd.assessoria@terra.com.br,,,
10373166000107,A&C - ASSESSORIA CONTABIL,11,56416384,,,ANIELLO@FW1.COM.BR,,,
10381269000119,IMPACTO CONTABILIDADE,11,25925389,11,25925390,LUCIMAR@IMACTOE.COM.BR,,,
10409638000134,FORTALEZA CONTABILIDADE,11,21434066,,,,,,
20268944000151,BPD CONTABILIDADE,11,32141419,,,,,,
10157142000110,ASTECO CONTABIL,11,30885232,11,30645632,astecocontabil@terra.com.br,,,
10215778000171,,11,35267051,,,ANDREIBORDIN@GMAIL.COM,,,
10221411000160,,11,39826063,11,89448558,adriana.gatti@ig.com.br,,,
10254672000187,,11,32076269,,,CONTABILIDADE@PIGATTI.COM.BR,,,
10257740000161,,11,55651327,,,ATENDIMENTO@FILADELFIACONTABILIDADE.COM.BR,,,
10449549000111,SAVIAN CONTABILIDADE,11,33373715,11,33373715,saviancont@terra.com.br,,,
10550521000176,MULTIPLY SERVICE,11,58461995,,,MULTIPLY@MULTIPLYSERVICE.COM.BR,,,
10624924000112,CONTABIL SAMPAIO,11,29055388,,,CAMILA@CONTABILSAMPAIO.COM.BR,,,
10698358000193,,11,50343322,,,contmir@mircontabil.com.br,,,
10711058000105,FISACS,11,38318217,11,38368031,FISACSCONTABIL@GMAIL.COM,,,
10712411000163,PLANCONSUL ASSESSORIA CONTABIL,11,50615351,11,50515351,,,,
10714904000132,REAL ASSESSORIA,11,26410033,11,26410033,UBIRAJARA@REALCTB.COM.BR,,,
10721203000120,FAMILIA SEGURA CONTABILIDADE,11,99371048,,,SUELI@APOIOSEGURA.COM.BR,,,
10724471000104,,11,27698614,,,CARLOS.CONTABIL75@GMAIL.COM,,,
10731520000128,,11,20655700,,,,,,
10791060000123,QUISI CONTABILIDADE,11,37941822,11,37943527,contato@qualitycontsp.com.br,,,
10839445000113,REGISTER CONTABILIDADE,11,33687016,11,33687027,CONTATO@REGISTERCONTABIL.COM.BR,,,
10861041000126,TECCONTABIL ASSESSORIA CONTABIL,11,20431909,11,32977866,SUUDJA@TERRA.COM.BR,,,
10864449000151,JRE CONTABILIDADE,11,42001577,,,SOCIETARIO@JRECONTABIL.COM.BR,,,
10883814000175,ST CONTABILIDADE,11,99700127,,,STANGIRINO@GMAIL.COM,,,
10884884000148,ACCESSTIR - CONSULTORIA E ASSISTENCIA,11,26471757,11,26465926,ativacontabil@uol.com.br,,,
10885271000125,MEDINA CONTABIL,11,95483306,,,CONTABIL_MEDINA@YAHOO.COM.BR,,,
10885995000179,CONTABIL BOTINO,11,27246443,11,99853366,contabilbotino@uol.com.br,,,
10898247000120,,11,33723700,,,fiscal@globalconsulting.com.br,,,
10900941000135,MORALES CONTABILIDADE,11,53422290,,,CONTATO@COELHOEMORALES.COM.BR,,,
10914151000109,SOCIESP SOC EMPRESARIAL DE SAO PAULO,11,28375487,11,35320508,sociespemarcelo@terra.com.br,,,
10970616000149,,11,23068785,,,JUAREZ@D3ASSESSORIA.COM.BR,,,
11028426000170,RPS FINANCAS & CONTABILIDADE,11,34769684,11,22972023,RPSFINANCAS@GMAIL.COM,,,
11041004000134,LORD CONTABILIDADE,11,56658730,11,56660175,contato@lordcontabilidade.com.br,,,
11054563000189,BAKER TILLY BPO,11,31498161,,,ADILSON.GALDEANO@BAKERTILLYBPO.COM,,,
11095154000120,LCSR-RODRIGUESS,11,37315338,11,37315338,lcsrodriguess@uol.com.br,,,
11097436000167,OTTAM CONTABILIDADE E ASSUNTOS FISCAIS,1,25460165,11,25460745,ottam@terra.com.br,,,
11106552000103,TRIADE ASSESSORIA EMPRESARIAL,11,37943720,11,34870337,TRIADECONTABIL@UOL.COM.BR,,,
11177295000192,,11,76638773,,,ANAMARIAOCOSTA@YAHOO.COM.BR,,,
11185875000121,CONNECTION CONTABIL,11,20923191,11,20924504,EDSON@CONNECTIONCONTABIL.COM.BR,,,
11191987000195,,11,20923721,,,WILSON@NOVAPRIME.COM.BR,,,
11220096000110,CONSULPLAN,11,55427925,11,55427925,mauricio.pandolfi@gmail.com,,,
11236799000136,DATECON CONSULTORIA TRIBUTARIA,11,20687766,,,marcos@datecon.com.br,,,
11250579000167,RIWA,11,27421742,,,RIWACONTABIL@TERRA.COM.BR,,,
11297415000195,,11,29712002,11,29712002,SAMYR@PRONTCONTABIL.COM.BR,,,
11310354000159,DAFAFER ORGANIZACAO CONTABIL,11,20910403,11,35648092,dafafer@uol.com.br,,,
11360296000178,COMPEC CONTABILIDADE,11,20170338,,,compec.contabilidade@terra.com.br,,,
11373059000141,,11,38553279,,,CRISTIANE.ROCHA@CONTABILQUANTUM.COM.BR,,,
11383250000174,NOVA CONTABIL,11,50624128,,,RONALDO@NOVACONTABIL.CNT.BR,,,
11417452000190,AUFA SERVICOS,11,30310237,11,38167889,CONTATO@AUFACONTABIL.COM.BR,,,
11421244000164,PAGLIARI CONTABILIDADE,11,99797871,,,LUISPERITO@UOL.COM.BR,,,
11424361000181,NEW CONTRACT,11,30341610,,,rubens@paimconsultoria.com.br,,,
11457988000139,,11,32587970,11,32587649,,,,
11460788000135,,11,29715500,,,DOMICILIO.ELETRONICO@GRUPOSEGETI.COM.BR,,,
11534279000100,MAIS SOLUTION,11,56625701,,,fernando@maissolution.com.br,,,
11589192000130,BRAGA ASSESSORIA CONTABIL,11,39044235,,,ECBRAGA@TERRA.COM.BR,,,
11657032000180,DELLCONT CONSULTING,11,23089655,,,CONTATO@DELLCONT.COM.BR,,,
11660538000149,,11,27433013,11,27424067,NSSCONTABIL@IG.COM.BR,,,
11692434000116,,11,39316014,,,,,,
11710278000179,CCCONTABIL,11,80790829,,,CRISTIANO@CCCONTABIL.COM,,,
11723374000151,LOPES CONTABILIDADE EMPRESARIAL,11,39321009,,,ADMINISTRACAO@LOPESEMPRESARIAL.COM.BR,,,
11755565000103,TOCA CONTABILIDADE,11,94192655,,,ACONTABIL@OUTLOOK.COM,,,
11770256000102,HELDER SERVICOS CONTABEIS,11,29594582,,,HELDERCONTABILIDADE@IG.COM.BR,,,
11803614000128,CHAHINE ASSESSORIA CONTABIL,11,29354252,,,SOCIETARIO@CHAHINE.COM.BR,,,
11909773000101,C I ESCRITORIO DE CONTABILIDADE,11,55235345,,,MAG_ASSESSORIACONTABIL@YAHOO.COM.BR,,,
11976192000192,EDUCACIONAL CONTABIL,11,22819322,,,murilo.menossi@acerplan.com.br,,,
11986691000160,,11,55734266,,,MEGACONT@TERRA.COM.BR,,,
12044977000190,,11,84041211,,,SANDRO_SN@HOTMAIL.COM,,,
12121088000189,,11,33150246,,,FISCAL@LOPESASSESSORIA.COM.BR,,,
12129941000109,ANGELIS ASSESSORIA EMPRESARIAL,11,31016049,11,73902094,ANGELISTADEU@GMAIL.COM,,,
12132672000130,,11,34730809,,,flaclaudiano@yahoo.com.br,,,
12355250000123,PRADO - ACESSORIA CONTABIL E JURIDICA,11,25673915,11,47294015,,,,
12408867000160,A.L.P SOLUTION,11,27382707,11,26382707,ALEXANDRE@ALPSOLUTION.COM.BR,,,
12614280000107,R&V ASSESSORIA CONTABIL.,11,22690927,,,RVCONTABILIDADE@TERRA.COM.BR,,,
12716084000143,,11,55231440,,,SOCIETARIO@COMPTASOLUCOES.COM.BR,,,
12162281000168,ASSOCIATED LAMARCK CONSULTORIA CONTABIL E TRIBUTARIA,11,23066360,11,84835110,pazenh@hotmail.com,,,
12799382000144,PLANO EMPRESARIAL SERVICOS CONTABEIS,11,22681961,11,22681981,jguedes@planoempresarial.com.br,,,
12825078000124,CROSSI ASSESSORIA CONTABIL,11,22250772,,,CONTABILCROSSI@TERRA.COM.BR,,,
20350578000185,NIFER ASSESSORIA CONTABIL,11,33993803,,,NICE.FERNANDES@COMUNIDADEEDUCATIVA.ORG.BR,,,
13064504000117,PLENA RAZAO CONTABILIDADE,11,11111111,,,CONTATO@PLENARAZAOCONTABILIDADE.COM.BR,,,
13090558000157,METODOS CONTABEIS,11,45638902,11,45638903,ERNANDES@METODOSCONTABEIS.CNT.BR,,,
13099821000179,CONTABILIDADE ALVES BARBOSA,11,66364797,,,CONTABILIDADEALVESBARBOSA@OUTLOOK.COM,,,
13160427000107,BEM ESTAR CONTABILIDADE,11,37332120,,,CONTABILIDADE@BEMESTAR.IMB.BR,,,
13230656000142,AUDREY ORGANIZACAO CONTABIL,11,89517549,11,22547167,jotabispo1@gmail.com,,,
13283818000100,CONCEITO CONTABIL,11,29767045,,,TRIANGULO-ASSESSORIA@BOL.COM.BR,,,
13319313000159,,11,24787806,11,97626415,CONFIAR@CONTABILCONFIAR.COM.BR,,,
13361045000133,A.DAMETTO,11,29897923,11,72479371,toniadelfos@ig.com.br,,,
13433405000165,EXCELENCE,11,39316736,,,ALECSANDER@EXCELENCE.NET.BR,,,
13465938000129,EMEC CONTABILIDADE,11,31074906,,,emeccontabilidade@uol.com.br,,,
13615991000169,LLG CONTABIL,11,23869363,11,23869362,luciano@llgcontabil.com.br,,,
13770903000101,QUALICONT CONTABILIDADE,11,50163911,11,50163653,FLAVIO@QUALICONT.NET.BR,,,
14725787000163,ASSESCONT ASSESSORIA,11,85383235,,,jandysantos@globo.com,,,
14029398000101,AFIFE ASSESSORIA E CONSULTORIA CONTABIL,11,33319927,,,VALMIR.CARDOZO@AFIFECONTABIL.COM.BR,,,
14148355000137,SF BARROS,11,38797140,,,LEGALIZACAO@SFBARROS.COM.BR,,,
14205419000194,ASR - NOVO TEMPO SOLUCAO EM CONT. E GESTAO EMPRESARIAL,11,56784637,11,64416924,asrcontabil@uol.com.br,,,
14209668000158,,11,55053324,,,fpeppe@planerj.com.br,,,
14214085000115,,11,20919195,,,lidima.pericias@terra.com.br,,,
14233643000190,ATUAL ASSESSORIA LTDA,11,32290433,11,32290433,ozak@superig.com.br,,,
14343466000102,PRIME CONTROL,11,84177632,,,MARIOMATHIAS@HOTMAIL.COM,,,
10894415000100,,11,20917723,11,20917723,maccont5@gmail.com,,,
14490730000122,,11,23377237,,,MARCIO@MAGNACONTABILIDADE.COM.BR,,,
13088036000110,AGUIA ASSESSORIA CONTABIL,11,20649915,,,FISCAL@AGUIAASSESSORIA.COM.BR,,,
14793364000180,SECAFT - SERVICOS CONTABEIS E ASSES. FISCAL TRIBUTARIA.,11,45035220,11,41753497,AGEC@UOL.COM.BR,,,
14826294000110,,11,22210166,,,,,,
14845318000188,ESCRITORIO CONTABIL CORREIA,11,29925639,,,claudia.vinikcius@hotmail.com,,,
14906944000137,,11,82917647,,,MARCELO@BGBPERITOS.COM.BR,,,
15095264000143,MULTIPLICAR CONTABILIDADE,11,38042440,11,55628546,clau.helena@uol.com.br,,,
15140400000170,CONTABIL GUAIATO ASSESSORIA EMPRESARIAL,11,40679192,,,CONTABIL@CONTABILGUAIATO.COM.BR,,,
15179776000198,GHM CONTABILIDADE,11,93583270,,,GHMCONTABILIDADE@GMAIL.COM,,,
15192350000174,,11,33840719,11,33840718,ferreiradamasceno65@hotmail.com,,,
15286599000149,N & N ASSESSORIA E CONTABILIDADE,11,22222222,,,ANDERSON@CONTABILIDADENN.COM.BR,,,
15168630000147,CRV-SP ASSESSORIA CONTABIL,11,20913804,11,40096533,VINAUD.ASSESSORIA@GMAIL.COM,,,
8866581000150,CONTABILIDADE GG,11,46613018,,,eniocontabil@terra.com.br,,,
9008241000151,,11,26516544,11,28552576,af.pacheco@terra.com.br,,,
10583306000171,,11,26131711,,,ARD@AUXADI.COM,,,
10643505000128,ESCRITORIO CONTABIL SOLUCOES G3,11,31512539,,,SOLUCOES.G3@UOL.COM.BR,,,
11111049000138,CONTABIL CALDERON,11,32593469,,,contabilcalderon@yahoo.com.br,,,
11367381000168,RELIABLE CONTABILIDADE,11,93995236,,,reliablecontabilidade@hotmail.com,,,
12971093000180,LAF FELICORI - CONTABILIDADE EPP,11,32881382,11,94860022,felicori@uol.com.br,,,
13662251000183,I C L,11,56312091,11,56315724,ICLASSESSORIA@TERRA.COM.BR,,,
96513015000203,,11,31247255,,,ACCOUNT@ACCOUNTS.COM.BR,,,
15535947000174,NICK CONT,11,33136033,11,33135622,NIXON@NICKCONT.COM.BR,,,
15545435000199,WEDO CONTABILIDADE,11,68651185,,,LEGAL@WEDOCONTABILIDADE.COM.BR,,,
15551961000161,DELTA CONSULTORIA FISCAL E CONTABIL,11,86882275,,,VITOR@DELTACONSULTORIA.CNT.BR,,,
15595512000115,,11,27916060,,,GRUPO,EVOLUCAO@TERRA,COM.BR,
15596813000163,LAS ASSESSORIA E GESTAO DE NEGOCIOS CONTAB. TRIBUTARIOS,11,28520870,,,CONTATO@LASASSESSORIA.COM,,,
15638066000189,LUGON CONTACTO ASSESSORIA CONTABIL,11,79664431,11,33319927,jardim.luciano@ig.com.br,,,
15651374000144,LH CONTABILIDADE,11,98713598,11,82393916,harmonlj@hotmail.com,,,
15661856000185,,11,36677847,,,PROATIVA@PROATIVACONT.COM.BR,,,
15673410000170,ASCOSI ASSESSORIA CONTABIL,11,22757934,,,ascosi@ig.com.br,,,
15680205000132,GV CONTABIL,11,56864927,11,23669689,PAULO@GVCONTABILIDADE.COM.BR,,,
15864376000111,,11,26920011,,,STUDIOCONTABIL@STUDIOCONTABIL.COM.BR,,,
16101608000142,JHP SERVICOS CONTABEIS,11,29440278,11,25377345,HAROLDO@JHPCONTABIL.COM.BR,,,
16510542000144,CASTRO ORGANIZACAO CONTABIL,11,20164785,,,JOANA_CASTRO_FREIRE@HOTMAIL.COM,,,
16683727000150,,11,32142817,,,OSVALDO.NASCIMENTO@CALCULOSINF.COM.BR,,,
15045125000105,,11,86856203,,,MARCATO@MMRCONTABILIDADE.COM.BR,,,
12927387000105,,11,24783712,11,24783712,consultoria@centaury.com.br,,,
12977420000101,,11,29776755,,,dinam_consult@superig.com.br,,,
14269900000143,GR ORGANIZACAO CONTABIL,11,29894466,,,GRORGCONTABIL@UOL.COM.BR,,,
8266188000126,,11,33925362,,,FABIO.OKAMOTO@FLEXCONT.COM.BR,,,
16808542000125,,11,47034500,,,SUPORTELEGAL@PROCONTABILSP.COM.BR,,,
13675325000116,CONTPRED,11,23850001,,,contato@contpred.com.br,,,
16962661000138,HZI CONTABILIDADE,11,50693300,,,ATENDIMENTO@GRUPOHZI.COM.BR,,,
17155648000130,MCP SERVICOS CONTABEIS,11,31411405,,,,,,
17331103000137,,11,40859000,11,40859000,contabilidade@preventsenior.com.br,,,
17338269000185,VESTA ACCOUNTING,11,31295967,11,31294484,CICERO@VESTAACCOUNTING.COM.BR,,,
17346581000110,CONTABILIDADE CONTCONFI,11,32051096,,,CONTABILIDADECONTCONFI@GMAIL.COM,,,
17478952000118,JAKUBAVICIUS ASSESSORIA CONTABIL,11,51374252,,,JULIOCJAKUBA@GMAIL.COM,,,
17489805000143,ESTUDIO 281,11,29404039,11,91980001,PEVINE@UOL.COM.BR,,,
17555489000160,LEONE ASSESSORIA CONTABIL E EMPRESARIAL,11,28311110,11,99743920,LEONE@LEONE.CNT.BR,,,
17764863000138,CVS CONTABILIDADE,11,43276080,,,ADM@CVSCONTABIL.COM.BR,,,
17768692000115,SIFE CONTABIL,11,29614894,,,CONTABIL_FEF@UOL.COM.BR,,,
17796857000162,CONARC CONTABIL,11,32312955,,,amadeu@realag.com.br,,,
17850376000198,CONTABILSIL,11,38922429,,,CONTABILSIL@HOTMAIL.COM,,,
11015956000183,T.SANTOS REIS,11,35395645,,,telmasr_2@ig.com.br,,,
17921547000122,ZPR CONTABIL,11,22511580,,,ZPRCONTABIL@ZPRCONTABIL.COM,,,
17966591000159,SASSA ASSESSORIA CONTABIL E FISCAL LTDA,11,33380102,,,legal@satonet.com.br,,,
18093306000103,RHEMACONT,11,33621717,,,decio@rhemacont.com.br,,,
18254336000146,CA CONTABIL,11,42036070,,,ca_contabilnet@ig.com.br,,,
13639707000194,ACD ASSESSORIA CONTABIL,11,22080309,,,K.HAYAZAKI@UOL.COM.BR,,,
20469994000105,RCK ASSESSORIA CONTABIL E AUDITORIA LTDA,11,48267219,,,rafaelcabraljrcontador@gmail.com,,,
8486071000158,EXCELENCIA CONTABIL,11,50711653,11,50718546,EXCELENCIA@CONTABILEXCELENCIA.COM.BR,,,
10372432000187,BASTOS CONTABILIDADE,11,22070018,11,22070018,bastoscontabilidade@uol.com.br,,,
12231563000170,S.R. ASSESSORIA CONTABIL,11,55111746,,,salomao.ribeiro@terra.com.br,,,
14225198000116,LEXCONT ASSESSORIA EMPRESARIAL,11,36759014,11,38310267,JURIS.EDGARD@AASP.ORG.BR,,,
17509912000196,CM CARVALHO ASSESSORIA CONTABIL,11,29836540,,,CONTABILIDADE.CMCARVALHO@GMAIL.COM,,,
18361358000105,,11,23662628,,,LEGAL@FORSE.COM.BR,,,
16576763000115,HUB ACCOUNTING,11,31646367,,,PROTOCOLO@HUB-ATO.COM,,,
18554846000139,FARIAS SERVICOS CONTABEIS,11,34524237,,,FARIASLOURIVAL@IG.COM.BR,,,
18686464000169,PINA ASSESSORIA,11,26937222,11,26937248,pinaassessoria@uol.com.br,,,
18855488000102,SHARE CONTABILIDADE,11,97765565,,,WAGNERGABRI@GMAIL.COM,,,
18892209000172,MARCONTABILSP,11,51810223,,,CONTABILIDADE@MARCONTABILSP.COM.BR,,,
19079232000105,PJA ACCOUNTANT,11,32511194,,,PAULOJ.ARAKAKI@GMAIL.COM,,,
19091473000170,FC - SANTIAGO ASSESSORIA EMPRESARIAL,11,58266494,,,ROBERTO@FC-SANTIAGO.COM.BR,,,
19105533000166,FECONTABIL ASSESSORIA EMPRESARIAL,11,31058422,,,SELMA@FECONTABILASSESSORIA.COM.BR,,,
19064136000193,BRAINCAPITAL,11,26850035,,,RUBENS.COSTA@BRAINCAPITAL.COM.BR,,,
19207665000107,AD PRIMUS CONTABILIDADE,11,32558336,,,DEPTOLEGAL@ADPRIMUSCONTAB.COM.BR,,,
19315495000176,,11,33159360,11,71604848,lcrinald@terra.com.br,,,
19364788000143,,11,37822474,11,45634855,redmorgcont@ig.com.br,,,
19415829000183,,11,92951650,,,JOSEJMW@GMAIL.COM,,,
19616784000105,CONTABILIDADE TOTAL,11,29503593,,,LUCAS@CONTABILIDADETOTAL.COM,,,
19734855000174,SOLDI CONTABILIDADE,11,50214035,,,SOLDI@SOLDICONTABILIDADE.COM.BR,,,
19874584000152,SEMPRE ASSESSORIA CONTABIL,11,83728870,,,SEMPRECONTABILIDADE@HOTMAIL.COM,,,
19979113000109,PRECISAO X,11,31592111,11,32576207,CONTATO@PRECISAOX.COM.BR,,,
20756311000192,DOMINIUM CONTABILIDADE,11,29852968,,,RICARDO@CONTABILIDADEDOMINIUM.COM.BR,,,
20952517000198,VISABRAS CONTABILIDADE DIGITAL,11,30879216,,,lopesclean@ig.com.br,,,
20981159000141,ECON SERVICOS CONTABEIS,11,27045953,11,88858415,ELAINE_C.LOPES@R7.COM,,,
21166382000106,EMR CONTABILIDADE,11,67001428,,,policarpo.contador@gmail.com,,,
21256635000124,EFISICA CONTABIL,11,36448674,11,36448681,CONTATO@EFISICACONTABIL.COM,,,
21296477000136,EBENEZER CS CONTABILIDADE,11,39842431,,,EBENEZERCONTABILCS@GMAIL.COM,,,
21314743000106,,11,50512547,,,,,,
21321806000151,CONTABIL NUNES,11,32285966,,,CONTNUNES@TERRA.COM.BR,,,
21586572000174,,11,29592969,11,35546780,RAFRO@UOL.COM.BR,,,
21618167000190,INNOVARE SOLUCOES EMPRESARIAIS,11,31041723,,,CONTATO@GPINNOVARE.COM.BR,,,
21541246000140,HGO,11,97096499,11,37249237,O.OLIVEIRA@HOTMAIL.COM,,,
21695091000105,ACAO EMPRESARIAL,11,31569363,,,YOSHIDA@GESPLANOFFICE.COM.BR,,,
21824133000152,FREITAS CONTABILIDADE,11,56639585,11,99405305,WAGNERFREITAS@FREITASASSOCIADOS.COM,,,
21878546000110,,11,29697349,11,,,,,
21920146000125,PRIMAZIA ASSESSORIA CONTABIL,11,23090920,,,PRIMAZIACONTABIL@GMAIL.COM,,,
21943277000128,,11,40163609,,,CONTATO@RODRIGUESPAESCONSULTORIA.COM,,,
22024800000185,,11,38084300,,,MASAITO@GLOBO.COM,,,
21613384000198,MS TALENT,11,22739607,,,RONALDO@MSTALENT.COM.BR,,,
22129840000191,LJJM ASSESSORIA CONTABIL,11,58912383,,,leila.moraes@shp.org.br,,,
22175877000156,SW SERVICOS CONTABEIS,11,51803598,,,WANDER.TELES@SWSERVICOS.NET,,,
22180836000158,DUMAS-ASSESSORIA ADMINISTRATIVA,11,71807897,,,denicedumas@uol.com.br,,,
22196413000126,HAUDE CONTABILIDADE,11,41058806,11,85558781,CONTABILIDADE@HAUDE.COM.BR,,,
22225336000195,BCONTABIL,11,28928951,11,53290012,BADU.NET@TERRA.COM.BR,,,
22337530000162,EBFT,11,31052260,,,CONTATO@EBFT.COM.BR,,,
22397727000197,E.C.S.C,11,25150027,11,83455341,ANDRADEECUNHASERVICOS@GMAIL.COM,,,
22477463000181,,11,50832105,11,36250792,CRISANHO@TERRA.COM.BR,,,
22485185000104,ES CONTABIL,11,37744553,,,SJJCAMPOS@GMAIL.COM,,,
22534395000145,,11,39362019,11,25018056,CONTATO@TESSARICONTABILIDADE.COM.BR,,,
22603454000190,ATIVO X CORP CONTABILIDADE LTDA.,11,48831090,,,JCICERO@ATIVOCONSULTORES.COM.BR,,,
22715222000123,VATTARO CONTABILIDADE,11,28019762,11,91312654,CONTATO@VATTAROCONTABIL.COM.BR,,,
22749339000128,CAPE CONTABEIS,11,33136319,,,ATENDIMENTO@CAPECONTABILIDADE.COM.BR,,,
20514688000135,WS MODULI,11,25010857,,,JULIANA@WSMODULI.COM.BR,,,
22790553000128,HOPE CONTABIL,11,22818104,11,35867549,LEGAL@HOPECONTABIL.COM.BR,,,
22837420000160,DBO CONTABILIDADE,11,39215731,,,contato@dbocontabilidade.com.br,,,
22880878000100,,11,55846059,,,,,,
22912231000104,,11,38954020,11,38953921,CONTATO@TORQUATOASSESSORIA.COM.BR,,,
22929819000170,SJ3 CONSULTING,11,23590830,,,CONTATO@SJ3.COM.BR,,,
22967953000166,,11,33723844,,,INTIMACAO@ALEIXO.COM.BR,,,
23110416000168,CANAA ESCRITORIO CONTABIL,11,59243871,11,95235780,CONTABILIDADE.2017@OUTLOOK.COM.BR,,,
23183217000180,ELIAS CONTABILIDA,11,32590841,,,ELIASGUERRA@ATECCONTABILIDADE.COM.BR,,,
22456188000110,MILLENAR ASSESSORIA,11,55256400,,,ADM@MILLENARASSESSORIA.COM.BR,,,
23197860000162,,11,29815443,,,FLAVIA.1806@HOTMAIL.COM,,,
23279413000152,,11,89222996,,,SIDNEYLEIGTON@GMAIL.COM,,,
23544253000121,SCC ASSESS CONTABIL - FISCAL E SERVICOS,11,32248396,,,cris_mar_silva@hotmail.com,,,
23804996000193,ARP SERVICOS CONTABEIS,11,27737457,11,20743261,SYLVIAARP@HOTMAIL.COM,,,
23819537000183,ASSESSORIA REZENDE,11,23020968,,,ASSESSORIAREZENDE@HOTMAIL.COM,,,
23992900000168,IRANI MALAQUIAS - SERVICOS CONTABEIS,11,91596726,,,IRANI.MALAQUIAS@IG.COM.BR,,,
24002609000168,,11,55221051,11,35395479,ALEXSANDRA.MGNC@TERRA.COM.BR,,,
24028630000132,,11,35125919,,,VALKIRIA@FACIMMUS.COM.BR,,,
24071101000111,CONVIX,11,31048500,,,,,,
24094067000109,,11,23378179,,,JCONTROCHA@YAHOO.COM.BR,,,
24099908000162,,11,20657766,,,MARCOS@DATECON.COM.BR,,,
24285689000106,REBIZZI CONTABILIDADE,11,84114636,,,CONTATO@ALLIANCEE.COM.BR,,,
24344564000100,CONTICONTABIL,11,37652847,,,ECONTI9_8@HOTMAIL.COM,,,
24453225000161,PARZIALE CONTABILIDADE,11,22970640,,,FINANCEIRO@PARZIALECONTABILIDADE.COM.BR,,,
24527070000160,ELITE CONSULTORIA EMPRESARIAL,11,26024330,,,ELITEEMPRESARIAL@ELITEEMPRESARIAL.COM.BR,,,
24572826000193,,11,38653810,11,38653996,,,,
24580793000123,COSTA & SILVA SERVICOS DE CONTROLADORIA,11,58129498,,,ANDER_COSTA@YAHOO.COM.BR,,,
24614740000186,BX OUTSOURCING,11,20508900,,,CONTABIL@BXGROUP.COM.BR,,,
24700397000192,,11,40714491,,,G.AMADORSILVA@GMAIL.COM,,,
24740991000107,A&S CONTABILIDADE,11,26528415,,,CONTATO@ASCONTABILIDADEEMPRESARIAL.COM.BR,,,
24742968000151,PH ASSESSORIA ADMINISTRATIVO,11,34816111,,,,,,
24780933000107,J T CONSULTORIA,11,27439088,,,jtconsultoria@outlook.com,,,
24800461000107,KAMARANTE CONTABILIDADE,11,76455977,11,25224067,CONTATO@KAMARANTECONTABILIDADE.COM.BR,,,
21129497000112,GRIFON BRASIL,11,31868100,,,GRIFON@GRIFON.COM.BR,,,
25012334000106,AGVN ASSESSORIA CONTABIL,11,75480841,,,ADOLFOGVN@HOTMAIL.COM,,,
25026826000150,SERVDATA PROCESSAMENTOS FISCAIS,11,56618266,,,servdata@outlook.com,,,
25053055000190,C & M,11,22676729,11,99407586,PSCADVOGADO@UOL.COM.BR,,,
25059864000100,ART CONTABIL CONSULTORIA,6920601,11,23084295,11,99207544,FABIO@ARTCONTABILCONSULTORIA.COM.BR,,
25118049000174,MARCOS FURTADO CONTABILIDADE,11,99991234,,,MARCOS.ADMINISTRATIVO@UOL.COM.BR,,,
25153791000110,GUEDES CONTROLADORIA EMPRESARIAL,11,33377961,,,CONTATO@GUEDESCONTROLADORIA.COM.BR,,,
25276939000104,FLUXO CONTABIL,11,82911340,,,CONTATO@FLUXOCONTABIL.COM.BR,,,
25362168000178,,15,32441627,,,CONTATO@E-TARDELLI.COM.BR,,,
25400673000160,ESFERA CONTABILIDADE,11,27377912,,,FABIOPS2008@HOTMAIL.COM,,,
24376236000195,,11,27826900,,,ITAMARATHY@GRUPOITAMARATHY.COM.BR,,,
24648672000176,ALENCAR'S CONTABILIDADE,11,35692069,,,VALMIR@ALENCARS.COM.BR,,,
16433049000178,GLOBALCAST CONTABILIDADE,11,31592313,11,47513997,RAFAEL.MARTINS@GLOBALAUDITORIA.COM.BR,,,
11166036000166,,11,37827304,,,FRANCA@FMCONTABIL.COM.BR,,,
23074111000148,GTCONT - GESTAO TRIBUTARIA CONTABIL,11,23645371,,,CONTATO@GTCONT.COM.BR,,,
24250592000168,ANGELICA AUDI ASSESSORIA CONTABIL,11,47813553,11,91359210,ANGELICA.AUDICONTABILIDADE@HOTMAIL.COM,,,
23598442000187,FAST SLOGAN SERVICOS CONTABEIS,11,22744433,,,FASTSLOGAN@FASTSLOGAN.COM.BR,,,
24912356000160,,61,81338808,,,ARI.CARRION@HOTMAIL.COM,,,
15733367000191,CONTGPS CONTABILIDADE,11,22136662,,,CONTACTGPS@CONTABILIDADEGPS.COM.BR,,,
16980190000190,HANSEN CONTABILIDADE,11,31063634,,,HANSEN@HANSENCONTABILIDADE.COM,BR,,
17220103000160,D3 CONTABILIDADE,11,23068785,11,23078785,DEBORA@D3ASSESSORIA.COM.BR,,,
22453791000148,,11,29532526,,,AMAURY@FERREIRAEASSOCIADOS.COM.BR,,,
22916663000193,CONTINVESTI ASSESSORIA CONTABIL,11,20316840,,,continvesti@gmail.com,,,
18226810000126,MERC SOLUCOES EMPRESARIAIS,11,31153535,,,LEGALIZACAO@MERCEMPRESARIAL.COM.BR,,,
24399788000119,MINHA CONTADORA,11,31203547,,,LUCIA@MINHACONTADORA.NET.BR,,,
21798623000121,CECILIANO SOLUCOES CONTABEIS,11,68953404,,,RAFAEL@CECILIANO.COM.BR,,,
19120029000135,CONTABILIZA KAPITAL SISTEMICO,11,59501015,,,KAPITALSISTEMICO@GMAIL.COM,,,
22267999000172,,11,29712191,,,VMAX@VMAXCONTABIL.COM.BR,,,
8583152000176,CP ASSESSORIA,11,32111188,11,32112723,MAURICIO.DIAS@M5ASSESSORIACONTABIL.COM.BR,,,
13617669000179,HELIO'S CONTABIL,11,27054911,,,org.cont.helios@uol.com.br,,,
21175958000193,RV CONTABIL,11,20598896,,,rvcontabilsp@gmail.com,,,
18803489000103,XT.CONTABIL,11,76465184,,,TATHIANA.XT@ADMSUPPORTS.COM,,,
18274616000116,PLANO A - ASSESSORIA E CONSULTORIA CONTABIL,11,21585857,,,CONTATO@PLANOACONSULTORIA.COM.BR,,,
12022973000100,PRESTCONT,11,82129331,,,CONTATO@PRESTCONT.COM.BR,,,
15053351000138,MARQUES CONTABILIDADE,11,35229333,,,sm@briganti.com.br,,,
20207837000113,GRUPO TORQUATO ASSESSORIA,11,38954020,,,CONTATO@DOUTORESDACONTABILIDADE.COM.BR,,,
21917467000170,AMKA CONSULTING,11,30315374,,,AIRTON.PAIVA@AMKACONSULTING.COM.BR,,,
17229042000100,THUNDER ASSESSORIA E CONSULTORIA CONTABIL E EMPRESARIAL,11,22680510,,,CONTATO@THUNDERCONTABIL.COM.BR,,,
14707765000170,,11,25787213,,,alba.roque@superig.com.br,,,
15729945000116,DIAS & COELHO ASSESSORIA,11,23370545,,,CONTATO@CAYENECONTABILIDADE.COM.BR,,,
19533224000197,,11,30907510,,,SOCIETARIO@PMCCONTABILIDADE.COM.BR,,,
13164855000108,SBS CONTABILIDADE S/S LTDA,11,22544516,,,contato@sbs-assessoria.com.br,,,
19945819000150,GOMES ASSESSORIA E CONSULTORIA CONTABIL,11,84219232,,,agomes797@gmail.com,,,
12032830000180,CONTABIL DIAS & AGUIAR,11,20815655,11,20815505,dias.aguiar.contab@hotmail.com,,,
9467980000101,,11,89860333,,,CONTATO@GOMESEDAMASCENO.COM.BR,,,
10772905000133,,11,39329019,11,62272070,GNR@SUPERIG.COM.BR,,,
15621349000118,AMAZON ASSESSORIA,11,35011008,11,76759998,AMAZCONT@AMAZCONT.CNT.BR,,,
10234256000117,RBS E CONTAKKI CONTABILIDADE,11,46373232,,,COMERCIAL@RBSCONTABIL.COM.BR,,,
24890033000112,METAVERSO CONTABIL,11,71107107,,,CONTATO@METAVERSOCONTABIL.COM,,,
14496613000176,,11,32738900,,,FISCAL@PROMISSORONLINE.COM,,,
23572920000180,BLACK CONTABILIDADE & COMPLIANCE,63,99680528,63,32252571,FINANCEIRO.GRUPOBLACK@GMAIL.COM,,,
17511839000197,LZA CONSULTORIA CONTABIL,11,24248271,,,FISCAL_CONTABIL@LZACONSULTORIA.COM.BR,,,
9334071000103,,11,33921356,,,BERTONCINI@BERTONCINICONTABILIDADE.COM.BR,,,
10811033000175,MAC CONTABILIDADE E CONSULTORIA ME,11,95152921,,,ANGELICA.40CARDOSO@GMAIL.COM,,,
21258479000130,DOT ADMINISTRACAO,11,23376609,11,23385815,CONTATO@DOTCONTABILIDADE.COM.BR,,,
16594232000155,,11,38146672,,,LUCIANA@LMCONTABIL.COM,,,
13011566000160,PREMIUM CONTABILIDADE,11,47896450,,,MARTA@PRECONFI.COM.BR,,,
8999830000186,,11,27762427,,,RODRIGO@STARRED.COM.BR,,,
18943091000164,,35,92441154,,,EDSONJR@SILVERIO.COM.BR,,,
19549790000197,PORTO ASSESSORIA CONTBIL,11,43244112,11,43244114,FA-PORTO@UOL.COM.BR,,,
10673216000171,MATSUBARA & ASSOCIADOS,11,40406695,,,MATSUBARA@MFASSOCIADOS.COM.BR,,,
15439294000120,,11,22048272,,,SERGIO_VIANNA@UOL.COM.BR,,,
18761396000155,CONUBE CONTABILIDADE,11,47889520,,,PARALEGAL@CONUBE.COM.BR,,,
21464546000173,CODEP ASSESSORIA CONTABIL LTDA,11,41165272,,,CONTATO@CODEPCONTABILIDADE.COM.BR,,,
21643709000185,PLENA CONTABIL,11,40541316,,,CONTATO@PLENACONTABIL.COM,,,
11247220000130,,11,33298846,,,MEGACONTABIL@MEGACONTABIL.COM,,,
10298328000190,,11,37982589,,,ALSCONTABIL@TERRA.COM.BR,,,
2697859000208,GLOBAL CONSULT TECNOLOGIA E SERVICOS,51,32124555,,,GLOBALTECNOLOGIA@GLOBALCONSULTORIA.COM.BR,,,
8784636000183,TENTO CONSULTORIA TRIBUTARIA E EMPRESARIAL LTDA,11,31955413,,,RBARRETO@TENTOCONSULTORIA.COM.BR,,,
14617852000137,TALISMA CONTABILIDADE,11,29580851,11,29580851,talisma.contabil@terra.com.br,,,
12669621000141,D RAMOS ASSESSORIA CONTABIL,11,25621617,,,LEGALIZACAO@DRAMOSCONTABIL.COM.BR,,,
21300755000181,FAJ CONTABILIDADE,11,31015497,,,FAJ.CONTABIL@UOL.COM.BR,,,
11044669000100,S&A - ASSESSORIA CONTABIL E EMPRESARIAL,11,38944415,11,38044416,SA@SAASSESSORIACONTABIL.COM.BR,,,
26039046000108,ESCRITORIO DE CONTABILIDADE LAERTES PEREIRA,11,50420102,,,LAERTESPEREIRA@TYERRA.COM.BR,,,
26105525000185,GOC CONTABILIDADE,11,74690297,,,DIOGO@CONTGOC.COM.BR,,,
26113108000184,BANHOS ASSESSORIA CONTABIL E ADMINISTRATIVA,11,36412133,11,36410845,FABIO.BANHOS@BANHOSASSESSORIA.COM.BR,,,
26489841000106,CONTABIL MACHADO,11,23398481,11,23398731,L-CLAUDIO-MACHADO@UOL.COM.BR,,,
26558849000179,,11,32939999,,,,,,
26625242000164,WGI,11,23722376,,,PARALEGAL.SP@WGI.ONE,,,
26634026000185,ACEPT CONTABILIDADE,11,39332030,,,ALEXANDRE@ACEPTCONTABIL.COM.BR,,,
26650298000179,,11,23391245,,,Z2D@Z2DCONSULTORIA.COM,,,
26655251000106,SOLLUT ASSESSORIA CONTABIL,11,26586294,,,CONTATO@SOLLUTASSESSORIA.COM.BR,,,
26811278000132,SIGN OUTSOURCING,11,23062877,11,26389710,CONTATO@CRO-CONT.COM.BR,,,
26834193000170,MOMOSE CONTABIL,11,92329746,,,CARLOSMOMOSE@HOTMAIL.COM,,,
26859150000149,RICARDO PINHEIRO CONTABILIDADE,11,29877014,,,contador@ricardopinheirocontabilidade.com,,,
27036563000196,VRF CONTABILIDADE,11,26316150,,,VRF@VRFCONTABILIDADE.COM.BR,,,
27044901000131,,11,32225776,,,ISRAEL@CONSULTMEGA.COM.BR,,,
27063154000189,,11,22978425,,,mia_seiji@yahoo.com.br,,,
27263049000193,DELACONT CONSULTORIA E ASSESSORIA CONTABIL,11,25282003,,,DELACONT@HOTMAIL.COM,,,
27276234000112,ICP INVENTARIO E CONTROLE PATRIMONIAL LTDA,11,70440225,,,tibu.andersonlou@gmail.com,,,
27374351000119,DHS ASSESSORIA EMPRESARIAL CONTABIL E FISCAL,11,36451008,,,DHSCONTABIL@DHSCONTABIL.COM.BR,,,
27426358000137,ACCONT ASSESSORIA CONTABIL,6920601,11,39416494,11,99158679,ANGELA-AMG@HOTMAIL.COM,,
27508359000120,,11,27016479,,,CONTABILECOMAR@GMAIL.COM,,,
27537044000101,7 CONSULBARE,11,99938378,,,claytonmedeiros85@hotmail.com,,,
27547045000137,JOAO CHAGURI CONTABILIDADE,11,32287547,11,32288368,JCHAGURI@UOL.COM.BR,,,
27575762000172,LEGAL SOLUCOES CONTABEIS,11,45335041,,,contato@legalscontabeis.com.br,,,
27600919000172,KAVALCIUKI CONSULTORIA,11,31019081,,,akavalciuki@gmail.com,,,
27833756000178,FCA SERVICOS,11,99057995,,,RODRIGO.ABRACOS@GMAIL.COM,,,
27952690000135,RD INTELIGENCIA EM SERVICOS FINANCEIROS,11,87770156,,,RAFAEL.DURER@GMAIL.COM,,,
27745460000103,HP ASSESSORIA CONTABIL,11,37985385,,,ELIANEFERNANDES.CNT@GMAIL.COM,,,
28023123000167,MMR ORGANIZACAO CONTABIL,11,20590528,,,CONTABIL@MMRCONTABIL.COM.BR,,,
28134848000122,ALMEIDA ASSESSORIA CONTABIL,11,36821427,,,WEST@WESTCONSULTORIA.COM.BR,,,
28297303000137,TRINDADE ASSESSORIA CONTABIL,11,98102930,,,andretrindade.fiscalcontabil@gmail.com,,,
59117903000280,,11,30904504,,,ARTDATA@ARTDATACONTABIL.COM.BR,,,
28550774000105,,11,31116316,,,NEWTONOHE@BRASNIPPON.COM.BR,,,
28595237000181,ACL9 CONTABILIDADE,11,11002105,,,ADRIANO@ACLSCONTABILIDADE.COM.BR,,,
28659500000159,DM LUCENA CONTABIL,11,65007230,,,DMLUCENACONTABIL@GMAIL.COM,,,
28772729000103,,11,26063386,,,CONTATO@AUDICOND.COM.BR,,,
28803069000172,,11,55106970,,,ANAPAULA@NASCONTSP.COM.BR,,,
28834636000158,MAT SERVICOS CONTABEIS,11,68017126,,,NOCASSESSORIA@GMAIL.COM,,,
28862804000119,JS CONTABILIDADE,11,26922203,11,29160857,JULIOTANAKA03@GMAIL.COM,,,
28955047000128,MMG ASSESSORIA E CONSULTORIA CONTABIL E FISCAL LTDA,11,23720462,,,CONTATO@MMGCONSULTORIA.COM,,,
28982408000125,GMA3 GESTAO DE NEGOCIOS,11,23593739,,,ANDERSON@GMA3.COM.BR,,,
29016633000170,HOMMAGE GROUP GESTAO DE NEGOCIOS,11,59258282,,,CONTATO@HOMMAGECONTABILIDADE.COM.BR,,,
29120063000163,NICEDU CONTABILDADE E CONSULTORIA FINANCEIRA,11,20468478,,,EDUARDOR.MIRANDA48@GMAIL.COM,,,
29138376000149,VE ASSESSORIA CONTABIL,11,20593032,,,VERITASEXACTA@VERITASEXACTA.COM.BR,,,
29225628000177,NEOSOLUTAX,11,94186663,,,E.CORDEIRO@YMAIL.COM,,,
28287582000158,CONTABILIDADE & RECURSOS HUMANOS,11,85460537,11,15981981,LIVECONSULTRH@HOTMAIL.COM,,,
29232997000197,PJCONTRATO,11,32276060,,,PARALEGAL@CONTABILRH.COM.BR,,,
29385974000112,MLINKCONTABIL SERVICOS E SOLUCOES CONTABEIS,11,91839029,11,,MIRIAM.MORENO@MLINKCONTABIL.COM.BR,,,
29482134000178,CONTH SOLUCOES CONTABEIS,11,83468826,,,CONTHSOLUCOES@TERRA.COM.BR,,,
29563275000115,REIS ASSESSORIA,11,20580172,,,REISCONT7@HOTMAIL.COM,,,
29598769000135,,11,23693695,11,91991655,ELC.CONSULTORIA@GMAIL.COM,,,
29631476000102,NEX.CO AUDITORES,11,34733838,,,LEGAL@MRZCONT.COM.BR,,,
29642749000114,,11,23661895,11,,ALMEIDAALEXX@YAHOO.COM.BR,,,
29701951000170,,11,33220830,,,CONTATO@SOLIOTTI.COM.BR,,,
28404890000116,CONTABILIDADE_JR,13,34792300,13,74245587,VALMIR@CONTABILIDADEJR.COM,,,
26883888000141,,11,50817001,,,NJMSERVICOSCONTABEIS@GMAIL.COM,,,
30097472000175,,11,26399359,,,THIAGOTORRES@COLABORATIVACONSULTORIA.COM.BR,,,
30147327000151,TUPI CONTABILIDADE,11,30612333,,,CONTATO@MAILTUPI.COM.BR,,,
30171690000102,DATEC CONTABILIDADE,11,55215030,,,CRISTINA.BRENE@DATEC.SRV.BR,,,
30174715000121,,11,38590397,,,JOSE.POCO40@GMAIL.COM,,,
30213562000184,SIMPLES CONTADORES,11,94739067,,,AGSPRADO@YAHOO.COM.BR,,,
30263785000156,PAZ & PIERRE ASSESSORIA CONTABIL,11,59203814,,,SHEILA@PAZPIERRE.COM.BR,,,
30473801000135,,11,26638989,,,MVASCAO@VERTICORE.COM.BR,,,
30581504000103,ZAYA CONTABIL,11,88307806,,,CONTABIL@ZAYACONTABIL.COM.BR,,,
30753605000114,MTC CONTABILIDADE,11,22033422,,,DOCUMENTOS@MTCC.COM.BR,,,
30768432000108,NTW CONTABILIDADE E GESTAO EMPRESARIAL,11,20761011,,,ALEAMORA18@GMAIL.COM,,,
30855507000198,AMB CONTABIL,11,22216618,11,73302463,ANDREMB80@GMAIL.COM,,,
30950510000190,SM CONTABILIDADE,11,56677857,,,MARCIOMIKAMI2132@HOTMAIL.COM,,,
31002872000112,JUNTOS & CONECTADOS CONTABIL,11,53171100,,,CONTATO@JUNTOSECONECTADOSCONTABIL.COM.BR,,,
31143918000113,CONTABILIDADE NOMADE,11,31361868,,,CONTATO@CONTABILIDADENOMADE.COM,,,
31157212000100,,11,80148223,11,93128378,DIFACONTABEIS@GMAIL.COM,,,
31344412000172,,11,85863691,11,23797889,WAGNERRUBENSC@GMAIL.COM,,,
31394245000174,PIVOTAR CONTABILIDADE E CONSULTORIA,11,32581512,11,32578006,PIVOTAR@CNT.BR,,,
27992912000143,APS - UNIDADE TABOAO DA SERRA,11,94275268,,,ANAPAULAMACHADO@APSCONTABILIDADE.COM.BR,,,
31502369000126,DAYROS ASSESSORIA E SERVICOS CONTABEIS,11,29352336,,,DAIANA.FERREIRA70@YAHOO.COM.BR,,,
31687977000152,RSG TREINAMENTO E DESENVOLVIMENTO PROFISSIONAL,11,51857200,,,RODRIGOSIMOESGALVAO@GMAIL.COM,,,
30310108000141,LUCIANNA OLIVEIRA CONTABILIDADE & ASSESSORIA,11,36289250,,,LUCIANNA@LUCIANNACONTABILIDADE.COM,,,
31838015000157,DOC CONCIERGE,11,28720020,,,SOCIETARIO@DOCCONCIERGE.COM.BR,,,
31907213000125,PAULISTA ASSESSORIA CONTABIL,11,22940089,11,88785349,ERNANEFD@GMAIL.COM,,,
31915944000112,D.M.A. CARVALHO ASSESSORIA CONTABIL,11,82454883,11,66024204,CARVALHO.ASSESSORIACONTABIL@HOTMAIL.COM,,,
32061638000129,MED TAX CONTABILIDADE LTDA,11,79788506,,,DANYSOLIVEIRA@GMAIL.COM,,,
32293214000190,ACTUAL,11,38710506,,,SOCIETARIO@ACTUALNET.COM.BR,,,
32333511000111,META CONSULTORES,11,58423134,11,42482362,RUBENSCONSULT@UOL.COM.BR,,,
32431632000104,,11,47818304,,,DRMASSESSORIAEMPRESARIAL@GMAIL.COM,,,
32433715000124,,11,23556476,11,76664921,ROSEPMDUTRA@GMAIL.COM,,,
26744973000129,,11,21480455,11,21480450,SABIO@SABIOCONTABIL.COM.BR,,,
32545421000194,REZENDE ASSESSORIA CONTABIL,11,51421912,,,MARSON.REZENDE@OUTLOOK.COM,,,
32588491000120,TEBON CONTABILIDADE,11,24784190,,,CONTATO@TEBONCONTABILIDADE.COM.BR,,,
32719051000164,ZENSHIN,11,33317612,,,CONTABZENSHIN@HOTMAIL.COM,,,
32751187000151,COLON CONTABIL,11,30644328,,,THIAGOZ@MSN.COM,,,
32766546000144,TESSA INTELIGENCIA CONTABIL,11,38011400,,,TESSA@TESSACONTABIL.COM.BR,,,
32926187000145,*****,11,29639381,11,87674698,CONTABIL@SOUZAESANTOSCONTABILIDADE.COM.BR,,,
32953620000131,APONTA CONTABILIDADE LTDA,11,29053744,,,ROSIMEIRE.S@UOL.COM.BR,,,
33076743000102,,11,22042524,,,CONT_MLONGO@HOTMAIL.COM,,,
33210505000130,LAJCONT SOLUCOES CONTABEIS,11,77077574,,,LAJ@LAJCONT.COM,,,
33220489000166,MC PRADO ASSESSORIA,11,96613071,,,CRISTINA.PRADO@MCPRADOASSESSORIA.COM.BR,,,
33377988000161,MARCOS BOZA CONTABILIDADE,11,24062847,,,MARCOS-BOZA@BOL.COM.BR,,,
33378588000170,SBR CONTABIL,11,91960909,11,25480017,MMAXRIBEIRO@GMAIL.COM,,,
33392772000175,EXCELENCIA - GESTAO EMPRESARIAL,11,20942010,,,DANIEL@EXCELENCIAEMPRESARIAL.COM.BR,,,
33550353000114,ELOHIM CONTABILIDADE,11,48243773,,,,,,
33605530000112,OSG CONTABILIDADE,11,57741994,,,OSGCONTABILIDADE@BOL.COM.BR,,,
33705839000184,MCE - MONEY CARE ENTERPRISE,11,96818470,,,RAPHAEL.LIMA@MONEYCAREENTERPRISE.COM,,,
33714827000116,WCR ASSESSORIA,11,25036499,,,WANDERCARMO@TERRA.COM.BR,,,
33972680000164,CASTRO BUSINESS CONSULTING,11,82360651,,,CLAUDIOCASTROICLOUD@ME.COM,,,
34260085000169,LUZ CONSULTORIA EMPRESARIAL,11,45623900,,,GABRIELLA@LUZCONSULTORIA.CNT.BR,,,
34377437000160,GRUPO WP2R,11,43621591,11,79980370,ROBSON.MAMEDIO@WP2R.COM.BR,,,
34584141000110,PERFIL CONTABILIDADE,11,55156277,11,54992478,PERFIL_CONTATO@HOTMAIL.COM,,,
34904726000170,KLM ASSESSORIA CONTABIL E EMPRESARIAL,11,26367140,,,CONTATO@KLMCONTABIL.COM.BR,,,
34936164000147,COCCATO CONTABILIDADE,11,22584320,,,COCCATO.CONTABILIDADE@GMAIL.COM,,,
28307354000100,RTCOUNT,11,20161731,,,CONTATO@RTCOUNTDIGITAL.COM.BR,,,
35048418000153,,11,20651040,,,GUSTAVO@HEURO.COM.BR,,,
29320692000137,VSW SERVICOS PRIME,11,27965443,11,22918728,MIRANDA@ORGVSW.COM.BR,,,
35190624000101,CEBOTAROV CONTABIL.,11,56771566,,,MARCOS.CEBOTAROV61@GMAIL.COM,,,
35274488000120,ORGANIZACAO CANTAREIRA,11,26825833,11,26848688,CANTAREIRACONTABIL@GLOBO.COM,,,
24895973000285,INOVA COM VALOR CONSULTORIA ESTRATEGICA EMPRESARIAL,11,25986162,11,73967794,CONTATO@INOVACOMVALOR.COM.BR,,,
35350546000157,ZUKUNFT CONSULTORIA E CONTABILIDADE,11,26400353,,,ZUKUNFT.CONT@GMAIL.COM,,,
35798697000172,INTELLIS7,11,23919331,,,SOCIETARIO@INTELLIS7.COM.BR,,,
35818841000195,TECNODOC ASSESSORIA EMPRESARIAL,11,31206746,11,31206796,FERNANDO@TECNODOC.COM.BR,,,
35825815000194,CORPORE CONTABILIDADE,11,26153926,,,CLAUDIO.FARIA@CONTABILECCO.COM.BR,,,
35834716000179,CONTABILIDADE TAMOIO,11,48980682,,,CONTATO@CONTABILIDADETAMOIO.COM.BR,,,
35996973000107,ART CONTABIL,11,25920083,,,CONTATO@ARTCONTABILCONSULTORIA.COM.BR,,,
36048368000177,REAL ESTATE ASSESSORIA E CONTABILIDADE,11,41325708,,,CLAY@REALESTATECONTABILIDADE.COM.BR,,,
36125336000128,CONTABILIDADE MUNIZ,11,82532425,,,LILIANCMZ@YAHOO.COM.BR,,,
36334923000127,,11,96551363,,,RUSSI.GOMES@HOTMAIL.COM,,,
36382804000140,,11,98561824,,,CONTATO@MEDCONTABILIDADE.COM.BR,,,
36425434000180,TRATTA CONTABILIDADE,11,35622688,,,CARLOS.CONTADOR@GLOBO.COM,,,
36476269000196,CONTABILIDADE SANTA FE,11,34450789,11,39766511,CLAUDIA_CHAVES@TERRA.COM.BR,,,
36497467000136,,11,45047000,,,LEGALIZAMORUMBI@SOLUTTA.COM,,,
36596753000159,GRACY MARINHO CONTABILIDADE,11,97879573,,,GRACIANE@CONTABILIDADEGMARINHO.COM.BR,,,
36641170000100,.,11,36615227,,,CIVALDO@AMISCONTABIL.COM.BR,,,
36731319000134,BSO CONTABIL,11,24521208,,,ACBORGHI@BSOCONTABIL.COM.BR,,,
37013568000157,ERETZ CONTABILIDADE,11,38849825,,,CONTATO@ERETZCONTABILIDADE.COM.BR,,,
37319112000110,,11,82071504,,,FABIO@DIASRIBEIROCONTABIL.COM.BR,,,
37380274000163,EMATZ INTELIGENCIA CONTABIL,11,47030243,,,GUSTAVO@EMATZINTELIGENCIA.COM.BR,,,
37442460000180,NJV ASSESSORIA E CONSULTORIA EMPRESARIAL,11,26154160,11,66312852,NJVASSESSORIACONSULTORIA@GMAIL.COM,,,
37539055000184,,11,35868919,,,SOCIETARIOREGULATORIO@PROPTERCONTABILIDADEDIGITAL.COM,,,
37844467000128,,11,48722423,,,CONTATO@ACCOUNTABLE.COM.BR,,,
37899203000171,CARRION SOLUCOES FISCAIS E CONTABEIS,11,82443533,,,EDICARRION@HOTMAL.COM,,,
37905889000166,,11,99368826,,,PAULO_GNASCIMENTO@HOTMAIL.COM,,,
37949024000100,MIND CERTIFICA,11,51080300,,,FINANCEIRO@BPOMIND.COM.BR,,,
37953708000177,CONTABIL MS,11,20323890,,,MSSERGIO_BR@YAHOO.COM.BR,,,
37988270000162,,11,25245307,,,CONTABILIDADE@CLICK4CONTABIL.COM,,,
38144112000199,,11,64533024,,,MARTHA.MPCONSULTORIA@GMAIL.COM,,,
38214832000183,,11,50179700,11,50177227,CONTATO@ZADOQUECONTABILIDADE.COM.BR,,,
38230092000179,SAFE CONTABILIDADE,11,29363635,,,VINNIE@SAFECONTABILIDADE.COM.BR,,,
38375000000149,NGA CONTABIL,11,38569232,11,96302270,GABRIELA@NGACONTABIL.COM.BR,,,
38445850000176,,11,99573548,,,ROB.ANDRADE@HOTMAIL.COM,,,
33185731000108,,11,98792605,,,ANA.REGINALDO@SILVEIRAEREGINALDO.COM.BR,,,
39148880000183,MAFFE CONTABIL LTDA,11,20712015,,,MAFFE@MAFFE.COM.BR,,,
39237739000157,EDC ASSESSORIA,11,35898018,11,92163233,EDSONAP74@GMAIL.COM,,,
39240250000134,SUED CONTABILIDADE,11,20527082,,,ADRIANAPINHS@GMAIL.COM,,,
39271627000112,,11,96633646,,,ALEX.GUEDESS@GMAIL.COM,,,
39304186000108,,11,20612308,11,22723249,LUISLAMBIASI@GMAIL.COM,,,
39362112000128,GRUPO MK,11,59344233,,,MKTEMTUDOEMP@GMAIL.COM,,,
39453405000110,,11,32944203,,,NERY.NOVELLO@PONTTUAL.COM.BR,,,
39473883000192,,11,31295305,,,CONTATO@ORIGEMCONTABIL.COM.BR,,,
39526418000172,,11,29507441,,,CAROLINA@ZAPACONTABILIDADE.COM.BR,,,
39663864000129,ORGANIZACAO OASIS,11,27245894,,,CONTABILOASIS@TERRA.COM.BR,,,
39807731000189,GA EXPERT - GENERAL ACCOUNTING EXPERT CONTABIL DIGITAL,11,83896497,,,CONTATO@GAEXPERT.COM,,,
40086549000165,NOBEL ASSESSORIA CONTABIL,11,60475793,,,NOBELASSESSORIA2015@GMAIL.COM,,,
28840608000143,DIREZIONE CONTABILIDADE ONLINE,11,56778783,,,JONASDSANTOS@HOTMAIL.COM,,,
40221014000150,,11,20811575,,,MISTRAL@MISTRALCONT.COM.BR,,,
40349881000175,ABS ASSESSORIA,11,91589892,,,ADRIANA.DINHASANTOS@GMAIL.COM,,,
40363349000102,ALVES ASSESSORIA CONTABIL,11,83389391,,,FABIOMODESTOALVES@HOTMAIL.COM,,,
36018580000191,CTK,11,98378175,11,83781752,EDELCIH@HOTMAIL.COM,,,
32503115000195,,11,82491581,,,CONTABILISA.ISA@GMAIL.COM,,,
40516651000153,LMAYER CONTABILIDADE,11,27372427,,,LMAYER@LMAYER.COM.BR,,,
40934217000193,C.R CONTABILIDADE,11,38041385,,,CELIA@CRCM.COM.BR,,,
41019579000111,,11,21224019,,,CONTATO@JOBSSOLUTION.COM.BR,,,
41107817000140,WFPARTNERS SOLUCOES EMPRESARIAIS,11,26267362,,,PARALEGAL@ECREL.COM.BR,,,
41235087000163,UNIO CONSULTORIA CONTABIL SS LTDA,11,25480017,11,91960909,MMAXRIBEIRO@GMAIL.COM,,,
41269969000140,,19,38072796,19,38075737,MONICA@ALLEZMICAI.COM.BR,,,
41512331000198,,11,92545788,,,FABIANE@FSIQUEIRA.CO,,,
41526983000181,MK CONTABILIDADE LTDA,11,32941554,,,MKCONTABILIDADE3@GMAIL.COM,,,
41535021000199,NN CONSULT CONTABILIDADE,11,23119346,,,NILDO@NNCONSULT.COM.BR,,,
41822580000180,JSC CONTABILIDADE,11,48703550,,,FRJUSTINIANO@HOTMAIL.COM,,,
41914880000199,,11,38732727,,,MAIO@MAIOAUDITORIA.COM.BR,,,
41952549000163,A&J CONT - ASSESSORIA CONTABIL,11,49593268,,,J.CONTABILIDADE21@HOTMAIL.COM,,,
34467346000116,BAIXA CNPJ,11,21102549,11,86717226,JURIDICO@BAIXACNPJ.COM,,,
35611965000103,COSTA ASSESSORIA CONTABIL E FISCAL EIRELI,11,30419216,11,30419222,MCOSTA.CONT@SETIN.COM.BR,,,
26889450000170,DECISIVA,11,43056872,,,ROSE.ALMEIDA@DS2CONSULTORIA.COM.BR,,,
40377156000100,ORGANIZACAO CONTABIL DE PAULA & CARDOSO,11,93038755,,,VAINERPAULA@DEPAULAECARDOSO.COM.BR,,,
41408257000164,BOM CONTABILIDADE,5511,81984307,0,0,ZEANTONIO_BOM@YAHOO.COM.BR,,,
41981709000100,,11,41522908,,,CARLO@VALORDONEGOCIO.COM.BR,,,
37503991000135,HEGEO ASSESSORIA CONTABIL,11,56860968,,,CONTATO@HEGEOCONTABIL.COM.BR,,,
42370351000134,VR COMPANY ASSESSORIA CONTABIL E FISCAL,11,58128803,,,VRCOMPANY.CONTABILIDADE@GMAIL.COM,,,
42393432000150,LT GESTAO CONTABIL LTDA,5511,75181051,0,0,IZABELA_TRAJANO@HOTMAIL.COM,,,
33173467000192,CONSERGY,11,33335194,,,CONSERGY-SP@IG.COM.BR,,,
42440645000195,ALISSON FREIRE ASSESSORIA CONTABIL,11,91509776,,,GLOBAO28@GMAIL.COM,,,
41652267000140,HD CONTABIL,5511,51217039,0,0,HDUARTECONTABIL@GMAIL.COM,,,
42555873000100,MARCICONT CONTABILIDADE,11,50857181,,,MARCIA.FERREIRA@INTERCONT.COM.BR,,,
34568992000250,,61,32269528,,,CONTABILIDADE@COGEST.COM.BR,,,
42709137000160,A&S CONTABILIDADE,5511,50255960,0,0,ARTUR_AMARAL_H@YAHOO.COM.BR,,,
42788450000130,ARES ASSESSORIA EMPRESARIAL,11,29356703,,,CONTATO@ARESEMPRESARIAL.COM.BR,,,
42827521000167,KICK-OFF ASSESSORIA,6920601,11,30271800,,,REGULARIZACAO@VACC.COM.BR,,
42839343000194,,11,73987407,,,CONTABIL.DOAR@GMAIL.COM,,,
42878552000147,SN SOLUCOES CONTABEIS,11,39356732,,,CONTABILIDADE@SNSOLUCOESCONTABEIS.COM,,,
36492259000144,VGCONT,11,55108281,11,35023377,VGBVANUSA@GMAIL.COM,,,
42933798000174,AGR GESTAO,5511,54522508,0,0,ADR.JAGUARE@HOTMAIL.COM,,,
42937562000106,,11,83056791,,,CIROALESSANDRO@HOTMAIL.COM,,,
42963682000188,SOALHE CONTABILIDADE,11,88755028,,,CONTATO@SOALHE.COM.BR,,,
26091794000130,REGULARIZE SOLUCOES CONTABEIS,11,52405821,,,CONTATO@REGULARIZECONTABIL.COM.BR,,,
43180648000108,,11,31046383,11,31046040,DIEGO@FISCONTASP.COM.BR,,,
43208469000123,TCPA GROUP BRASIL LTDA,19,38262087,,,PARALEGAL1@EMASFI.COM.BR,,,
43439804000102,EO - CONSULTORIA CONTABIL EMPRESARIAL E BUSINESS INTELL,11,95050990,,,EDSON@CCEBI.COM.BR,,,
30400475000136,AGLACON,11,22013762,,,CARLAOGIL@UOL.COM.BR,,,
43541808000199,,5511,73700535,0,0,ELZ.7895@GMAIL.COM,,,
43606225000107,DMCS ASSESSORIA,11,65054160,,,OLA.DMCSASSESSORIA@GMAIL.COM,,,
43756381000146,CONTOUT CONTABILIDADE E BPO FINANCEIRO,11,99378247,0,0,CLAU.RTALBUQUERQUE@GMAIL.COM,,,
41680583000126,SERVICON CONTABILIDADE,11,38542830,11,38542831,SERV.LEGAL@TERRA.COM.BR,,,
40804246000130,CELLER CONTABILIDADE,11,29352474,,,CELLERCONTABIL@GMAIL.COM,,,
35933122000115,EMILIO HOFFMEISTER,11,34307152,,,CONTATO@CLARIACONTABILIDADE.COM.BR,,,
26342529000187,EXATA CONTABIL,11,65313914,,,B.CLAUDIAMOURA1@GMAIL.COM,,,
30537793000143,,11,20282867,,,PATRICK@ENCONTACONTABIL.COM.BR,,,
40810873000184,UTARGET DESCOMPLICA,11,16043354,,,CONTATO@UTARGET.COM.BR,,,
42354721000140,JECONT CONTABILIDADE LTDA,11,25947479,,,JOSIMAR@PLETUDE.COM.BR,,,
30592296000148,,11,99999999,,,1@1.COM,,,
40972954000180,,11,48459449,,,VINICIUS@SANTANAFORTE.COM.BR,,,
34641141000105,HEALTH CONTABIL,11,20917881,,,CONTATO@HEALTHCONTABIL.COM,,,
29225553000124,ECBJR,11,22017282,,,EUGENIOCBJR@GMAIL.COM,,,
26699010000150,CONFIDERI,11,88070177,,,AMANDASANTOS063@GMAIL.COM,,,
28063937000125,,11,40385840,,,JULIANAMARIA.CONTDIGITAL@GMAIL.COM,,,
43862159000128,ROSI ARAUJO ASSESSORIA CONTABIL,6920601,11,68711421,,,ROSIARAUJO.CONTADORA@GMAIL.COM,,
43933009000168,DAL BELLO E MARTINS CONTABILIDADE E ASSESSORIA,11,74557769,0,0,MONIQUE.VE@HOTMAIL.COM,,,
43946863000169,QUALITY IPIRANGA CONTABIL,11,43378151,,,QUALITY.IPIRANGA@GMAIL.COM,,,
44057828000151,,11,44902903,,,REGIANE.MORAIS@CONTABILIDADE.NET,,,
44120645000133,P&M CONTABIL,11,99642851,0,0,THIAGOITO@PMCONTABIL.COM,,,
44256086000193,DESTRA PERICIA E CONSULTORIA CONTABIL LTDA,11,85128614,,,CHRISTIAN.SILVA.CONTATO@GMAIL.COM,,,
44552460000106,,11,50706848,0,0,JOSE.LOPES@PRIMECF.COM.BR,,,
44616253000160,CONTABILDANTAS,11,56669009,,,CONTATO@CONTABILDANTAS.COM.BR,,,
44826771000108,CONTAL-CONTABILIDADE,6920601,11,61576265,0,0,LOURIVALCONTAL@GMAIL.COM,,
45026959000134,DES CONTABILIDADE,11,67372489,0,0,DANIELCONTABIL09@GMAIL.COM,,,
45055789000116,ATUS BPO,11,59251391,,,CONTABIL@ATUSBPO.COM.BR,,,
45118533000100,,11,54778995,0,0,JOHN@VILARIMBARROS.COM.BR,,,
45148253000145,,11,21106702,18,96103346,JOAO@JOAOSCHIRMANN.COM.BR,,,
45199597000183,ASK CONTABILIDADE,11,29787313,,,ASKASSESSORIACONTABIL@GMAIL.COM,,,
45230239000196,,11,72134289,0,0,ANSELMOSILV136@GMAIL.COM,,,
45356028000102,,11,99999999,11,99999998,BRASILBUSINESS@SAC.COM.BR,,,
45423755000137,SR. CONTABILISTA,11,40703930,,,SENHOR.CONTABILISTA@GMAIL.COM,,,
45499934000158,SANTOS SILVESTRE SERVICOS CONTABEIS,11,96172600,,,CONTABILISTAS@OUTLOOK.COM.BR,,,
44802063000137,WEALTH CONTABIL,11,85528296,0,0,FABRICIOANDRADE.1981@GMAIL.COM,,,
45575464000164,'IMPACTO RDS CONTABILIDADE E CONSULTORIA',11,65530629,,,NEWCONTY@NEWCONTY22.COM,,,
45626930000193,AFIFE CONSULTING,11,33319927,,,VALMIR.CARDOZO@AFIFECONTABIL.COM.BR,,,
45636254000139,W.A,11,26845040,,,W.A_CONTABILIDADE@OUTLOOK.COM,,,
45878924000123,LECONT CONTABILIDADE,11,59373991,0,0,LEANDRO.MCONTABIL@GMAIL.COM,,,
43141356000239,MADE CONSULTORIA,11,33921007,,,MAURO.BUENO@MADECONSULTORIA.COM.BR,,,
46022761000145,BLUE LOTUS,11,99514769,,,FELIPE@ROMITELLI.COM.BR,,,
46034698000167,,11,20656355,,,DIRETORIA@CONTABILNAGAI.COM.BR,,,
46141609000181,MS CONTABILIDADE,11,72255846,0,0,MARI641300@GMAIL.COM,,,
46444426000135,,11,79587937,,,CONTATO@SALERAARAUJO.COM.BR,,,
46503964000153,,11,55417930,11,55234427,FABIO-ANDO@HOTMAIL.COM,,,
46719170000121,LION ACCOUNTING,11,76321911,0,0,RODRIGOCTFREITAS@GMAIL.COM,,,
46727794000190,SFO CONTABIL,11,47630645,0,0,SEBASTIAOFERRAZ@BOL.COM.BR,,,
46880757000118,IMBRAVA ESCRITORIO CONTABIL,11,54611586,,,FALECOM@IMBRAVA.COM.BR,,,
46892312000158,MARQUES E BRANDAO ASSESSORIA CONTABIL,11,25751800,,,PARALEGAL9@MGCONTECNICA.COM.BR,,,
46893334000132,IRKO BPS,11,32182622,,,RPUBLICAS@IRKO.COM.BR,,,
47006206000192,,11,23680117,,,SOCIETARIO@ARTCONT.COM.BR,,,
47136711000151,KGLSP CONTABILIDADE,11,56192189,,,KLAUS.CONTABIL@GMAIL.COM,,,
47238137000142,,11,49897283,,,CONTATO@DATECONTABILIDADE.COM.BR,,,
47630617000154,,11,64479819,0,0,CONTABIL@LA2ASSESSORIA.COM.BR,,,
47929703000162,ORG GLAU CONTABILIDADE,11,47636701,0,0,GLAUCIA2806@HOTMAIL.COM,,,
45619280000159,CONSULT INTELIGENCIA TRIBUTARIA,11,72173121,,,ADMFINANCEIRO@CONSULTINTELIGENCIATRIBUTARIA.COM,,,
48217686000101,MANANCIAL SETE SERVICOS CONTABEIS,11,99112169,,,MANANCIALSETE@GMAIL.COM,,,
48261922000189,,11,91165269,0,0,JORGEMARCO.RODRIGUES1@GMAIL.COM,,,
48308288000192,RC SERVICOS CONTABEIS E FINANCEIROS,11,31493666,0,0,RCBPOFINANCEIRO@GMAIL.COM,,,
48439631000138,ATRATIVA CONTABILIDADE,11,31361707,,,LEGAL@ATRATIVACONTABILIDADE.COM.BR,,,
48498228000180,ADMAIS AUDITORIA E PERICIA,11,99806214,,,ADMAIS@ADMAIS.COM.BR,,,
48523261000112,PROAUGE INTELIGENCIA,11,99804990,,,JESSICA.ALVES@PROAUGE.COM.BR,,,
48331388000130,CONLYTICS CONTABILIDADE,11,14887354,,,CONTATO@CONLYTICS.COM.BR,,,
48597789000136,RHEFISCON ASSESSORIA CONTABIL,11,29191445,,,CONTATO@RHEFISCON.COM.BR,,,
48675795000164,CONTABILIDADE PARA PSIS,11,88651775,,,CONTATO@CONTABILIDADEPARAPSIS.COM.BR,,,
32800719000608,RC CONTABILIDADE,62,33611134,,,SERVICOSTECNICOS@RICARDOCONTABILIDADE.COM,,,
48741597000151,MEDEIROS & MOREIRA SOLUCOES CONTABEIS,11,68437878,,,THINA.MOREIRA@GMAIL.COM,,,
48875707000178,,11,84271974,,,CLAUCRIS10@CCACONSULT.COM.BR,,,
48912647000116,ALPHA ACCOUNT,11,13288572,11,97888701,CONTATO@ALPHAACCOUNT.COM.BR,,,
48949923000110,,11,22023722,,,ESCA@ESCA.COM.BR,,,
29403100000302,,11,35267075,,,CONTATO@CORPSERVICES.COM.BR,,,
49044756000121,DC3 CONTABILIDADE E FINANCAS,11,63542277,,,TERRA.FILO@PM.ME,,,
49064282000180,GANHOS EM BOLSA,11,59222546,,,ATENDIMENTO@GANHOSEMBOLSA.COM.BR,,,
74051863000205,,21,35531451,,,JANETEMENEZES@GLSUAID.COM.BR,,,
49260916000170,SYNCMED CONTABIL,11,22972002,11,98724020,CONTATO@SYNCMEDCONTABIL.COM.BR,,,
49308668000190,,11,29492711,,,CONTABILCADESP@IG.COM.BR,,,
49421671000115,R.ALVES,11,47373839,0,0,ROBSON@RALVES.COM.BR,,,
49585210000188,CONTABIL EXPRESS,44,88648494,0,0,VESTFORMA1@HOTMAIL.COM,,,
49585478000110,WCG GESTAO CONTABIL,11,89957114,0,0,WILLIAN.MARILIA@GMAIL.COM,,,
49666446000149,PONTUALIDADE CONTABIL,11,23645602,,,CONTATO@PONTUALIDADE.COM.BR,,,
49686428000129,FERNANDES CARACCIOLO CONTABIL,11,98944757,0,0,MARCIO-CONTADOR@UOL.COM.BR,,,
49721326000105,,11,92620353,,,CONTATO@KADOSHCONTABIL.COM,,,
49764664000116,,11,99571349,,,CONTATO@DLMASSESSORIA.COM.BR,,,
45434558000113,ESC CONTABIL,61,91801622,0,0,EDUARDO1702@GMAIL.COM,,,
49808001000156,AR SOLUCOES ADMINISTRATIVAS E CONTABILIDADE DIGITAL,11,31017099,11,81953802,ARCONTABILIDADEDIGITAL@GMAIL.COM,,,
49952204000111,,11,99999999,,,IBRAGE@IBRAGE.COM.BR,,,
50052496000115,JACARANDA CONTABILIDADE,11,55944231,,,ERNANI@SOLUCIONACONTABILIDADE.COM.BR,,,
50285793000100,DMAXX CONTABILIDADE,11,58359045,,,CONTABIL@DMAXXCONTABIL.COM.BR,,,
50501663000168,GRAN GESTAO CONTABIL,51,99723682,,,GERSON@GRANGESTAOCNTABIL.COM.BR,,,
50501847000128,CONTE MAIS,11,94786944,0,0,ANDREMISSIASCONSULTOR@GMAIL.COM,,,
50561306000195,,11,85488713,0,0,CLAUDFER31@GMAIL.COM,,,
50593485000142,D.L.B.G CONTABILIDADE,11,63472366,0,0,LUCAS.HENRISANTOS18@GMAIL.COM,,,
50735111000114,ASSERTIVE CONTABILIDADE,11,66471173,,,CONTATO@ASSERTIVECONTABILIDADE.COM.BR,,,
50831950000136,THALACKER E MANARA CONSULTORIA,11,53466792,,,NICOLAUBTN@GMAIL.COM,,,
50935244000134,MZILLI CONTABIL,11,91201163,0,0,MAUROZILLICONTADOR@GMAIL.COM,,,
50953780000162,M.H.A ASSESSORIA CONTABIL,11,84699293,0,0,MARCO_PEREIRA2@HOTMAIL.COM,,,
49371060000100,B&A ASSESSORIA CONTABIL,11,75738018,,,ELISANGELARSVARGAS@GMAIL.COM,,,
51232321000152,,11,22967782,11,99792511,RONAGON1970@GMAIL.COM,,,
51371189000160,PINHEIRO ASSESSORIA E CONSULTORIA CONTABIL,11,59923092,0,0,ADRIANESOUZAPINHEIRO@HOTMAIL.COM,,,
51423439000168,BCY CONSULTORES,11,94701379,0,0,FBARROS@BCYLAW.COM.BR,,,
51443368000165,NOBEL NAKA CONTABILIDADE,11,58719263,,,CONTATO@VNADV.COM.BR,,,
51612103000143,ROTA CONTABIL,11,43822916,,,RMASSESSORIAEMPRESARIAL03@GMAIL.COM,,,
51749548000170,SN CONTABEIS,11,49991661,0,0,PEDU2703@GMAIL.COM,,,
51882232000151,,11,26022600,11,93854316,LITZ_OLIVEIRA@HOTMAIL.COM,,,
51899090000135,ITO SERVICOS CONTABEIS,11,55755741,,,CONTRATOS@ORGANIZACAOITO.COM,,,
52037958000150,GRUPO CONSIGNEA,11,67368873,,,GRUPOCONSIGNEA2@GMAIL.COM,,,
52064107000105,LIDERA CONTAR,11,25065644,,,CONTATO@LIDERACONTAR.COM.BR,,,
52219059000179,DHARMA CONTABILIDADE,11,91122424,,,LEGAL@DHARMACONTABILIDADE.COM.BR,,,
52353432000180,,11,54973683,0,0,ALEXANDREFONTES02@HOTMAIL.COM,,,
52355041000102,ALVORADA PRIME SOLUCOES EMPRESARIAIS,11,27530189,,,CONTATO@CONTABILDIADEALVORADA.COM.BR,,,
52444768000158,AKAHAI CONTABILIDADE,11,96057245,0,0,JUJUFVIEIRA@GMAIL.COM,,,
52516008000109,VRG PERICIA,11,86386660,,,CONTATO@VRGPERICIACONTABIL.COM.BR,,,
52534991000196,,11,92003475,,,CONTATO@ACCOUNTTECH.COM.BR,,,
52859827000159,CONSULTORIA E GESTAO CONTABIL,11,74530962,0,0,FLAVIA_SANTANA2011@HOTMAIL.COM,,,
52998197000101,NIELFER CONTABILIDADE,11,66719337,11,96671933,NIELFER.NIELFER@GMAIL.COM,,,
53014131000194,,11,48670663,,,CONTATO@PIRESCONTABIL.COM.BR,,,
53043222000158,W.W. INTELIGENCIA CONTABIL,11,45961184,,,LCRF.CONTABIL@GMAIL.COM,,,
53070938000144,ARF PRIME SOLUCOES CONTABEIS E TRIBUTARIAS LTDA,11,26139020,,,PARALEGAL@SRFPRIMESOLUCOES.COM.BR,,,
53120782000169,,11,23075300,,,RODRIGOFAVARO@ADV.OABSP.ORG.BR,,,
53165939000172,,11,48581044,,,KARINA.MONTEIRO@NEWCOLATAM.COM,,,
53208860000181,,11,39919517,,,CONTATO@ROMANINI.CNT.BR,,,
53322332000159,ONE ASSESSORIA ADMINISTRATIVA E CONTABIL,11,39358896,,,IONE2S@HOTMAIL.COM,,,
53336006000109,,11,46927432,0,0,CONTATO@POWERCOUNT.COM.BR,,,
53371052000130,SIMALCONN AUDIT,11,50511609,,,LSX@SIMALCONN.COM.BR,,,
53443831000102,MOREIA CONSULTORIA CONTABIL,11,87666670,,,CONTABILIDADE@MSTRIBUTARIO.COM.BR,,,
53495514000121,,11,47561785,0,0,GOMES.ROBSON2904@GMAIL.COM,,,
53609132000181,,11,88641528,,,OBAM@CSCONTAB.CNT.BR,,,
53704707000145,DREIFUS CONSULTORIA CONTABIL,11,94425579,0,0,LUCAS.DREIFUS@GMAIL.COM,,,
53767514000133,HCI GLOBAL CONTABILIDADE,27,97696992,27,98446003,SOCIETARIO@HCIGLOBAL.COM.BR,,,
54036097000111,EASY MAIS CONTABILIDADE DIGITAL,11,94802303,,,EASYMAISCONTABILIDADE@GMAIL.COM,,,
54129651000105,RT CONTABILIDADE,11,71050070,,,ESCRITORIO@CONTABILIDADERT.COM.BR,,,
54168360000126,ORGANIZADORA CONTABIL,11,32287077,,,CONTABIL@ORGANIZADORA.NET,,,
54371576000194,ALIANCA CONTADORES ASSOCIADOS,11,77756622,,,MARCIAPRISCILA@HOTMAIL.COM,,,
54494048000122,BITCONT CONTABIL,11,66666666,,,HOTMAIL@HOTMAIL.COM,,,
54545574000174,ALASCA ASSESSORIA CONTABIL,11,65013979,,,AILTON.TEGON@GMAIL.COM,,,
50606209000171,,11,45807974,,,LEGALIZACAO@PROVIDIAN.COM.BR,,,
54751880000167,FTA CONTABILIDADE,11,82128302,11,80434723,ENRIQUESANTANA.OLIVEIRA@YAHOO.COM.BR,,,
54895021000141,,11,87286035,,,CONTATO@RZCONT.COM.BR,,,
54947659000189,LINK MORUMBI SOLUCOES CONTABEIS,11,37424392,,,LINKMORUMBI.CONTABILIDADE@GMAIL.COM,,,
54954331000190,ALUPE CONTABILIDADE,11,73878493,0,0,ALUPECONTABIL@GMAIL.COM,,,
55070001000102,,11,47312076,,,FRANCISJUVIEIRA@GMAIL.COM,,,
55073410000154,EJS CONTABILIDADE,11,74376112,,,EVAIR@EJSCONTABIL.COM.BR,,,
55120449000185,,11,26139559,,,LIZIANI@GENESECONTABIL.COM.BR,,,
7213583000269,ALB CONTABILIDADE INTEGRADA,11,31298322,,,ADEMIR@ALBCONTABILIDADE.CNT.BR,,,
55216973000154,CONDIZ CONTABIL,11,70346821,,,ELIRIBEIROCONTABIL@HOTMAIL.COM,,,
55393355000180,THEOS CONTABILIDADE,11,49530921,,,TALI.FMU@GMAIL.COM,,,
55487238000185,RESTART ADMINISTRATIVA LTDA,11,40884193,,,ESCRITACONTABIL29765306@GMAIL.COM,,,
55516554000138,TRB ALVES CONSULTORIA,11,52007519,0,0,TADEU.ALVES@TRBCONTABILIDADE.COM,,,
55710144000123,,11,23650500,11,23650500,CPPCONTABIL@OUTLOOK.COM,,,
55715620000107,,11,22270296,,,CONTATO@FEGMA.COM.BR,,,
55729427000117,CONTAGON CONTABILIDADE ON LINE,11,37332120,,,CONTABILIDADE@BEMESTAR.IMB.BR,,,
55967356000190,ALE SERVICOS CONTABEIS,11,52700054,,,ANDRE.LEUGENIO1974@GMAIL.COM,,,
56022883000195,,11,54834742,,,RAFAEL.GOMES@ONEREPORT.COM.BR,,,
56069121000144,CONTABIL BRASILEIRA,11,97970545,,,CONTATO@CONTABILBRASILEIRA.COM.BR,,,
56308446000132,JM2 ASSESSORIA,11,47479818,,,CONTATO@JM2ASSESSORIA.COM.BR,,,
56384064000198,PRIMAZIA PROJETOS,11,38732727,0,0,ANDRESSA@PRIMAZIACONTABILIDADE.COM.BR,,,
47301875000359,DOCSTAGE,27,92321313,,,REGISTRO@DOCSTAGE.COM.BR,,,
56902822000112,JMMP CONSULTORIA,11,81986453,,,JULI.MMPAS@GMAIL.COM,,,
57030333000180,,11,54636373,,,VALMIRCRC@GMAIL.COM,,,
57075674000172,REDCOUNT,11,29503006,,,CONTATO@PJ.PLUS,,,
10867304000295,,19,32331223,,,G10ESCRITORIO@GMAIL.COM,,,
57127882000178,DUARTE CONTABILIDADE,11,26676519,,,CONTABIL.DUARTE02@GMAIL.COM,,,
53755183000111,,11,11120831,,,GLCONT.AEC@GMAIL.COM,,,
57304294000162,KONEXXIA SERVICOS,11,99623209,11,89991908,KONEXXIA@GMAIL.COM,,,
57646786000136,MIRANDA & MARTINS SERVICOS CONTABEIS E EMPRESARIAIS,11,75102219,,,FM.MIRANDA1970@GMAIL.COM,,,
57661873000162,INNOVA CONSULTORIA E CONTABILIDADE DIGITAL,11,92221786,,,CONTADORA.FABIANERICE@GMAIL.COM,,,
57678899000113,REIS DO NEGOCIO,11,98476212,0,0,LUCAS.GONCALVESSILVA1997@GMAIL.COM,,,
57773923000101,ESPECIALISTAS INTELIGENCIA CONTABIL,62,39980120,,,CONTATO@REDEESPECIALISTAS.COM.BR,,,
57933997000150,CONTABILIZA PAY LTDA,11,59841013,0,0,CONTABILIZAPAY@GMAIL.COM,,,
58049471000174,MEDEIROS ARCANJO CONTABILIDADE LTDA,47,97002791,11,76416472,PAMELLAMEDEIROS_@HOTMAIL.COM,,,
58200324000153,CLOUD CONTABIL 10,11,51231320,11,51231321,FALECOM@CLOUDCONTABIL10.COM.BR,,,
58259729000167,CONTABILIZATOP,11,30212545,0,0,CONTATO@CONTABILIZATOP.COM.BR,,,
58289602000190,EVOLVERE GESTAO EMPRESARIAL ESTRATEGICA LTDA,11,71648338,,,RAQUELMARTINSCONTADORA@GMAIL.COM,,,
58382362000174,PIXTOPAY SOLUCOES E INTERMEDIACOES DE PAGAAG,11,61566341,0,0,FERNANDA2024333@GMAIL.COM,,,
58537039000122,,11,18587345,11,18587345,OPINIAO@LATAM.NET,,,
58559471000114,58.559.471/0001-14 LTDA,11,81696151,0,0,CAROLINEJECKS@HOTMAIL.COM,,,
58687905000161,OCEAN SOLUCOES CONTABEIS E EMPRESARIAIS,11,93639072,,,ELISANGELACONTABIL1974@GMAIL.COM,,,
18027265000220,PRACONT SP,41,99141345,,,CONTATO@PRACONT.COM.BR,,,
58828390000172,DINELLI CONTABILIDADE LTDA,11,93423763,,,VINICIUS@DINELLICONTABILIDADE.COM.BR,,,
59003655000166,,11,44431859,11,42582506,LEONARDO@LBFCONTABILIDADE.COM.BR,,,
59004891000105,COMPANHIA CONTABIL MAEF,11,32939255,,,MAEF@MAEF.COM.BR,,,
59032975000144,,11,49849134,11,49849134,CRISTIANEDOSSANTOSANDRE@GMAIL.COM,,,
59038608000158,*********,11,60166738,,,MEUCNPJ@R2CONTABIL.COM.BR,,,
59154201000196,P&B ASSESSORIA CONTABIL,11,26741832,,,HILDEBRANDO_PBCONTABILIDADE@HOTMAIL.COM,,,
59175484000152,CERTACONTABILIDADE,11,36244721,11,47238542,ALESSANDROALENCAR75@GMAIL.COM,,,
59208549000119,OLIVEIRA POLETTI CONTADORES ASSOCIADOS,11,38131358,,,CARLA.POLETTI@OLSC.COM.BR,,,
59296114000173,,11,73601963,,,ADEMIR.FREITAS@UOL.COM.BR,,,
59337551000198,,11,63448663,11,63448663,GENIANE.LIMA@HOTMAIL.COM,,,
59695883000144,TR CONTABILIDADE,11,40288421,11,69493148,TRM@TRMARQUESCONTABIL.COM.BR,,,
59961849000174,PERES CONTABILIDADE,16,82200097,,,MBPERES26@GMAIL.COM,,,
60055380000193,WLS CONTABILIDADE,11,13258432,,,WILLIANLUCENA9@GMAIL.COM,,,
60105933000175,ACCOUNTAB SOLUCOES CONTABEIS,18,96186502,11,87261787,LZS.CONTADOR@GMAIL.COM,,,
60228722000120,SPI SOLUCOES INTEGRADAS,11,98679859,,,DMSZU@HOTMAIL.COM,,,
60288506000170,SALVADOR D. O. ASSESSORIA,11,70129077,,,OSCARSALVADOR05@HOTMAIL.COM,,,
60306675000195,DORETTO CONTABILIDADE,11,78069755,,,DANIDORETTO@HOTMAIL.COM,,,
60502854000106,,11,99999999,,,THEOINTERNATIONALBR@GMAIL.COM,,,
60559329000119,O. G. M. A. SOLUCOES CONTABEIS,11,55941832,,,OGMASOLUCOESCONTABEIS@GMAIL.COM,,,
60623205000155,OREN CONTABILIDADE E EMPRESARIAL,11,29503622,11,29503624,ORENCONTABILIDADE@GMAIL.COM,,,
60238184000154,,11,20284403,,,CONTATO@DONCONTABIL.COM.BR,,,
60756690000135,BB CONTABILIDADE E CONSULTORIA,11,41280406,,,BARROS.BEATRIZ@HOTMAIL.COM,,,
60826299000160,LFS CONSULTORIA CONTABIL,11,81050545,,,LORRAYNEFREDERICO@YAHOO.COM.BR,,,
60842438000149,,11,40387007,,,SILVEIRADASILVA.VALERIA@GMAIL.COM,,,
60906501000163,FLORENZA CONTADOR ONLINE,14,96990505,,,CONTATO@FLORENZACONTABILIDADE.COM.BR,,,
60919751000138,CONTTABILY ASSESSORIA,11,94828113,,,MARCIA-TR@LIVE.COM,,,
60979699000105,PLENNA FINANCAS,11,27292076,,,ROSANA.GESTAOECONTABILIDADE@GMAIL.COM,,,
61066459000182,,11,70572369,,,ALVESPETAGABY@GMAIL.COM,,,
61124252000117,FATARELLIS CONTABILIDADE LTDA,11,51940358,,,FATARELLISCONTABIL@HOTMAIL.COM,,,
61181709000125,AM CONTABILIDADE,62,92492103,,,AMCONTABILTRIBUTARIO@GMAIL.COM,,,
61285249000185,SIMONE NOBRE,11,72015614,,,SI.NOBRE@GMAIL.COM,,,
61390374000155,TS CONTABIL,11,83032669,,,TSCONEXAOSOLUCAOCONTABIL@GMAIL.COM,,,
59746087000193,,11,99999999,,,CONTABILIDADE@HERRINGER.COM.BR,,,
61456287000153,,11,77811920,,,ROGERIOSALVADORPASTOR.DAMELIO@YAHOO.COM.BR,,,
61470419000100,ZANNON CONTADORES,11,56559368,,,GIANCARLOZANNONPERITOCONTADOR@GMAIL.COM,,,
61544331000187,REESTRUTURA CONTABIL,11,60147754,,,CONTATO@REESTRUTURACONTABIL.COM.BR,,,
61631649000103,,11,38954742,11,89164942,DOUGLAS.MARINHP@CONTCARE.COM.BR,,,
61692070000142,CONTABILIZA MED - CONTABILIDADE PARA MEDICOS,11,39263222,11,52447262,LEGAL@CONTADORDOSADVOGADOS.COM.BR,,,
61841233000101,CF SOLUCOES CONTABEIS,11,33136560,,,CAREN@AMELF.COM.BR,,,
61845844000128,,11,94528048,,,COMERCIAL@SIMPLUCONTABILIDADE.COM,,,
61876490000189,MAYPER GP,41,98858783,,,MAYPER.SOCIETARIO@MVGP.COM.BR,,,
60508585000187,,11,31492279,,,PARALEGAL1@AVALIACONTABILIDADE.COM.BR,,,
61915470000170,,11,29191650,,,KATIA@EXCLUSIVECONTABIL.COM.BR,,,
61477426000125,NUMERA GESTAO EMPRESARIAL,11,81580894,11,81580894,OKINOGABRIEL@GMAIL.COM,,,
48757276000145,,11,75120393,,,VEMOSCONTABILIDADE@GMAIL.COM,,,
47137284000126,,11,76637993,,,MIYAZAKI.SERGIO@GMAIL.COM,,,
61982341000102,AUDIMAR AUDITORES,11,84866666,,,WMAR@AUDIMAR.COM.BR,,,
62140356000188,,11,99574822,11,99574822,CONTATO@CFBUTANTA.COM,,,
62140866000155,ECA CONTABILIDADE,11,97964123,,,ECACONTABILIDADE@GMAIL.COM,,,
62165521000156,COMPLIANCECONT,11,98073960,,,JOSUE@COMPLIANCECONTI.COM.BR,,,
62217474000147,ATRATIVUS,13,97997364,13,91471085,ELIEZER@ATRATIVUS.COM.BR,,,
62247813000138,AXION CONSULTING,16,97125700,,,RAFAEL@RTLCONSULTING.COM.BR,,,
62360578000106,,11,26735766,,,FSALES@ADVCONSULTING.COM.BR,,,
62491788000133,,11,10408092,11,12729338,SC.CONTABILPARTNER@GMAIL.COM,,,
62812264000105,W23 ASSESSORIA CONTABIL,11,82934763,,,WLADEMIRSOUZA@HOTMAIL.COM,,,
62933529000115,UNITY INTELIGENCIA CONTABIL,11,27980086,,,CONTATO@UNITYINTELIGENCIA.COM.BR,,,
62947856000126,,11,36722805,,,CONTABIL@VINCIEBARAU.COM.BR,,,
62954424000142,TEKONT CONTABILIDADE,11,21296496,11,77042965,CONTATO@TEKONT.COM.BR,,,
63065865000156,CONTABILIDADE CHABARIBERY,11,15712929,11,15712929,MARIANOEVELIN48@GMAIL.COM,,,
63104523000106,NUCLEO CONTAB,11,12440139,11,,ABR.NUCLEOCONTAB@GMAIL.COM,,,
63180895000103,4AUDIT,11,99610017,,,OPERATIONS@4TAXGROUP.COM,,,
63188631000104,ALITAN CONTABIL,11,88847129,,,ALIARODRIGUES8@GMAIL.COM,,,
63268124000172,VISIONDAY,11,87360058,11,87360058,VISIONDAYCONTABIL@GMAIL.COM,,,
63320940000188,MOVO SOLUCOES CONTABEIS,11,21161827,,,CONTATO@MOVOCONTABILIDADE.COM.BR,,,
63487066000178,JVM SERVICOS E ADMINISTRACAO,11,64740612,,,FISCALTECLTDA@YAHOO.COM.BR,,,
63505813000153,NOVA ERA CONTABILIDADE,11,81223379,,,CONTATO.NOVAERACONTABILIDADE@OUTLOOK.COM,,,
63506665000191,,11,78467332,,,GERALDO.MARTINS@GPAN.COM.BR,,,
63575894000168,PAULO CUSTODIO AUDITORIA E CONSULTORIA CONTABIL DIGITAL,11,61209817,,,PAULOJCUSTODIO@IHOTMAIL.COM,,,
63635987000130,FACE ASSESSORIA LTDA,11,74184232,,,FABI_MK@YAHOO.COM.BR,,,
63607955000121,CONCILLIAR,11,99999999,,,CONTATO@CONCILLIAR.COM.BR,,,
64091456000197,ASC,11,71507636,,,V.ABREU@ABREUSAKATACONSULTING.COM.BR,,,
64113634000133,CONTABILIDADE 3FTF,11,0,11,61746291,FABIFABRICIO190808@GMAIL.COM,,,
64190062000196,,11,58476143,11,58476143,DAVIDVIEIRAALVESS@GMAIL.COM,,,
64227585000160,IRASEE ACCOUNTING & CONSULTING,11,72005981,11,72005981,TAMIRES.ISJ10@GMAIL.COM,,,
64315311000122,FENIX ASSESSORIA CONTABILIDADE LTDA,11,14428728,,,SOCIETARIOFENIXASSESSORIA@GMAIL.COM,,,
64410951000111,,11,74184022,11,74184022,CONTABIL.LSANTOS@GMAIL.COM,,,
64445213000100,GRUPO RAFAEL THOMAZ CONTABILIDADE,11,65977249,,,RAFAEL@RTSOLUCOESIMOBILIARIAS.COM.BR,,,
64478508000182,T&D CONTABILIDADE,11,63701606,,,DS_THIAGO@HOTMAIL.COM,,,
64516432000132,,11,27965374,11,98187391,ADRIANAABE@UOL.COM.BR,,,
64600045000180,M.PRADO CONTABILIDADE,11,98588900,,,MONIZE.RODRIGUES@LIVE.COM,,,
64759555000102,MA SOLUCOES EMPRESARIAIS LTDA,11,91393786,,,MAURICIO.RS93@ICLOUD.COM,,,
65043947000125,CAM TAX,11,82538842,11,24363133,CLAUDIOANDRADEMATIAS@GMAIL.COM,,,
65123060000147,META ATRINCA CONTABIL,51,99999999,,,SOCIETARIO@METASSESSORIA.COM,,,
65199666000166,,11,83388462,11,83388462,SILASMEDEIROS9@GMAIL.COM,,,
65206399000107,TOP ONE CONTABILIDADE,11,38956511,,,TEIXEIRACONTABILIDADES@GMAIL.COM,,,
65287705000187,FORZEON CONTABILIDADE PARA E-COMMERCE,11,98142397,,,CENTRAL@FORZZE.CO,,,
65442697000104,PRISMA,11,85829595,,,ELIVAND.CONTABILIDADE@GMAIL.COM,,,
65476195000196,MICHELE PRADO CONTABILIDADE,11,65384407,,,MICHELEPRADO699@GMAIL.COM,,,
65635220000137,FINANCE ACCOUTING GESTAO EMPRESARIAL LTDA,11,61038732,11,61038732,VIVIANE152009@HOTMAIL.COM,,,
65819751000180,HORIZON FP&A SOLUTIONS,11,74462825,11,74462825,DANILO.BARBOSA@ME.COM,,,
65902316000114,TM TAX,11,14316665,28,99029390,TARCISIOMARINHO10@GMAIL.COM,,,
65987123000103,,11,59391040,,,HOLDING@DELCONSULTORIA.COM.BR,,,
66292860000154,T PREUSS ASSESSORIA E CONTABILIDADE,11,46469329,,,CENTRAL@TACONTA.COM.BR,,,
66404123000104,,11,92511878,,,MACARRANZA2509@GMAIL.COM,,,
66429560000174,ZRC CONSULTORIA,11,36618500,,,ZACARIAS@SPDCCONTABIL.COM.BR,,,
63457227000180,PEREIRA E XAVIER CONTABILIDADE DIGITAL,11,98745394,,,CONTADORA.ANDREAXAVIER@GMAIL.COM,,,
66884473000107,,11,84017218,,,JMINTELIGENCIA@OUTLOOK.COM,,,
67251995000134,,11,96267725,,,ISACFH12@GMAIL.COM,,,
67255891000106,,11,76365577,,,LUROBA12@HOTMAIL.COM,,,
67496581000175,,11,89341836,11,0,RAPHAEL.RSR@HOTMAIL.COM,,,
67519614000155,KONTACO.,11,88299999,11,88299999,WESLEY.FEITOSA@OUTLOOK.COM,,,
67533530000176,,11,14740206,,,TABATTA.DOCAOSAOCONTROLE@GMAIL.COM,,,
67674822000129,TARKEN CONTABILIDADE,11,99481051,,,TARKEN.CONTABIL@GMAIL.COM,,,
67826742000141,,11,84708038,11,,CONTABIL@CONECTHARCONTABIL.COM.BR,,,
67999500000150,FONTHEC CONTABILIDADE,11,0,11,67202302,FONTHEC@FONTHEC.COM.BR,,,
62233245000116,AICON ASSESSORIA,11,46456191,,,MAIRA321372@GMAIL.COM,,,
68014660000165,JVRM SERVICOS CONTABEIS,11,15258484,,,JVRMSERVICOSCONTABEIS@GMAIL.COM,,,
68024342000185,NEXA ASSESSORIA CONTABIL E JURIDICA LTDA,11,71069818,11,32298751,NEXAASSESSORIACONTABIL@GMAIL.COM,,,
68065913000120,LDK ASSESSORIA CONTABIL E FINANCEIRA,11,67072657,,,LUMACASTROASSESSORIA@GMAIL.COM,,,
68068813000157,ALIANCA CONSULTORIA CONTABIL LTDA,11,70462379,,,THALITA.AS25@GMAIL.COM,,,
68124975000165,,11,56819661,,,NELI@SYSTEMACONTABIL.COM.BR,,,
68177510000172,NORMACONT ASSESSORIA CONTABIL,11,73457174,,,CINTHIABUENOCONTABIL@GMAIL.COM,,,
68297957000185,WALAI SOLUCOES LTDA,11,98145978,11,96709478,LSMCTAVARES@GMAIL.COM,,,
68305217000143,FARIAS BUSINESS HUB,11,33903908,,,CONTATO@FARIASBUSINESSHUB.COM.BR,,,
68312426000114,ALTHER ACCOUNTING,11,78866596,11,78866596,ADILSONMYKAEL@GMAIL.COM,,,
68452195000144,,11,25006140,,,DEC@SLTCONSULT.COM.BR,,,
1670886000143,,11,31014650,,,CELSO@CONTABILIDADENASCIMENTO.COM.BR,,,
4966433000157,,11,25632323,,,contcamargonovo@uol.com.br,,,
56087000119,,11,38485880,,,CONTABILIDADE_INTERNA@BDO.COM.BR,,,
3368929000166,PENEDO ASSISTENCIA CONTABIL,11,25612467,,,JUNIOR@PENEDOCONTABIL.COM.BR,,,
89034000102,AGIL CONTABILIDADE,11,31293442,,,DPLEGAL@AGILCONTABILIDADE.COM.BR,,,
1739452000152,SANTA INES,11,6924828,,,,,,
1741911000132,,11,5233401,,,,,,
141166000128,P & L,11,2129650,,,,,,
5104383000161,PRISMA CONSULTORIA,,,,,,,,
188740000101,OCPR CONTABILIDADE,11,20614343,,,MARIA@OCPR.COM.BR,,,
1836818000101,,,,,,,,,
5192945000176,TSICONT,11,55135847,,,TSICONT@TSICONT.COM.BR,,,
265875000115,,11,35966661,11,35966662,MO.CAMPOS@UOL.COM.BR,,,
1896704000157,CALAN CONTABILIDADE,,,,,,,,
3624589000197,EL SHADAY ASSESSORIA CONTABIL,11,29522360,,,HILDAJANZ@HOTMAIL.COM,,,
96478649000191,,11,29098822,,,MARCOS.MEDEIROS@JCGCONSULTORIA.COM.BR,,,
96514195000167,,,,,,,,,
96533740000162,,11,5410337,,,,,,
3638641000164,,11,37215560,,,ANDRE@PATERCONTABILIDADE.COM.BR,,,
353653000154,DOMENICARE - CONTABILIDADE,6920601,,,,,,,
5322322000170,SPCONT CONTABILIDADE,11,50824688,11,50824688,spcont@spcontconsultoria.com.br,,,
366213000131,,11,38251928,,,SHLCONT@TERRA.COM.BR,,,
2018514000108,,11,39041239,,,CONTALX@TERRA.COM.BR,,,
415147000142,ESCRITORIO CONTABIL P.A.S.,11,64409708,,,pasconta@terra.com.br,,,
2040073000132,,11,66734899,,,jmc.contabil@uol.com.br,,,
425036000117,,,,,,,,,
452054000198,,11,20200240,,,PACIFICO@GRUPOSAOJUDAS.COM.BR,,,
453260000112,,11,56856524,11,56856538,MBRASILCONTABIL@TERRA.COM.BR,,,
5432114000124,CFA/M CONSULTORIA,11,31207880,11,31207889,carlos.masetti@masetti.com.br,,,
3760839000116,TARTARO CONTABIL,11,86557768,11,45305508,DPTOCONTABIL@TARTARO.COM.BR,,,
2093447000188,FELTRAN CONTABIL,11,55126078,,,NFELTRAN@UOL.COM.BR,,,
2094713000197,CONTABIL RIMAR,,,,,,,,
5459990000144,CONTMAB,11,29853628,11,56616124,CONTMAB@CONTMAB.COM,,,
2128793000154,,11,55460212,11,94361272,ss.melo@ig.com.br,,,
5485992000108,SISTEMA,11,69434211,,,sistema.contabilidade@bol.com.br,,,
2133420000171,VELCH CONSULTING,11,26094355,,,PAULO.SANTINI@VELCH.COM.BR,,,
5490840000101,,11,39401500,,,RPOLIVEIRA@KPMG.COM.BR,,,
3827079000117,,11,30612021,,,PERICIAS@PERESMOURA.COM.BR,,,
5512832000100,PLANCON,11,69168973,,,PLANCONACC@AOL.COM,,,
581979000139,FENIX CONTABILIDADE,11,22149080,,,FENIX@FENIX.CNT.BR,,,
2205198000175,FERREIRA SANTOS,,,,,,,,
587799000164,,11,55644000,,,DOMUS_SP@TERRA.COMBR,,,
5575446000168,CONTABIL CASSOLA,11,20901860,,,CONTABIL@CASSOLA.COM.BR,,,
5577199000139,TEC-FASY,11,32556867,11,32554819,PAULO@TECFASY.COM.BR,,,
7447985000147,,11,50789071,,,CONTATO@BERCAM.COM.BR,,,
5619860000121,SETEC,11,27027418,11,27018639,CONTABILSETEC@HOTMAIL.COM,,,
3975714000103,,11,51836113,,,MEIRE.MARTINS@JFMARTINS.COM.BR,,,
3999640000145,,11,32589080,11,32566092,JRFIG@TERRA.COM.BR,,,
5691644000197,L&M ASSESSORIA CONTABIL LTDA,11,38133966,,,,,,
5703007000193,,11,51861000,11,51866899,CONTABFISCAL@DELOITTE.COM,,,
4046974000167,SERV-CONT SERVICOS CONTABEIS,11,29092293,,,SERVCONT@SERVCONT.COM.BR,,,
2446077000115,,11,55722911,,,,,,
2447322000109,,11,55895000,,,CONSYN@CONSYN.COM.BR,,,
4197975000102,,11,26096985,,,FCERBONCINI@IRMAOSCAMPOS.COM.BR,,,
870364000122,,11,20355972,11,20355972,assessoriacontab@uol.com.br,,,
5886401000104,IMPACTU'S CONTABILIDADE,11,69571936,,,,,,
949905000102,,,,,,,,,
1023010000105,SOLUTION,11,56813730,11,55241501,solution98@uol.com.br,,,
6070295000159,,,,,,,,,
6078787000190,,11,92345511,,,ANDRETAXMASTER@UOL.COM.BR,,,
4433721000146,VICMAR CONTABILIDADE,11,26942256,,,joao.marcos@vicmar.com.br,,,
1094066000150,,11,35783623,11,35783622,LG.CONT@TERRA.COM.BR,,,
1139083000167,FIRST,11,33618850,,,safrascontabil@safrascontabil.com.br,,,
2765419000160,,11,20200077,,,EDSON@REVISORAPAULISTA.COM.BR,,,
73516692000107,,11,29116416,,,SIPLATCONTABIL@GMAIL.COM,,,
4533144000164,,11,32426943,,,EDUMILLAR@UOL.COM.BR,,,
4543461000161,,11,28643836,,,OCELO.PINTO@GMAIL.COM,,,
6231295000193,,11,31299923,11,31299923,donadioassecont@gmail.com,,,
56318942000177,ACCOUNT,11,61052299,11,69108347,wanderley.olivares@uol.com.br,,,
56348089000136,,11,47851111,,,PARALEGAL3@CONTECNICA.COM.BR,,,
4591992000120,CARDOSO CNDFISCAL,11,33618304,,,CARDOSO@CNDFISCAL.COM.BR,,,
4595170000117,EMIS,11,50712405,,,EMIS@EMIS.COM.BR,,,
56709884000102,,11,27817801,,,medeiros.cont@uol.com.br,,,
56765985000109,,,,,,,,,
56819949000172,,11,27826900,,,ITAMARATHY@GRUPOITAMARATHY.COM.BR,,,
56995186000110,,11,58315800,,,WELLINGTON.SOUZA@CONFIDORBR.COM.BR,,,
6335937000102,PRIORITY CONSULTING,11,55051348,11,55051346,MOLIVEIRA@PRIORITYCONSULTING.COM.BR,,,
57124547000116,,11,56664158,,,DUTRACONTABIL@DUTRACONTABIL.COM.BR,,,
6863357000180,,11,39356516,,,COMERCIAL@KONTIZE.COM.BR,,,
57748733000126,,11,38749513,,,raimundob@spread.com.br,,,
57779787000159,ATIVOS CONTADORES ONLINE,11,42591970,,,MORUMBIASSESSORIA@OUTLOOK.COM,,,
7825009000180,,11,39363796,,,,,,
38881363000156,,,,,,,,,
38891321000104,,11,29971500,,,SECRETARIA@BONINI.COM.BR,,,
58163056000147,,11,21928370,,,SERGIO@SEVAL.COM.BR,,,
39272372000102,PRECISAO CONTABIL,11,41183549,,,REGISTRO@PRECISAOCONTABIL-ES.COM.BR,,,
1396218000170,FATOR CONTABIL,11,61910988,11,20910988,FATORCONTABIL@FATORCONTABIL.COM.BR,,,
3049776000194,GALLORO & ASSOCIADOS,11,2550555,,,,,,
7012201000158,DATA EXPERT,11,99999999,,,,,,
3065504000188,LEME CONTABILIDADE,,,,,,,,
7020591000108,,11,22472667,,,LEGAL@NUMERALLE.COM.BR,,,
3105290000126,,11,29791976,,,MARINES@MEMCONTABIL.COM.BR,,,
59575316000154,,,,,,,,,
59576488000142,,,,,,,,,
59583104000119,,11,32373177,,,samprel@ig.com.br,,,
1496613000124,DA SOARES,11,22277480,,,,,,
4923584000128,ORGANIZACAO CONTABIL ALMEIDA,11,37912412,11,29090444,wraventura@uol.com.br,,,
59890814000191,GENTIL & MAGA,11,99506709,11,97389967,GENTILCONTADOR18@GMAIL.COM,,,
1524022000113,,,,,,,,,
7124457000157,OGURA CONTADORES ASSOCIADOS,11,32050503,,,OGURA@OGURA.SRV.BR,,,
1535811000150,,11,30818968,,,MARTAGR@UOL.COM.BR,,,
60049566000130,,11,29142839,11,29148897,CONTATO@PHENIXCONTABILIDADE.COM.BR,,,
7157911000176,KATIRUKA SERVICOS,12,41040488,,,WAGNERHELFER@JWCONTABIL.COM.BR,,,
60265048000153,,11,96733761,,,CONTABIL01@ZUQUIM.COM.BR,,,
3210356000148,,11,2465899,,,eder_pacheco@hotmail.com,,,
60534567000170,,11,2895380,,,MANAGER@MANAGERCONT.COM.BR,,,
3223696000103,RCN CONSULTORES,11,55736748,,,SOCIETARIO@RCNCONSULTORES.COM.BR,,,
60625662000189,,,,,,,,,
1601727000197,,,,,,,,,
60920089000136,,11,32271217,,,CRESCENTE.CONTABIL@GMAIL.COM,,,
60975166000155,,11,38166622,,,ORGPINH@TERRA.COM.BR,,,
3259774000120,BONOMI CONTABIL,11,8267200,,,,,,
61053047000108,,11,22260100,11,22260101,JREM@JREM.COM.BR,,,
61062899000161,,,,,,,,,
1628054000169,,11,63825020,11,63825586,ANISIAFERREIRA@GEF.COM.BR,,,
61218681000153,AUDITORES INDEPENDENTES,,,,,,,,
7248272000154,KAEDS CONSULTORIA E ASSESSORIA EMPRESARIAL,11,91938249,,,EDSONPONTES.SOUZA@HOTMAIL.COM,,,
43064419000110,,11,26091170,,,LUIZ@CONTA1.COM.BR,,,
43501766000162,,,,,,,,,
61859690000123,,11,29961580,11,96084591,contabilmartins@uol.com.br,,,
43637461000182,,,,,,,,,
61917118000173,CONTABIL LOPES,,,,,,,,
43969252000136,,11,55758899,,,CONTRATOS@ORGANIZACAOITO.COM,,,
44023794000184,,11,51852733,,,LH@TGS-ORCANSA.COM.BR,,,
44065126000110,LISBOA,,,,,,,,
62229810000171,,,,,,,,,
62277355000180,,11,20236530,,,ESCPOLIVALENTE@ESCPOLIVALENTE.COM.BR,,,
62382973000190,,,,,,,,,
62393087000161,SINTER CONTABIL,11,31079161,11,31010357,CONTATO@SINTERCONTABIL.COM.BR,,,
62457015000130,,11,35152955,11,35152999,abertura@caciquecontabil.com.br,,,
44692101000146,,,,,,,,,
62601364000184,,11,22728666,11,22728422,ORGFIDALGO@UOL.COM.BR,,,
62650007000106,,,,,,,,,
62668041000108,,,,,,,,,
45039310000158,,11,22911933,,,RIOLEX@RIOLEX.COM.BR,,,
7386023000125,,11,36875051,,,GERPLAN@GERPLANCONT.COM.BR,,,
63062806000124,,11,32428045,,,frabreu@contabilabreu.com.br,,,
45722865000108,,11,21001233,,,ATENDIMENTO@ESCRITORIOSAOLUCAS.COM.BR,,,
64031438000110,R.C. CONTABIL,11,56939999,,,CARLOS@EAST.COM.BR,,,
64180219000100,,111,69739052,,,SYSTEMASCONTABIL@TERRA.COM.BR,,,
64186687000184,,11,29783884,,,CONTATO@JLTRINCONI.COM.BR,,,
47181045000173,,11,20594600,,,SENADORCONTABIL@SENADORCONTABIL.COM.BR,,,
47231295000170,,11,55848546,,,ESATEC@ESATEC.COM.BR,,,
47433420000125,,11,20911464,11,20911480,CARTEL.SEGUROS@UOL.COM.BR,,,
47464144000162,CLARCON,,,,,,,,
64616774000124,,11,32940650,11,32940651,STEFSALES@TERRA.COM.BR,,,
64728199000151,,11,55636457,,,,,,
65084261000182,,11,31202170,,,antonio@silicontabil.com.br,,,
48465876000130,,11,29523555,,,CADASTRO@ESCRITORIOREBECCHI.COM.BR,,,
48487292000165,,,,,,,,,
65509184000165,,11,29570363,11,29572195,unicontab@uol.com.br,,,
65515397000108,,,,,,,,,
65520348000155,,11,38330603,,,TOLEDOMP@TERRA.COM.BR,,,
65526311000134,,,,,,,,,
66511916000114,,11,55482277,11,55210614,CONTABILL@UOL.COM.BR,,,
66664236000130,,11,29712002,,,CONTATO@PRONTCONTABIL.COM.BR,,,
66861337000100,,11,23443800,,,LEGAL@ASACONTABIL.COM.BR,,,
66865189000193,,11,31052233,,,CONTABIL@VISORCONTABILDIADE.COM.BR,,,
50191857000104,,,,,,,,,
67001396000162,,11,30826533,,,,,,
86944477000140,,11,31504400,,,OBRIGACOESACESSORIAS@FELIPEDUARTE.COM.BR,,,
86998077000118,,,,,,,,,
67140756000107,,11,22186640,,,FINANCEIRO@GONCALVESCONTABIL.COM.BR,,,
67144915000141,,11,2572511,,,,,,
50674555000197,,11,38661110,,,CLASSICO@CLASICO-CONSULTORIA.COM.BR,,,
68484500000180,,,,,,,,,
52160942000130,,,,,,,,,
52164621000104,,11,27031230,,,CONTATO@PLANALTOCONTABILIDADE.COM.BR,,,
52164936000151,CONTUCCI PROPTER CONTABILIDADE DIGITAL,11,35868919,,,SOCIETARIOREGULATORIO@PROPTERCONTABILIDADEDIGITAL.COM,,,
68970326000185,,11,22425446,,,ANDREAHEINDL@HOTMAIL.COM,,,
52633781000155,,11,36732255,,,agnaldo.oliveira@contabilidadegpo.com.br,,,
69284651000157,BEKNER & ASSOCIADOS,11,55350861,11,55350861,bekner@bekner.com.br,,,
53756607000162,PERITUS,11,32174410,,,PERITUS@UOL.COM.BR,,,
53821559000149,,11,31043157,,,cidemar.sp@terra.com.br,,,
53824330000168,,11,51820206,,,,,,
53825147000187,,11,55332788,,,2emmes@uol.com.br,,,
71582704000168,,11,26052282,,,POTENCYA.CONTABIL@GMAIL.COM,,,
71586960000123,FISCONTABIL,11,99852818,11,16911971,LEGALIZACAO@FISCONTABIL.COM.BR,,,
53994935000105,,11,38734454,11,43990378,ASSERTIVA@MASER.COM.BR,,,
71724892000111,WORSHIP,,,,,,,,
71738173000150,,11,32090200,,,assessorcontabil@globo.com,,,
54463237000138,,,,,,,,,
54749940000107,,11,61210292,,,,,,
72803521000198,,11,39993880,,,SANDRO@BERESHITH.COM.BR,,,
7465518000140,OSM GROUP,11,55053555,,,ORLANDO@OSMGROUP.COM.BR,,,
7529765000162,,11,70627377,,,ALEXANDRE@CONTATEX.COM.BR,,,
7582692000172,,11,41183159,,,SOCONT@SOCONT.COM.BR,,,
7588604000140,PREMIUM,11,36623148,,,BRITO@PREMIUMSE.COM,,,
7589628000113,,11,66940041,,,,,,
55167795000119,,,,,,,,,
4669240000134,QSM CONTABILIDADE,11,29051924,,,QSM@QSM.COM.BR,,,
1628156000184,,11,29581465,11,29584807,METODOLIMA@UOL.COM.BR,,,
4903717000102,,11,62392027,,,akiraedson@hotmail.com,,,
4532154000185,,0,0,,,avccontabil@uol.com.br,,,
5003159000183,,11,31247255,,,asselfis@asselfis.com.br,,,
7711249000154,ORF ASSESSORIA EMPRESARIAL,11,20923857,11,20925686,FISCAL@ORFASSESSORIA.COM.BR,,,
7895996000190,,11,20242561,,,MAGDAZANATA2016@GMAIL.COM,,,
7907299000101,EPD ASSESSORES EMPRESARIAIS,11,22965719,,,ESTEVAO@EPASSESSORIACONTABIL.COM.BR,,,
7911347000135,AGESA GESTAO EMPRESARIAL S/S LTDA,11,55137544,11,96322210,adilsongomessa@uol.com.br,,,
7913399000140,M.A.C. ASSESSORIA,11,31419990,,,MAC@MACASSESSORIAFC.COM.BR,,,
4486974000188,,11,55612230,,,EDILIMA@MSLL.COM.BR,,,
1378353000192,,11,27244951,,,DIRETORIA@ARBELCONTABIL.COM.BR,,,
52616869000169,,11,67813716,,,volker@terra.com.br,,,
4553850000178,MCA CONTABIL & TRIBUTARIA,11,32274224,,,ADRIANO.CHRYSTAL72@GMAIL.COM,,,
5483502000134,,11,29953667,,,NBZCON@NBZCON.COM.BR,,,
38894424000110,,11,29591123,,,PAULO.FELIX@APJ.SRV.BR,,,
3038686000106,,11,55727256,11,55494375,FPJ@FPJASSESSORIA.COM.BR,,,
7996032000138,CARDOSO & ASSOCIADOS CONSULTORIA CONTABIL,6920601,11,20394141,,,ACARDOSO@CARDOSOEASSOCIADOS.COM.BR,,
65526477000150,,11,29141406,,,oestrella@uol.com.br,,,
1626796000155,,11,39814966,11,39857643,AROUCACONTABIL@UOL.COM.BR,,,
7969922000150,VILLAR PAPINI CONTABILIDADE,11,95452687,11,22891387,PAPINICONTABIL@UOL.COM.BR,,,
3305154000180,CENTRAL CONTABIL,11,21156000,,,CENTRALCONTABIL@TERRA.COM.BR,,,
58627860000130,,,,,,,,,
2383634000104,NO LOSS,11,26670787,,,NOLOSS@UOL.COM.BR,,,
5465150000194,,11,38739404,,,SOCIETARIO@GRUPOMAKTURA.COM.BR,,,
7852498000160,,11,55890322,,,MARCELO@MCASTILHOCONTABIL.COM.BR,,,
43193770000100,,11,36660409,11,36678468,cenem@ig.com.br,,,
43348937000165,SUCONT,11,36723022,,,SUCONT@SUCONT.COM.BR,,,
47190616000136,,11,22711111,,,COPANCONTABIL@GMAIL.COM,,,
67667535000191,,11,22747439,,,ADILSON@ACAOCONTABIL.COM.BR,,,
51195857000145,,,,,,,,,
52641156000155,REVISAO CONTABIL E AUDITORIA,11,32078900,,,revisao@revisaocontabil.com.br,,,
68477256000128,SERGECONT,11,20984355,11,20984475,legal@sergecont.com.br,,,
7180794000161,,11,20210850,,,LEGAL@ANIMACONTABIL.COM.BR,,,
1885768000152,,11,2020090,,,,,,
359775000158,,11,30632723,11,30632724,sisconsp@terra.com.br,,,
3760222000109,MENEZES & MENEZES,11,48520400,,,MENEZESMENEZES@BOL.COM.BR,,,
849499000106,,11,32558344,11,96040536,MLCMACHADO@MLCMACHADO.COM.BR,,,
2752520000186,,11,44621197,,,AGBA@UOL.COM.BR,,,
4558312000176,SOLDO CONSULTING,11,30450200,,,R.SANTOS@SOLDOCONSULTING.COM.BR,,,
4564673000125,,11,41523873,,,CRISTIANE@BRWCONSULTORIA.COM.BR,,,
6288859000124,,11,39265228,,,CONTABILAVENIDA@CONTABILAVENIDA.COM.BR,,,
4650120000195,REVER CONTABIL,11,29410784,11,29413800,FATIMA@REVERCONTABIL.COM.BR,,,
57750523000172,,,,,,,,,
7044614000114,SFP CONTABILIDADE,11,56607316,11,56658948,CONTATO@SFPCONTABILIDADE.COM.BR,,,
4874161000165,,11,22586677,,,RODRIGO@SIACONT.COM.BR,,,
7188889000121,UNIAO SOLUCOES EMPRESARIAIS LIMITADA,11,64395613,,,UNIAOCONTABEIS@HOTMAIL.COM,,,
1579731000104,DELTA ASSESSORIA CONTABIL E FISCAL,11,99989953,,,AGDL@UOL.COM.BR,,,
43221027000117,,,,,,,,,
61733408000167,,,,,,,,,
7286870000118,MAIS CONTROLE SOLUCAO DE NEGOCIOS,11,28648059,,,carlos@maiscontrole.com.br,,,
43761964000165,,11,22735645,11,22735645,gilmar@contabilarabescos.com.br,,,
44416691000184,,11,31068001,,,CONTATO@NOVACAPCONTABIL.COM.BR,,,
62496047000145,,,,,,,,,
62699293000102,,11,45109531,,,CONTATO@CONTAGET.COM,,,
64032071000159,,,,,,,,,
47698212000158,,,,,,,,,
65520645000109,,,,,,,,,
48737647000127,OPS CONTABILIDADE,,,,,,,,
49777113000197,CONTABIL SONIVALKI,11,63418455,,,contabilsonivalki@terra.com.br,,,
67667931000119,,11,20938553,11,91284784,FERNANDO.VERES@CONTPRME.COM.BR,,,
52804044000178,,,,,,,,,
52843489000167,,11,27905700,,,SECRETARIA@MULTIPLA-RNC.COM.BR,,,
53689766000191,,11,2925257,,,,,,
54703582000100,,11,31019079,,,,,,
7459854000180,ATIVA,11,33933310,,,CMPEDROSO@TERRA.COM.BR,,,
7712491000142,ATIHE E CAIXETA,11,30318223,11,99987812,ANGELACAIXETA@ATIHECAIXETA.COM.BR,,,
8109298000184,COMPACTA ACCOUNT,11,37961105,11,37961106,COMPACTA@COMPACTACONTABIL.COM.BR,,,
2130283000111,CGE CLINICA EM GESTAO EMPRESARIAL,11,35349010,,,ATENDIMENTO@CGEASSESSORIA.COM.BR,,,
5998958000137,,11,39044543,,,,,,
62835194000100,,11,69532525,,,,,,
59494500000170,FONTANEZI ASSESSORIA CONTABIL,11,50788228,,,,,,
117698000120,,,,,,,,,
553405000157,,11,35898201,,,LUCILA@INFORMACAOCONTABIL.COM.BR,,,
599782000127,,,,,,,,,
600002000111,CAIELLI,11,55895878,11,50726829,ar.caielli@uol.com.br,,,
7002763000110,CSE CONTABIL - ACCOUNTING SERVICES,11,50125830,,,joaopedro@csecontabil.com.br,,,
53024907000157,ORGANIZACAO NODA DE CONTABILIDADE,11,29577099,11,29577262,ORGNODA@TERRA.COM.BR,,,
61851515000190,,11,29418968,11,22966644,ORG.LINDENBERG@UOL.COM.BR,,,
96293766000180,,11,39012722,,,contato@fcacontabil.com.br,,,
1406894000187,GUARDA CONTABILIDADE,11,35018416,,,CONTATO@GUARDACONTABILIDADE.COM.BR,,,
3331811000163,B.L.M. CONSULTORIA,11,32620821,,,BLMLOURIVAL@UOL.COM.BR,,,
5082803000156,SP CONTABIL,11,47873487,11,35026466,spcontab@spcontab.com.br,,,
381143000190,,11,55810831,,,buenoerocha.organizacao@ig.com.br,,,
4198860000132,,11,23851705,11,30675942,,,,
38888657000100,,,,,,,,,
38895751000196,,11,8581622,,,,,,
7003382000156,SOLUCAO CONSULTORIA,11,42441989,11,74161829,ROBERTO.CPSLR@GMAIL.COM,,,
3249452000108,,11,99999999,,,XXXX@XXXX.COM.BR,,,
71728240000155,,11,30515733,,,luna@managercont.com.br,,,
4154612000190,,11,47127601,,,VICTOR.S.MAIA@OUTLOOK.COM,,,
6658431000126,,11,55819351,11,20975059,AGM.ASSESSORIACONTABIL@GMAIL.COM,,,
2867343000183,LYSSA,11,61078752,,,afisc@uol.com.br,,,
784446000154,,11,48830071,,,RINALDO@WJR.COM.BR,,,
4544589000140,BRASDATA,11,26418778,11,26428666,BRASDATA@TERRA.COM.BR,,,
7116412000130,J TERRA CONTABILIDADE,11,55660835,11,55630547,JANET@JTERRA.COM.BR,,,
3690560000103,MASTER ASSESSORIA EMPRESARIAL,11,61033113,,,AILTON@RCMASTER.COM.BR,,,
2604284000150,ROMACONT ASSESSORIA CONTABIL,11,58258673,,,BETHEL.CONTABIL@HOTMAIL.COM,,,
8074302000116,GOLDEMBERG CONTABILIDADE LTDA,11,56661213,11,56660046,CONTATOGOLDEMBERG@TERRA.COM.BR,,,
3100933000149,STILSEG CONTABILIDADE,11,51976603,,,VALTER@STILSEG.COM.BR,,,
2670240000129,,11,55223657,,,MASTER@MASTERCONTABILSP.COM.BR,,,
4151986000151,LAGO AZUL,11,38122471,,,DECIOTOLEDO@CONTABILLAGOAZUL.COM.BR,,,
2769961000190,MASTER ASSESSORIA,11,35672100,11,35672101,EJESUS@MASTER-SERVICOS.COM.BR,,,
48756191000142,CONTABIL GUARARAPES,11,51035950,,,LEGAL@GUARARAPES-RNC.COM.BR,,,
61122586000151,,11,22750273,,,ARIETTE.OPS@TERRA.COM.BR,,,
1346127000120,,11,75770127,,,J.ARGOS@OUTLOOK.COM,,,
7587251000163,,11,22426432,,,CONTABIL.COSTA@UOL.COM.BR,,,
7349658000152,NOCATE,11,34580333,11,34580335,NOCATE@NOCATE.COM.BR,,,
4853865000151,CONTABIL CLIBER,11,22744939,,,CLIBER@TERRA.COM.BR,,,
7653675000189,CETEC CONTABILIDADE,11,98199769,,,CETECCONTABILIDADE@YAHOO.COM.BR,,,
97406532000165,,11,97528216,,,BUENO.CARLOS@BOL.COM.BR,,,
3446444000143,,11,81976464,,,JEFFERSON@GPSCONTABIL.COM.BR,,,
62571559000129,,11,33377644,,,ORGATEL@UOL.COM.BR,,,
47273099000169,,,,,,,,,
38876926000118,,11,30314519,,,SERVKEEP@TERRA.COM.BR,,,
51557692000104,,,,,,,,,
241981000169,FRETHA,0,0,,,ATENDIMENTO@FRETHACONTABIL.COM.BR,,,
6018896000112,,11,32280097,11,32271311,CONTATO@ATHUARIAL.COM.BR,,,
8156163000170,PSACONT,11,32575438,11,31121347,PAULO@AUDICONPSP.COM.BR,,,
20221162000167,SUCESSO CONTABIL,11,27763694,11,27763704,SUCESSOCONTABIL@BOL.COM.BR,,,
8259387000107,CONTABIL ALGABA,11,33116414,,,ALGABA@ALGABA.COM.BR,,,
8260856000108,ESATTEZZA ASSESSORIA CONTABIL,11,66011081,11,66019152,tombi@uol.com.br,,,
8282137000198,METROPOLITANA CONTABILIDADE,11,50564050,,,METROPOLITANA@METROPOLITANASP.COM.BR,,,
8393609000180,CASTRO BARROS CONSULTORES,11,51833752,11,51833692,pbarros@barrosconsultores.com.br,,,
8540808000173,PARTNERS CONSULTING,11,40071658,,,ROBSON@PARTNERSPERICIAS.COM.BR,,,
8541615000137,ALECON CONTABILIDADE,11,32808032,,,CONTABILIDADE@ALECON.COM,,,
8637083000136,,11,56638722,,,RAUL@NCONTROLLER.COM.BR,,,
8764033000110,PEDRA ANGULAR,11,25749114,11,25749115,ANTONIO@PEDRAANGULAR.CNT.BR,,,
8785638000197,ICB CONTABILIDADE,11,66528565,,,ICBCONTABILIDADE@TERRA.COM.BR,,,
8853471000154,PADRAO CONTABIL,11,32294628,11,32294628,padrao_contabil@hotmail.com,,,
8913965000187,PERSONAL CONTABIL,11,27831169,,,althemar@ig.com.br,,,
9023984000109,QUALITY ASSOCIADOS,11,38370000,,,CONTATO@QUALITYASSOCIADOS.COM.BR,,,
9048949000136,,11,29504403,,,desicco@terra.com.nr,,,
9110534000145,ETHYCA,11,31167088,,,ADM@ETHYCA.COM.BR,,,
8857717000166,CONTACT ASSESSORIA CONTABIL E EMPRESARIAL,11,23861200,11,23711662,FISCAL@CONTACTASSESSORIA.COM.BR,,,
9244358000134,DM CONTABIL,11,39662899,11,39662899,dmcontabill@yahoo.com.br,,,
9255781000130,,11,24766003,,,SANDRAFOLHENE@PRIMORDIALCONTABIL.COM.BR,,,
9298550000103,,11,38710506,,,SOCIETARIO@ACTUALNET.COM.BR,,,
9374983000109,WM CONTABILIDADE,11,56611584,11,98081843,wmcontabil@hotmail.com,,,
9375165000112,,11,29140076,,,MARCIO@JTN.COM.BR,,,
9376276000143,,11,29108765,11,28646344,adm@jamax.com.br,,,
9399995000180,,11,31293880,,,WCFERREIRA@YAHOO.COM.BR,,,
9415452000109,CD CONTABILL,11,22172497,11,77487771,lobs_house_contabilidade@hotmail.com,,,
9484220000102,,11,50790555,11,50790568,LEGALIZACAO@EXPANDNET.COM.BR,,,
9509739000106,,11,32278466,,,andrealmeida16@terra.com.br,,,
9524806000153,PIONEIRA CONTABIL,11,25860584,,,FALECONOSCO@CONTABILIDADEPIONEIRA.COM.BR,,,
9533292000100,HIPERION,11,33856500,,,LEGALIZACAO@HIPERIONCONTABIL.COM.BR,,,
9656536000134,,11,32775630,,,gm_cont@terra.com.br,,,
10334231000195,MPO CONTABILIDADE,11,31386004,,,CTB@MPOCONTABILIDADE.COM.BR,,,
10399783000181,,11,99999999,,,CONTATO@RSPCONT.COM.BR,,,
10422618000101,SOLUTIONS CONTABILIDADE,11,32956282,11,72542249,solutions.sp@terra.com.br,,,
10258773000126,MMJ CONTABILIDADE,11,81718958,,,MARCIA@CONTABILIDADEMMJ.COM.BR,,,
10460651000118,,11,25392311,,,navarro@lcbn.com.br,,,
10568083000173,PREMIATTA FCV CONTABIL,11,26311153,11,92867722,fabio.bortollo@superig.com.br,,,
10572332000102,,11,29584126,11,29584226,taiyonet@uol.com.br,,,
10596950000184,MOLINA - ASSESSORIA CONTABIL,11,38536162,,,contga@globo.com,,,
10606116000122,SALMOS CONTABILIDADE,11,38329872,,,CONTATO@SALMOSCONTABILIDADE.COM.BR,,,
10615187000191,,11,32843355,11,32843355,EDSON@PAIVAAUDITORES.COM.BR,,,
10685945000148,JJ CONTABILIDADE,11,37854582,,,JUVENAL.JUNIOR@JJRCONTABIL.COM,,,
8674652000113,PLAN CONTROL,11,38379280,,,contato@pcae.com.br,,,
10779097000136,,11,32216038,11,82615046,isidora305@hotmail.com,,,
10843932000150,,11,42217038,,,CONAUDI@CONAUDICONTROLLER.COM.BR,,,
10857769000184,CONTABILIDADE FARIAS,11,26098034,11,91501277,FARIAS.CONTAB@GMAIL.COM,,,
10861120000137,ORIGEM CONTABIL,11,32594963,11,32560445,ORIGEMCONTABIL@UOL.COM.BR,,,
10892858000161,,11,29567222,,,CONTATO@SONARCONTABILIDADE.COM.BR,,,
10910752000143,JAS CONTABILIDADE,11,56672644,,,,,,
10922221000170,,11,29971500,,,SECRETARIA@BONINI.COM.BR,,,
10995142000190,FCS CONTABILIDADE,11,37298137,,,FLAVIO@FLAVIOCONTABIL.NET,,,
11170979000162,,11,39231650,,,ISRAEL@EKMSERVICOS.COM.BR,,,
11207031000134,CONTABERE,11,23657448,,,CONTATO@CONTABERE.COM.BR,,,
3171999000200,,11,32669999,,,CONTABILIDADE_INTERNA@BDOBRAZIL.COM.BR,,,
11273147000171,ESCRITORIO CSCSP,11,31501390,11,31206909,WESLES@CAPTACAO.NET,,,
11299988000158,TECNOFISCO,11,41375155,,,TECNOFISCO@HOTMAIL.COM,,,
11365736000180,,11,40443930,,,AANICETO@UOL.COM.BR,,,
11434012000140,ROHS ORGANIZACAO CONTABIL E ASSESSORIA EMPRESARIAL LTDA,11,43232336,,,ROHS.CONTABIL@YAHOO.COM.BR,,,
11502825000120,RADAMES CONTABILIDADE E CONSULTORIA,11,40153979,11,92865554,radames@meneghetti.com.br,,,
11570961000158,EASYCONTABIL,11,40406695,,,MATSUBARA@MFASSOCIADOS.COM.BR,,,
11642718000106,CONT-EXPRESS SERVICOS CONTABEIS,11,31016262,11,31071071,JOSI25@UOL.COM.BR,,,
11654786000187,ECOBEV ESCRITORIO CONTABIL,11,27027710,,,ECOBEV@BOL.COM.BR,,,
11679688000102,UPHOLD ASSESSORIA CONTABIL LTDA,11,26852723,,,CONTATO@UPHOLD.COM.BR,,,
11719285000131,N M CONTABILIDADE,11,29650639,11,29652612,contato@contabilaz.com.br,,,
11732602000150,PIZARRO CONTABIL,11,34671651,11,34671591,PROCESSOS@DPIZARROCONTABIL.COM.BR,,,
11775358000102,,11,38061510,,,ALEXANDREDIBJR@TERRA.COM.BR,,,
11983238000109,ONIX LATAM,11,55798988,,,CONTATO@ONIXLATAM.COM,,,
12010438000130,EMEL - ESCOLA DE MUSICA EMANUEL LOUVORES,11,20486871,,,edsonllira@yahoo.com.br,,,
12031820000120,BRASCONT ASSESSORIA CONTABIL,11,59395070,11,51819929,brasilton.dias@uol.com.br,,,
12050968000101,AVS CONTABIL,11,22164307,,,AVSCONTABIL@AVSCONTABIL.COM.BR,,,
12060350000122,INTI CONTABILIDADE,11,26939638,,,,,,
12251691000185,ONIX ASSESSORIA CONTABIL,11,59723780,11,34618988,onix.contabil@uol.com.br,,,
12335367000145,VL ASSESSORIA EMPRESARIAL,11,29142656,11,29142656,loimathias@uol.com.br,,,
12339807000132,,11,25892100,11,25892101,CONFIANCE@CONFIANCEASSESSORIA.COM.BR,,,
10241186000124,RSILVESTRE,11,80709022,,,RENATO@RSILVESTRE.COM.BR,,,
12441514000161,CONTABILIDADE PAES,11,32296046,11,32296313,mario.paes@uol.com.br,,,
12460582000178,AGNOS SERVICOS CONTABEIS,11,22141870,,,agnos1.contabel@uol.com.br,,,
12480773000100,A.G.B. O R C O N F I_ESCRITORIO CONTABIL-ME.,11,20165527,11,20165527,orconfi@bol.com.br,,,
12546920000199,TAX PLAN,11,29363199,,,CAETANO.MOURA@GMAIL.COM,,,
12682502000129,VARELA CONTABILIDADE ME,11,46177253,,,VARELACONTABILIDADE01@GMAIL.COM,,,
12754389000140,JOSECON CONTABILIDADE,11,39161338,11,39163837,JOSECON@HOTMAIL.COM.BR,,,
12824573000119,,11,23899146,,,ROSANA@AUSTRIACONTABIL.COM.BR,,,
12927599000192,O.S. BRITO CONTABILIDADE,11,36755001,11,36755001,visao@contabilvisao.com.br,,,
12935609000131,,11,22750101,11,78581686,BRASILRESULTADOS@BRASILRESULTADOS.COM.BR,,,
12962979000168,CONTROLAR SERVICOS CONTABEIS,11,27286721,11,65793747,CONTROLARCONTABILIDADE@YAHOO.COM.BR,,,
13002149000151,K. NARUSE GESTAO CONTABIL E EMPRESARIAL,11,20628752,,,NARUSE@KNARUSEASSOCIADOS.COM.BR,,,
13009557000135,CONTAZUL,11,22913130,,,patao10@ig.com.br,,,
13070455000125,LOPES CONTABILIDADE,11,29562682,,,LOPES@LOPES.CNT.BR,,,
20361514000180,,11,99386846,11,98646160,GERALDOGIANINI@TERRA.COM.BR,,,
13157411000137,,11,32798000,11,37148000,CONTABIL@CONTABILIDADEHIRATA.COM.BR,,,
13177453000130,'ESPECIALIZADA EM CORRETORAS DE SEGUROS',11,37964149,11,40632743,CONTATO@SEGCONTABIL.COM.BR,,,
13182512000168,,11,37089013,,,NETO.RATTA@GMAIL.COM,,,
12601491000105,GAFISCO CONTABILIDADE,11,20638777,,,,,,
13320717000162,,11,50181800,,,MARGARIDAGR@UOL.COM.BR,,,
13337680000185,CONTABILIDADE CHIQUINHO,11,48990305,,,CONTABILIDADECHIQUINHO@GMAIL.COM,,,
13393918000190,COSTA CONTABILIDADE,11,20618811,11,20618811,,,,
13517513000116,SEMPAR CONTABIL,11,23089440,,,CONTATO@SEMPARCONTABIL.COM.BR,,,
11360064000110,S&M SOLUCOES CONTABEIS,11,26711740,,,CONTATO@SMSOLUCOESCONTABEIS.COM.BR,,,
13478400000159,MARTINS3M CONTABIL,11,22369343,11,23641002,martins3m@terra.com.br,,,
13761034000140,,11,29446347,,,mgracielle@hotmail.com,,,
13761186000143,RBUONO,11,20994179,,,CONTABIL@RBUONO.COM.BR,,,
13817672000136,CONTABILIDADE SAO FRANCISCO,11,37682522,11,37682740,contsfco@terra.com.br,,,
13976172000147,,11,36752450,11,36753572,gnwsol@gnwsol.com.br,,,
10945045000192,C L DOS SANTOS SERVICOS CONTABEIS,11,25214612,11,92100101,cklcontabilidade@bol.com.br,,,
14027103000150,CONTABIL VELASCO,11,32249133,11,32248131,convelasco@uol.com.br,,,
14069805000104,,11,29237850,,,MARCEL.GONCALVES@CONSULTIVACONTABILIDADE.COM.BR,,,
14111731000119,,11,81179172,,,cema.gomes@uol.com.br,,,
8207041000165,ORGANIZACAO CONTABIL VOLPI,11,26471552,11,26429719,CONTABILVOLPI@UOL.COM.BR,,,
14156930000143,M.R FRANCO,11,58441613,,,JUANCLARK@UOL.COM.BR,,,
8268102000102,NOBILIS ASSESSORIA CONTABIL,11,55941832,11,55832800,NOBILIS@NOBILISASSESSORIA.COM.BR,,,
12654788000139,MULTICONTABIL ASSESSORIA EM CONTABILIDADE,11,27684529,11,27684530,contato@multicontabill.com.br,,,
14286598000131,TUNES CONTABILIDADE,11,22212878,11,28697394,rubens@tunescontabil.com.br,,,
14312426000195,AFFIANCE BRASIL A. E. C. E COMERCIAL LTDA - ME,11,74126361,,,chavesja@ig.com.br,,,
11124503000195,OSHIRO ASSESSORIA EMPRESARIAL,11,22391821,,,NOSHIROASSESSORIA@GMAIL.COM,,,
14422665000106,TECNOFIS CONTABILIDADE & NEGOCIOS,11,32270066,,,TECNOFIS@TECNOFIS.COM.BR,,,
14456782000182,CTL CONTABILIDADE,11,56611527,,,THICARO@IG.COM.BR,,,
14574613000147,E.C.A ASSESSORIA E CONSULTORIA CONTABIL LTDA,11,26948880,11,35359626,ECA@ECACONTABIL.COM.BR,,,
14598892000189,,11,21738000,,,,,,
14625499000137,,11,32291288,11,32295912,BRUNO@ETECCONTABILIDADE.COM.BR,,,
14701967000105,OBAUROD SIENE SERVICOS E SOLUCOES CONTABEIS,11,58910329,,,obaurodsiene@yahoo.com.br,,,
14743501000172,CONTUP ASSESSORIA E CONSULTORIA EMPRESARIAL,11,20268260,,,robsonlopes@contup.com.br,,,
14773067000173,FISCONSULTING SERVICOS CONTABEIS LTDA.,11,31514681,,,JCARNETTE@FISCONSULTING.COM.BR,,,
14831266000190,,11,33374819,,,,,,
20421056000127,,11,41612172,,,ALMIR@AMFPROFISSIONAIS.COM,,,
14950606000100,,11,58129269,,,asseconn@uol.com.br,,,
15023829000187,RS ASSESSORIA EMPRESARIAL,11,26821812,11,26848685,fernanda@rsempresarial.com.br,,,
15103505000159,,11,21456293,,,CLAI.SANTIN@GMAIL.COM,,,
15233465000160,BILIATO ESCRITORIO CONTABIL,11,36666466,,,CLAUDEMIR@BILIATO.COM.BR,,,
15301461000171,CLASSE CONTADORES ASSOCIADOS,11,29626097,,,CLAUDIOZULLO@IG.COM.BR,,,
9489748000174,CONTABILE,11,37334468,,,CONTABILEASSESSORIA@OUTLOOK.COM,,,
9570767000120,,11,55249062,11,92024040,EDUARDO@CONTPUBLIS.COM.BR,,,
11251256000198,,11,22944539,,,foco.contabil.auditoria@gmail.com,,,
11572170000167,M SABINO ASSESSORIA ADM & CONTABIL,11,61366102,,,marilenesabino@terra.com.br,,,
11838035000110,MONTOIA ASSESSORIA EMPRESARIAL,11,22612284,,,montoiacontabil@montoia.com.br,,,
12374145000131,LIVERPOOL CONTABILIDADE,11,39769749,11,39988994,liverpool@liverpoolcontabil.com.br,,,
12651123000171,TATICCA AG BRASIL,11,30623000,,,TATICCA@TATICCA.COM.BR,,,
13163140000122,ASSESSORIA CONTABIL JVPP,11,26851404,11,26844597,ASSESSORIA@CONTABILJVPP.COM.BR,,,
13418486000124,,11,32286694,11,32286432,asia_contabil@ig.com.br,,,
14344029000103,ORGANIZACAO CONTABIL EVOLUCAO,11,26423449,11,26422686,contabilidadeevolucao@gmail.com,,,
14568379000145,,11,32572828,,,CARLOS@FRACOLLA.COM.BR,,,
14673839000103,,11,35894904,11,35824952,FISCAL_REOBOTE@HOTMAIL.COM,,,
15443027000126,SANTOS CONSULTORIA & NEGOCIOS,11,22034403,,,CONTATO@SANTOSCONSULTORIA.COM.BR,,,
15447761000163,ACT SERV SERVICOS PARALEGAIS E CONTABEIS,11,51999365,,,LEONARDO@ACTSERV.COM.BR,,,
15486025000114,MINUCELLI CONTABILIDADE,11,29165231,,,ecomar@ig.com.br,,,
15529319000186,O CONTADOR,11,84985192,,,MARCELORODRIGUESCONTADOR@HOTMAIL.COM,,,
15535910000146,ORGANIZACAO DO BOM CIDADAO CONTABIL & ADVOCACIA-DIGITAL,11,98808780,,,VAPORDOMAR@HOTMAIL.COM,,,
15553122000182,MAXIMUS SOLUCOES,11,21720229,,,ELISEU@MAXIMUSCONT.COM.BR,,,
15582549000109,RCS ASSESSORIA CONTABIL,11,31591388,11,31592462,CONTABIL01@RCSASSESSORIA.COM.BR,,,
15630147000132,VISAO CONSULTORIA EMPRESARIAL,11,35695761,,,LEGAL@VISAOAE.COM,,,
15666721000102,PERRONE CONTABIL,11,51993416,,,ADM@PERRONECONTABIL.COM.BR,,,
13719204000129,CONTABILIDADE PLACIDO,11,28621380,11,20017047,CONTABILIDADE@CONTABILIDADEPLACIDO.COM.BR,,,
16625454000198,,11,22275353,,,LEGAL@MWA.COM.BR,,,
16658309000103,NEWAY SOLUCOES CONTABEIS,11,32284588,11,82857119,LEGALIZACAO@NEWAYCONTABILIDADE.COM.BR,,,
16675481000175,,11,26184505,,,MILTON.GENESISSP@GMAIL.COM,,,
16718159000186,HRML,11,45495946,1,22042524,humbrs@ig.com.br,,,
16722385000130,,11,38580378,,,LT.ARAUJO@TERRA.COM.BR,,,
10957697000147,CAZELATO CONTABILIDADE,11,36411091,,,andrea@cazelato.com.br,,,
14505039000175,DCF D'AURIA CONTABILIDADE & FINANCAS,11,86880522,,,FABIANADAURIA@DCF.COM.BR,,,
11022572000198,K L C CONTABILIDADE,11,39014319,11,39016159,KLC-CONTABIL@UOL.COM.BR,,,
10334859000190,FAMA CONTABIL,11,31294490,,,MULATOPAIVA@GMAIL.COM,,,
16922762000185,CONTABILIDADE PJ,11,23380847,,,FABIANA@CONTABILIDADEPJ.COM,,,
16935205000107,,11,22830229,,,CONTROLADORIA@RHPAY.COM.BR,,,
16991633000149,MMP CONTABILIDADE,11,40542397,11,29477661,pedro.moises@bol.com.br,,,
15008935000191,,11,32414638,11,41879812,ASSESS.CONTABIL@TERRA.COM.BR,,,
17029233000110,,11,32143792,11,32143791,paioli@paioli.com.br,,,
17109309000117,SHINTO CONTABILIDADE,11,25395611,,,JAIR@SHINTO.COM.BR,,,
9486392000115,GRIFFON BRASIL,11,31868100,,,nazinhosantana@grifon.com.br,,,
17124070000154,HARTE CONTABIL,11,23067002,11,95393346,MILENA@HARTECONTABIL.COM.BR,,,
17339713000187,FOUR MASTERS,11,56619567,,,FINANCEIRO@FOURMASTERS.COM.BR,,,
13822025000112,,11,25947479,,,JOSIMAR@PLETUDE.COM.BR,,,
10396223000173,MSF ASSESSORIA CONTABIL,11,29191597,,,CONTATO@MSFCONTABILIDADE.COM.BR,,,
17890545000113,MAXIMA CONTABILIDADE,11,23617476,,,SOCIETARIO@MAXIMACONTABILIDADE.COM.BR,,,
17946861000160,ELIETE CONTABILIDADE,11,22833000,,,elietecontabilidade@gmail.com,,,
18008625000165,MLSILVA CONTABILIDADE,11,24760294,,,SOCIETARIO@MLSILVACONTABILIDADE.COM.BR,,,
18042021000135,M & K ASSESSORIA CONTABIL,11,35375680,11,47303589,MK.CONTABIL@OUTLOOK.COM,,,
18107856000126,,11,11223344,,,MMGCONTABIL@HOTMAIL.COM,,,
18208626000153,RDIEL CONSULTORIA,11,99397154,,,RDIELCONSULTORIA@GMAL.COM,,,
18225496000167,GRUPO MAST CONSULTORIA,11,91375470,,,CONSULTMAST1975@GMAIL.COM,,,
8470235000159,DORIA CONTABILIDADE,11,22094651,11,33602638,CONTATO@DORIACONTABILIDADE.COM.BR,,,
10405693000156,J C JURIS CONTABIL EMPRESAS,11,32270833,,,CONTATO@JURISCONTABILSP.COM.BR,,,
12545677000194,MMC ADM CONT,11,34731604,,,mmccontabil@terra.com.br,,,
12891414000137,ADMINISTRE ME CONTABILIDADE,11,43256779,,,ALBERTO@LINDHOLZ.COM.BR,,,
17960888000107,ISAAC MARTINS DE OLIVEIRA FILHO,11,97125544,,,isaac.martins2@hotmail.com,,,
18080098000108,BRITOSCONT ASSESSORIA,11,41491358,,,britoscont@terra.com.br,,,
18315575000169,CONTABIL ASSESSORIA E GESTAO EMPRESARIAL,11,39478096,,,dodonto1@hotmail.com,,,
18361073000174,DIAS E RIBEIRO SERVICOS CONTABEIS,11,55492207,,,CONTATO@DIASRIBEIROCONTABIL.COM.BR,,,
18403932000140,GEHBERR,11,73027246,,,GEHBERR@GEHBERR.COM.BR,,,
10716721000237,INTERATIVA CONTABIL.,21,22523777,11,38141309,JOSE.GUERRA@INTERATIVA.SRV.BR,,,
18519885000103,,11,47321234,,,MARCELLO@LINKEDMEDIC.COM.BR,,,
18694707000100,INFORMA ASSESSORIA E CONSULTORIA LTDA,11,59312309,,,INFORMA.ASSESSORIA.CONSULTORIA@GMAIL.COM,,,
18729674000197,PLATON CONTABILIDADE,11,73455504,,,CONTABIL.AMARILDO@GMAIL.COM,,,
18804885000147,EXATA CONTABILIDADE,11,22818710,,,tmalves23@yahoo.com.br,,,
18891024000143,ELUSS,11,55850109,,,CONTATO@ELUSSCONTABILIDADE.COM.BR,,,
18908122000146,VEDAS ADMINISTRACAO,11,63479538,,,HCCONSULTA@GMAIL.COM,,,
18991355000155,,11,50783060,,,ACMEIRELI@GMAIL.COM,,,
18994345000173,GOMES & VERCOSA,11,32513810,11,32514302,VALDIR@GOMESVERCOSA.COM.BR,,,
19048436000189,MINUCIO CONSULTORIA,11,21157159,,,DOUGLAS@MINUCIOCONSULTORIA.COM.BR,,,
19249414000187,CRIS CONTABIL,11,22061967,,,CRISCONTABIL35@GMAIL.COM,,,
19373897000127,R.A. ANDRADE CONTABILIDADE,11,37316272,11,98876037,roberto_anjos7@hotmail.com,,,
19686761000177,GRUPO MAKTURA,11,38739404,,,SOCIETARIO@GRUPOMAKTURA.COM.BR,,,
16367958000155,BPC PARTNERS ACCOUNTING AND CONSULTING LTDA,11,31121587,,,ARNAUD.BLEUEZ@BPC-PARTNERS.COM,,,
19913230000170,E TAX CONSULTORIA E ASSESSORIA,11,41772102,,,CONTATO@E-TAXCONTABIL.COM.BR,,,
20002065000183,OX CONTABILIDADE,11,56167076,,,OXPATRAN@OUTLOOK.COM.BR,,,
20066352000157,SANDER GALERA,11,94379997,,,biazotticontabilidade@gmail.com,,,
20089182000126,,11,51816000,,,ICAROABDALLACHRISTIANO@GMAIL.COM,,,
20555452000147,MOTA CONTABILIDADE,11,78017455,,,CONTATO@MOTACONTABIL.COM.BR,,,
20691854000179,J.R. PERICIA,6920601,11,91254925,11,51347663,FERREIRASANTOSJEFBOY@GMAIL.COM,,
20799491000190,,11,33377961,11,33613236,M.SALESARAUJO@GMAIL.COM,,,
20820103000105,VALLAR CONSULTORES,11,70286315,,,SILVANIOSOUSA@YAHOO.COM.BR,,,
21046026000140,MAXIMO ASSESSORIA EMPRESARIAL,11,23711475,,,VAGNER@FENIXASSESSORIAEMPRESARIAL.COM.BR,,,
21146940000163,,11,99042876,,,JLPSC@UOL.COM.BR,,,
21147886000170,A L B DO LAGO CONTABILIDADE,11,50213611,11,64409794,CONTATO@ALBDOLAGOCONTABILIDADE.COM.BR,,,
21203728000190,,11,32973615,,,lucienjosephmunoz@ig.com.br,,,
21589156000120,FACONT - ORGANIZACAO CONTABIL E FISCAL,11,39790975,,,wiliam.didi@hotmail.com,,,
21707196000129,ORGANIZACAO CONTABIL CONFIANCA,11,35621268,11,38316692,PROSCONT@TERRA.COM.BR,,,
21727432000179,,11,20619145,11,22733262,CONTABILIMPERIAL@UPIRANGA.COM,,,
21808809000114,S & E SERVICOS CONTABEIS,11,86756243,,,S.ESERVICOSCONTABEIS@GMAIL.COM,,,
21286477000236,********,11,36615218,,,WSS_SP@WSSCONTABILIDADE.COM.BR,,,
21868731000123,CPA CONTABILISTAS PAULISTAS ASSOCIADOS,11,30809030,,,FATURAMENTO@CONSULTORIACPA.COM.BR,,,
21964518000115,,11,33116709,,,erasmo@metaldiesel.com.br,,,
22295490000133,,11,93011731,11,37825305,ARPF@IG.COM.BR,,,
22383992000116,JOAO PAULO VALINS,11,59394555,,,joaopaulo.actp@gmail.com,,,
22544764000180,,11,31111111,,,PALADINO_CONTABIL@GMAIL.COM,,,
22560802000199,ABCONT - ASSESSORIA EMPRESARIAL,11,35352247,,,CONTATO@ABCONT.COM.BR,,,
22722188000114,,11,94208458,,,MARCIA@CONTABILIDADEPS.COM.BR,,,
22896599000126,LATORRE CONTABIL,11,22253225,11,25391285,CONTATO@LATORRECONTABIL.COM.BR,,,
23001215000122,BRASFISCO,11,38811444,11,30792121,CONTATO@BRASFISCO.COM.BR,,,
22769971000133,EXITO SOLUCOES EM CONTABILIDADE,11,53170343,,,JANDERSON86OLIVEIRA@GMAIL.COM,,,
23110761000100,GEVISAN SERVICOS CONTABEIS,11,86382643,,,genvieira@gmail.com,,,
4863393000541,IMC,27,32357454,27,32281799,SOCIETARIO2@CORINTHO.COM,,,
23198678000126,NEWWAY CONTABIL,11,22334755,,,ADM@NEWWAYCONTABIL.COM.BR,,,
23215550000123,J.R ASSESSORIA CONTABIL,11,31293596,,,JOAO.ABITANTE@TERRA.COM.BR,,,
23323465000189,REGINA MARIANA GIACOMI DE SOUZA,11,24765270,,,contabilregina@ig.com.br,,,
23376828000144,,11,55624008,,,,,,
23441969000101,,11,63641254,,,ANDRECHIZINI@HOTMAIL.COM,,,
23584269000168,,11,99161679,,,,,,
23599510000122,,11,85069560,,,LUCIANOSALES006@GMAIL.COM,,,
23630431000137,DPA - CONTABILIDADE,11,31298157,11,32577071,DAYCONTABILIDADE@DAYCONSULTORIA.COM.BR,,,
23660530000161,LUCCA CONTABILIDADE,11,53432238,,,LUCCACONTABILIDADE@GMAIL.COM,,,
23671517000108,MASTHER CONSULTORIA,11,61619531,,,CONTATO@MASTHERCONSULTORIA.COM.BR,,,
23697365000112,,11,32860157,,,VPIOVAM@PLANNERS.COM.BR,,,
23744034000196,,11,80551238,,,CACILDA_MAIA@YAHOO.COM.BR,,,
23785765000180,ASA CONTABILIDADE,11,41166559,,,JUNIOR@ASACONTABILIDADE.COM.BR,,,
20833283000160,CONTABILIDADE JA,11,99999999,,,CONTATO@PPSE.COM.BR,,,
23877503000145,LODUGER CONTABILIDADE,11,20917159,,,camilalod@hotmail.com,,,
23921300000109,ESCRITORIO CONTABILIDADE KOSCAKX,11,75804346,,,MARCOS-CK@HOTMAIL.COM,,,
23924685000168,CONVERGENCIA CONTABIL,11,22613523,11,38079652,MARILZAFRANCK65@GMAIL.COM,,,
24459771000100,ACESSO CONTABILIDADE & ASSESSORIA,11,65471422,,,saldanha.rh@gmail.com,,,
24662754000175,L&H,11,25897221,11,84474341,LUVX@HOTMAIL.COM,,,
25046860000197,,11,56618284,11,72991197,TRINITYCONTABIL@GMAIL.COM,,,
20710533000174,FACIL EMPRESA,11,41170724,,,SUPORTE@FACILEMPRESA.COM.BR,,,
25062595000130,,11,55393535,,,LEGAL@TOPCONT.COM.BR,,,
25109852000142,,11,31817785,,,FELIPE.CABRAL@GASERVICES.COM.BR,,,
25167152000104,,11,50120386,,,eromulor@outlook.com,,,
25276428000192,,11,86582992,,,DECIOELRODRIGUES@GMAIL.COM,,,
25344574000108,AOB CONTABIL,11,23394043,,,CONTATO@AOBCONTABIL.COM.BR,,,
25351332000141,EL CHALTEN CONTABILIDADE,11,39436090,,,CONTATO@ELCHALTENCONTABILIDADE.COM,,,
25382273000179,CONSYSTEM ASSESSORIA CONTABIL,11,38175413,11,30328609,CONTATO@CONSYSTEMASSESSORIA.COM.BR,,,
21251212000111,ATTENTUS CONTABILIDADE INTELIGENTE,13,30342746,,,VIEIRA@ATTENTUSCONTABIL.COM.BR,,,
23535197000169,GOES E SILVA CONTABIL,11,41117008,,,RODRIGO.SILVA@GOESESILVACONTABIL.COM.BR,,,
19224333000122,,11,22221110,,,,,,
13708572000171,MLS EMPRESARIAL,11,34674372,,,CONTATO@MLSEMPRESARIAL.COM.BR,,,
9646398000102,GESTPLAN CONTABILIDADE,11,22170362,,,CONTATO@GESTPLANCONTABILIDADE.COM.BR,,,
9368108000106,COMPROMISSO CONTABIL,11,25075189,,,COMPROMISSOCONTABIL@TERRA.COM.BR,,,
24774435000151,CONTABILIDADE IMIRIM,11,31863666,11,31863689,GERENCIA@PATERRA.COM.BR,,,
18336132000154,CONTABILISTICO CONTABILIDADE CONSULTIVA,11,41148002,11,30423099,CONTATO@CONTABILISTICO.COM.BR,,,
20092100000100,ABILITY CONTABILIDADE EIRELI,11,27775857,,,WPERRETTI@HOTMAIL.COM,,,
8463669000121,BAZALDO ASSESSORIA CONTABIL,11,26734454,,,BAZALDOCONTABIL@TERRA.COM.BR,,,
11730824000133,CONTEC ASSESSORIA CONTABIL,11,20120000,,,CONTABILIDADECONTEK@GMAIL.COM,,,
19562679000130,SUMMA CONSULTORIA E ASSESSORIA CONTABIL,11,81097559,,,SILVIA@SUMMACONSULTORIA.COM.BR,,,
8921910000119,NUMERIC ASSESSORIA,11,31815999,,,CONTATO@NUMERICBRASIL.COM.BR,,,
20952056000153,SOUTO ASSESSORIA CONTABIL,11,25927896,11,25927917,SONIAMIRANDA05@HOTMAIL.COM,,,
22046479000130,CXP CONTABILIDADE ESTRATEGICA,11,35696578,,,SUELI@CXPCONTABILIDADE.COM.BR,,,
14306080000112,BELGAR CONTABILIDADE,11,28948870,11,47949563,susi_cris@terra.com.br,,,
13799393000197,,11,23692151,11,23692128,MAURICIO.NARCISO@RMSCONTABILIDADE.COM.BR,,,
20044967000182,CONTROLLER CONTABILIDADE,11,36097926,,,METODVM@HOTMAIL.COM,,,
23245278000124,AVITI,11,22039828,11,22627708,ISW@UOL.COM.BR,,,
24017136000172,GOLD MIND CONTABILIDADE,11,37725422,,,GOLDMINDCONTABILIDADE@GMAIL.COM,,,
10938889000106,CONTABILIDADE AMIGA,11,38570122,,,arlete_snascimento@yahoo.com.br,,,
21280320000112,RBM CONTABILIDADE,11,36418172,11,36415863,ATENDIMENTO@RBMGROUPASSESSORIA.COM.BR,,,
20148856000116,GRUPO PACINI INTELIGENCIA CONTABIL,11,20964702,,,LEGALIZACAO@GRUPOPACINI.COM.BR,,,
13672196000102,DANTAS & BALBINO CONTABILIDADE,11,59739474,11,25066635,CONTATO@DANTASEBALBINO.COM.BR,,,
11839955000153,SOLUTTA JUNDIAI,11,45047000,,,LEGALIZAMORUMBI@SOLUTTA.COM,,,
13285300000106,CAMPOS & CAMPOS CONTABILIDADE,11,25746479,11,41141436,CONTATO@CAMPOSASSESSORIA.COM.BR,,,
11913630000173,R & D CONTABIL,11,27851639,11,95418766,LCMCONTABIL@UOL.COM.BR,,,
21481104000135,LISBOAGOBATTI CONTABILIDADE E CONSULTORIA,11,27218619,11,27255072,ATENDIMENTO@LISBOAGOBATTI.COM,,,
16763249000199,AVANTE CONTABILIZA,11,68049336,,,AVANTECONTABILIZA@GMAIL.COM,,,
12353399000173,SENIOR ASSESSORIA EMPRESARIAL,11,23022917,,,CONTATO@SENIORCONT.COM.BR,,,
24462134000192,ITACA ASSESSORIA CONTABIL E FISCAL,11,99774982,11,50821246,PADIALJR@YAHOO.COM,,,
24009484000106,BELMART PERICIAS CONTABILIDADE CONSULTORIA,11,26826482,,,martins_walmir@hotmail.com,,,
74550000236,CONSULTOR SERVICOS CONTABEIS S/S LTDA,11,55935188,11,55935188,dallas@dallas-ps.com,,,
23072511000114,EDREI ASSESSORIA CONTABIL,11,85331714,11,54946691,ATENDIMENTO@EDREI.COM.BR,,,
18262060000148,SOLIS SERVICOS CONTABEIS,11,23621730,,,SOLIS@SOLISASSESSORIA.COM.BR,,,
25081042000125,TOLEDO CONTABIL,11,41157371,,,toledocontabil1@gmail.com,,,
11383679000161,,11,47875743,,,COSTA-CONTABILIDADE@HOTMAIL.COM,,,
15674314000147,WILTEX CONSULTORIA,11,97631981,,,WILTEX@TERRA.COM.BR,,,
12448547000133,CONTLIGHT,11,31703136,,,ACCOUNTING@GCECONSULTORIA.COM.BR,,,
14603995000190,,11,84747753,,,mdacontador@gmail.com,,,
20178452000175,LEX-COR SERVICOS CONTABEIS,11,41191334,,,LEX-COR@BOL.COM.BR,,,
12162444000102,INOVARE CONTABILIDADE & CONSULTORIA,34,88681787,,,CONTATO@INOVAREGESTAO.COM.BR,,,
22893958000191,M. FORTE ASSESSORIA EMPRESARIAL,11,54375070,,,M.FORTE@UOL.COM.BR,,,
24339968000105,AGS EMPRESARIAL,11,49021445,,,AGSCONTABILIDADE.SP@GMAIL.COM,,,
17172134000192,,11,33721860,,,FISCAL@BPOCONSULTING.COM.BR,,,
19669574000185,,11,26139020,,,COMERCIAL@ARFPRIMESOLUCOES.COM.BR,,,
15234709000129,NCCA,11,25046249,,,SECRETARIA@NIVALDOCLETO.CNT.BR,,,
12512070000108,J A S CONTABILIDADE E CONSULTORIA,11,39745025,11,39746805,CONTADOR@JASCONTABILIDADE.CNT.BR,,,
22597839000191,CONTADOR49,11,50580391,,,PAULO.EIJI@UOL.COM.BR,,,
19164355000144,ADR COSTA CONTABIL,11,32312402,11,32314268,CONTATO@ACOSTACONTABIL.COM.BR,,,
12483634000121,,11,32070442,,,CONTABILIDADEKIMURA@UOL.COM.BR,,,
14169821000160,,11,43055977,,,PARALEGAL@GRPACCOUNT.COM.BR,,,
22673900000132,HW ASSESSORIA EMPRESARIAL E CONTABIL,11,23346682,,,FACIOLI@HWASSESSORIA.COM,,,
25282469000191,A.STEFANI CONTABIL SOCIEDADE UNIPESSOAL LTDA,11,39747758,,,stefcont@terra.com.br,,,
9309914000103,LUVICONT ASSESSORIA CONTABIL,15,41010619,,,LUVICONT@HOTMAIL.COM,,,
20896480000128,RUFINO SERVICOS DE CONTABILIDADE,11,32370040,,,CARD@CARDCONTABILIDADE.CNT.BR,,,
14516906000178,K2 CONTABILIDADE E ASSESSORIA,11,99010521,,,PHOTO.JUNIOR@GMAIL.COM,,,
9480661000136,CONTABILFELIX,11,50350777,,,CONTATO@CONTABILFELIX.COM.BR,,,
20696706000147,,11,44880192,,,CONTATO@CONTBRASIL.CNT.BR,,,
26225688000100,JM CONSULT,11,32840422,,,,,,
26247828000132,NTW SAO PAULO BUTANTA,11,47966272,,,JOQUEBEDE@NTWCONTABILIDADE.COM.BR,,,
26289663000161,CONTBEM,11,23390593,11,23390594,MARCELO.CONTBEM2016@GMAIL.COM,,,
26334480000110,,11,20214005,,,FELLCONT@FELLCONT.COM.BR,,,
26408382000180,ONRB ASSESSORIA CONTABIL,11,73152705,,,ODAIR@ONRB.COM.BR,,,
26458865000190,PRDM,11,32274686,,,paulorobertodm@ig.com.br,,,
26638366000184,TEIXEIRA CONTABILIDADE E ASSESSORIA,11,40472066,,,teixeira-f@hotmail.com,,,
26685169000116,MANDUCONT - CONTABILIDADE AREA MEDICA,11,42171449,,,MANDUCONT@MANDUCONT.COM.BR,,,
26758309000139,CONFIRP,11,50783060,,,LEANDRO.TEIXEIRA@CONFIRP.COM,,,
26761877000199,FIRMINO MELO ASSESSORIA CONTABIL,11,38810051,,,FIRMINOMELO.CONTABILIDADE@GMAIL.COM,,,
26764077000121,,11,86767498,,,MARCOS_KOSKIS@YAHOO.COM.BR,,,
26954216000180,FERREIRA ASSESSORIA E PRESTACAO DE SERVICOS,11,56776190,,,robertoferreiraa@uol.com.br,,,
27265369000182,RIVERO CONTABILIDADE,11,47889520,,,PARALEGAL@CONUBE.COM.BR,,,
27295339000119,ESSEN,11,58312036,,,WILSONLUIZ.CARDOSO@GMAIL.COM,,,
27338616000123,KOTOBUKI CONTABIL,11,22964485,11,20917260,KOTOBUKI@UOL.COM.BR,,,
27370842000191,,11,32213982,,,AROLDO-MENDES@BOL.COM.BR,,,
27372604000115,CONTABILIDADE SOMAR,11,39653007,,,,,,
27424705000192,QUANTIX,11,23642010,,,CONTATO@QUANTIXGESTAO.COM.BR,,,
27489165000125,AGSCONT,11,40372718,,,ADRIANA@AGSCONT.COM.BR,,,
27507492000162,CM PRESTADORA DE SERVICOS ADM E CONTABIL,11,55141056,,,SHSANSI@HOTMAIL.COM,,,
27514106000160,CONTABIFI,11,72252003,,,DOLORES@CONTABIFI.COM.BR,,,
27614004000116,GOOGLE ADS V H,11,35678579,,,VIEIRA.JULIO@OUTLOOK.COM,,,
27646673000170,ACCURA ASSESSORIA CONTABIL E CONSULTORIA EMPRESARIAL,11,25074276,,,CAIO.F@BAHIAASSOCIADOS.COM.BR,,,
26633036000104,IFW CONSULTING,11,29857454,,,ASANTANA@HUNTERFAN.COM,,,
27669496000147,GRUPO WORK,11,23722376,,,PARALEGAL.SP@WGI.ONE,,,
27934821000151,CONTABILIDADE VILA MARIA,11,29878853,11,29550761,POINT1@UOL.COM.BR,,,
27990261000152,HB CAMPOS CONTABIL,11,86264074,,,henrique.berbe@hotmail.com,,,
28026167000140,,11,40575013,,,FINANCEIRO@GODKS.COM.BR,,,
28158200000196,MR2 CONSULTORIA CONTABIL,11,55953636,,,MARCELO.MONTILHA@MR2CONSULTORIA.COM.BR,,,
28187807000102,GK FAST VIRTUAL SERVICE,11,85511122,,,KUIFER1@HOTMAIL.COM,,,
28289746000186,,11,93908280,,,CONTATOS@DMASSOCIADOS.COM.BR,,,
28604014000133,,11,40159661,,,CONTATO@ALASSESSORIACONTABIL.COM,,,
28641824000160,ARANHA CONTABILIDADE E ASSESSORIA FISCAL,11,28913904,,,CONTABILIDADEARANHA@GMAIL.COM,,,
28743593000103,SOLUTION MEDICAL BUSINESS,11,37582026,,,,,,
28755032000116,LECONTAB,11,23025274,,,CONTATO@BRAIDACONTABILIDADE.COM.BR,,,
28786339000184,,11,36286086,,,MMU_2002@HOTMAIL.COM,,,
28856042000148,VERIFICA AUDITORIA E CONSULTORIA EMPRESARIAL,11,97670218,11,93548799,DALVEN443@HOTMAIL.COM,,,
28900752000128,NC CONTABILIDADE E ASSESSORIA EMPRESARIAL,11,23078479,,,ncnilsoncontador@hotmail.com,,,
28754243000134,,11,83650237,,,ROBISONVIANA@HOTMAIL.COM,,,
29033128000133,,11,27863306,,,NORBERTOPIMENTEL@UOL.COM.BR,,,
29198060000142,,11,33380014,,,LEGAL@MIDIACONTABIL.COM.BR,,,
29303929000171,TANIA MARQUES CONCEICAO,11,38814550,,,taniamctania@gmail.com,,,
29398606000109,ANDRADE CONSULTORIA CONTABIL,11,38547038,,,RONALDO.ANDRADEEALMEIDA@GMAIL.COM,,,
29415699000132,RGAZOLA ASSESSORIA CONTABIL,11,51938201,,,ROBERTOGAZOLA.RG@GMAIL.COM,,,
29495436000180,CONTABIL ORLANDELLI,11,55083500,,,UNITAS@UNITAS.COM.BR,,,
29563463000143,CR CONTABILIDADE,11,41788181,11,41789858,CLIMAXSBC@UOL.COM.BR,,,
29603151000116,MBORGES CONSULTORIA CONTABIL,11,55116520,,,CONTATO@MBORGES.COM.BR,,,
29652430000170,GRUPO MICROEMPRESARIO ROCHA VIVA,11,36286090,,,ROCHAVIVA3@GMAIL.COM,,,
29707546000169,PLACIDO SERVICOS CONTABEIS,11,43711224,11,43711189,RINALDOPLACIDO@UOL.COM.BR,,,
29720162000186,,11,37984044,,,MGRAZIELA.CONTABILIDADE@GMAIL.COM,,,
29742943000171,,11,31043229,,,EMPYREO@UOL.COM.BR,,,
29846120000196,FT AUDITORIA E CONSULTORIA,11,24323097,,,FILIPE.TELES@FTOBR.COM,,,
30098343000100,,11,22860275,,,THAINAPORTO@CONTECOR.COM.BR,,,
28798126000172,BASARI ACCOUNTING TECHNOLOGY,11,44192731,,,ANDERSON@BASARIASSESSORIA.COM.BR,,,
30148742000120,WORLD CONTABILIDADE,11,37684197,,,CONTATO@WORLDCONT.COM.BR,,,
30243527000108,,11,20310204,,,GILMAR@PTZCONTABIL.COM.BR,,,
30347885000160,B SILVA CONTABILIDADE,11,26904292,,,EDUARDO@CONTCLASS.COM.BR,,,
30410711000103,INSIGHT CONTABILIDADE,11,51401339,11,23647600,CONTATO@INSIGHTCONTABILIDADE.COM,,,
30428054000113,RA7 CONTABILIDADE,11,40638685,,,TRIBUTACAO@RA7CONTABILIDADE.COM.BR,,,
30488658000155,VEF ASSESSORIA CONTABIL,11,43769100,,,VEF.ASSESSORIA@GMAIL.COM,,,
30595460000170,MM CONSULTORIA FINANCEIRA E CONTABIL,11,89034885,11,98903488,MICHEL.MICIANO@GMAIL.COM,,,
19911140000220,FRANCO LEBRAO ACCOUNTING FIRM,21,22100737,,,RENATA.LEBRAO@FRANCOLEBRAO.COM.BR,,,
30681875000167,,11,39152779,11,99982885,DUARTE.FJ@UOL.COM.BR,,,
30704121000185,INTERATIVA ASSESSORIA EMPRESARIAL,11,27386101,,,CONTATO@INTERATIVAASSESSORIA.COM.BR,,,
30556059000121,,11,27876272,,,VIVIANE@AKAICON.COM.BR,,,
29765257000116,CONTABILIDADE CRYSTAL,11,41198585,,,CONTATO@CONTABILIDADECRYSTAL.COM,,,
30899794000138,RAMOS CONTABIL,11,25062677,,,JAPARECIDORAMOS1949@UOL.COM.BR,,,
30962800000154,CONT.TORRES CONTABILIDADE,11,27918145,11,20904811,CONT.TORRES@HOTMAIL.COM,,,
31070749000139,FDJ CONTABIL,11,47260182,,,CONTATO@FDJCONTABIL.COM.BR,,,
31077565000109,CARLOS GOMES & ASSESSORIA ADMINISTRATIVA,11,48185874,,,CARLOS_GOMES05@OUTLOOK.COM.BR,,,
31093312000110,WILNA SIMIAO ASSESSORIA CONTABIL,11,27294377,11,63588188,WILNASIMIAO@GMAIL.COM,,,
31094100000158,FULL TIME ASSESSORIA CONTABIL,11,41131580,,,ELISABETE@MILENIOIMOVEIS.COM.BR,,,
31144557000120,MARCANT CONTABILIDADE,11,97111393,,,LINCOLN.BALBINO@ALPINACONTABILIDADE.COM.BR,,,
31165729000141,,11,67175956,11,33370792,FACILITY@FACILITYCONTABILIDADE.COM.BR,,,
31219331000140,ALVARES,6920601,11,35081549,,,RODRIGO@ALVARESGOUDINHO.COM.BR,,
31286445000103,P.F.P. MENDES CONTABILIDADE,11,76327249,11,58924076,PIERRY.FPM@OUTLOOK.COM,,,
31322146000187,CONTABIL BEAUTY,11,20464203,11,99759754,FABIO.CONTABIL.SOUZA@GMAIL.COM,,,
31672039000189,PROSPERITA CONTABIL,11,74517677,,,PROSPERITACONTABIL@GMAIL.COM,,,
31732633000118,ALL ASSESSORIA CONTABIL,11,32942773,,,IVANIR.REIS@ALLASSESSORIACONTABIL.COM.BR,,,
31773394000144,SOROBAN CONTABILIDADE,11,25327023,,,TATIANE.COONTADORA.XAVIER@GMAIL.COM,,,
31781319000125,AGUILAR ASSESSORIA CONTABIL,11,22369962,,,CONTATO@AGUILARAC.COM.BR,,,
31941591000125,ICON GROUP,11,25797289,,,ROBERTO@ICONGROUP.COM.BR,,,
32074060000145,TOFANETO ASSESSORIA CONTABIL E EMPRESARIAL,11,85478217,,,R.TOFANETO@GMAIL.COM,,,
32076071000164,,11,99553286,,,,,,
32146314000193,GORI CONSULTORIA CONTABIL,11,24954496,11,24954496,EMPRESAS.GIRO@GMAIL.COM,,,
32475480000133,PROVIDENCE ASSESSORIA CONTABIL,11,91077331,11,23316331,TAXINEI1972@GMAIL.COM,,,
32648385000194,SEIXAS CONTABILIDADE,11,27833605,,,CONTATO@SEIXASCONTABILIDADE.COM.BR,,,
32739495000161,MAOFORTE,11,33724399,11,93001530,CARLOS.SYLVESTRE@HOTMAIL.COM,,,
32804488000104,ASR CONTABILIDADE,11,98923675,11,58919983,ASR.CONTABILIDADE18@GMAIL.COM,,,
32898554000144,,11,22767052,,,CONTAIBI@TERRA.COM.BR,,,
33039310000179,CONTADOR AMIGO - SERVICOS CONTABEIS,11,34346631,,,VITOR@CONTADORAMIGO.COM.BR,,,
33149829000100,,11,22275353,,,LEGAL@MWA.COM.BR,,,
33152193000155,WJB ASSESSORIA CONTABIL,11,76146375,,,DANIELLA@WJBASSESSORIACONTABIL.COM.BR,,,
33776825000151,,11,23076640,,,CONTATO@ZAYNO.COM.BR,,,
33781658000137,ZERLLOTE SERVICOS EMPRESARIAIS,11,20977045,11,20966935,ZERLLOTECONTABIL@GMAIL.COM,,,
33918469000163,EFS CONTABILIDADE,11,99835989,,,ATENDIMENTO@EFSCONTABILIDADE.COM.BR,,,
34079220000174,MAF SOLUCOES CONTABEIS,11,20260113,11,30457125,SOCIETARIO@MAFSOLUCOESCONTABEIS.COM.BR,,,
34178926000193,OLIVEIRA & MARTINS CONTABILIDADE,11,69015048,11,73143652,OLIVEIRAEMARTINS.06@GMAIL.COM,,,
34263607000186,,11,29722934,,,MARCO.SERIACOPI@ENGLOBALLY.COM,,,
34306307000137,GRUPO MASTER,71,30527546,,,CONTATO@LEITECONTABILIDADE.COM.BR,,,
34444379000140,MOACIR TADEU DE MORAES,11,52492550,11,38752942,MOACIRMORAES28@GMAIL.COM,,,
34461531000101,DICAK,11,47365147,,,CAIO.SCIACCA@YAHOO.COM.BR,,,
34463738000107,,11,99137597,,,GISSASSESSORIACONTABIL@GMAIL.COM,,,
34568374000120,,11,94746947,,,MICHELLI@EXATASPERICIAS.COM.BR,,,
34908743000186,SURVEY INTELIGENCIA EM GESTAO,11,96247826,,,RSBAIAO@HOTMAIL.COM,,,
35020748000130,,11,23020968,,,ASSESSORIAREZENDE@HOTMAIL.COM,,,
35086876000187,REQUENA,11,22924384,,,JUNIOR@REQUENA.COM.BR,,,
35135498000184,RC CONTABIL,11,40471878,,,REJANEJORDAO23@GMAIL.COM,,,
35193654000163,SERVTIME CONTABILIDADE,11,38925438,,,FABIO@CONTAIR.COM.BR,,,
35237922000100,M3L ASSESSORIA CONTABIL,11,98145086,,,LAPORTUGAL@HOTMAIL.COM,,,
35250999000101,NOVAES ASSESSORIA CONTABIL E FISCAL,11,35693159,,,NOVAESDE@IG.COM.BR,,,
35302755000125,PALASSON CONTABIL,11,42131238,,,CONTATO@PALASSONCONTABIL.COM.BR,,,
35385999000119,PRATICA CONTROLLER,11,50266929,,,FINANCEIRO@PRATICACONTROLLER.COM,,,
35542535000179,,11,29715500,,,DOMICILIO.ELETRONICO@GRUPOSEGETI.COM.BR,,,
35721536000180,NASCIMENTO CONTABILIDADE,11,95344172,,,NASCIMENTO@NASCIMENTOCONTABILIDADE.COM,,,
35928099000170,QUINTAS CONTABILIDADE,11,27387306,11,30744164,CONTABILIDADE.QUINTAS@GMAIL.COM,,,
35934284000178,THP,11,27852244,,,THP@UOL.COM.BR,,,
36023678000137,CONTABILISSIMO,11,26423988,,,CONTATO@CONTABILISSIMO.COM,,,
36082802000135,EGLE DANTAS ASSESSORIA CONTABIL,11,51935982,,,CONTATO@EGLEDANTAS.COM,,,
36091806000180,,11,88016424,,,JEFSANDES@YAHOO.COM.BR,,,
36106249000123,TERRACE CONTABIL,11,41142324,,,CONTATO@TERRACECONTABIL.COM.BR,,,
36228917000195,CONTOR CONTABILIDADE,11,67138182,,,CONTOR.CONTABILIDADE@OUTLOOK.COM,,,
36281034000149,,11,33130408,,,EXPEDIENTE@CONTFISCO.COM.BR,,,
36430821000105,,11,39750459,11,46805888,ESCRITORIO@CONTABILIDADELIBERAL.COM.BR,,,
36448792000109,,11,50800880,,,CORPORATE@AURIUSCORPORATE.COM,,,
36479599000135,BAGNATO CONTABILIDADE,11,38798500,,,SOCIETARIO@BAGNATO.COM.BR,,,
36571201000196,B & G CONSULTORIA E CONTABILIDADE,11,10210111,,,BIGCONSULTORIA2025@GMAIL.COM,,,
36574114000192,INTEGRITY CONTABIL,11,38496454,,,CONTATO@INTEGRITYCONTABIL.COM.BR,,,
36583021000124,GF,11,43275007,,,LEGAL003@GOFURTHERGROUP.COM.BR,,,
36607156000182,IVES ASSESSORIA CONTABIL,11,98211031,11,37985956,IVESCONTABILIDADE@GMAIL.COM,,,
36613417000177,ACB CONTABIL,11,33118196,,,ALBERTO@ACBCONTABIL.COM.BR,,,
36673724000143,E MAIS GESTAO,11,98239257,,,ELIANE_CRISTINA@YAHOO.COM.BR,,,
36756579000164,MMS ASSESSORIA,11,91152554,,,MESSIAS_PROLOG@HOTMAIL.COM,,,
37021931000186,R1 CONTABIL,12,91033433,,,ROGERIO@PRONUSTRIBUTARIO.COM.BR,,,
37027820000187,MIB CONTABILIDADE & CONSULTORIA,11,85565626,,,CONTABILIDADE.MIB@GMAIL.COM,,,
37116510000139,TAMIRIS CRISTINA ASSESSORIA E CONSULTORIA CONTABIL,11,87622690,,,TAMIRIS.FONSECA@APGP.ORG.BR,,,
37203679000126,SENSO ASSESSORIA E ADMINISTRACAO CONTAB,11,23059953,,,SENSOCONTABIL@HOTMAIL.COM,,,
37269681000106,GRUPO TURRI,11,85666487,,,FABIO.TURRI@HOTMAIL.COM,,,
37684590000129,GRUPO CONTNIL,11,94353970,,,GRUPOCONTNIL@GMAIL.COM,,,
36771105000191,MUDE CONTABILIDADE,11,95371048,,,CLIVIA@APOIOSEGURA.COM.BR,,,
38131776000113,FRAGOZO FERNANDES CONTABILIDADE,11,53775396,,,CONTATO@FFCONT.COM,,,
38242115000165,AKITA CONTABILIDADE,11,61010092,,,CONTADOR@AKITACONTABILIDADE.COM.BR,,,
38248575000109,MEDTAZI CONTABILIDADE ESPECIALIZADA LTDA,11,61724430,,,TIAGO.BITAZI@HOTMAIL.COM,,,
38334548000140,GUEDES E ALBA CONSULTORIA,11,99999999,11,11999999,LEGALIZACAO@GAMIL.COM.BR,,,
70177142000376,,84,33395357,,,ERACONSULTORIAEADM@GMAIL.COM,,,
38471096000149,VETAN ASSESSORIA EMPRESARIAL,11,28380149,11,73681108,VETANASSESSORIA@GMAIL.COM,,,
38460750000119,,11,79696186,,,ALLANCONTABIL0410@GMAIL.COM,,,
39230589000150,,11,22910808,13,88027308,CONTROLADORIA@PKGROUP.COM.BR,,,
39325827000100,,11,32273703,,,LAERCIO@MMSERVCONTABEIS.COM.BR,,,
39462625000100,,11,25143320,,,,,,
39489573000166,DECAL CONTABILIDADE,6920601,11,39335974,11,43729004,CONTABIL@DECALCONTABILIDADE.COM.BR,,
39508394000129,PEDROSO CONTABILIDADE,11,73833728,,,ADALMIRO.JUNIO@HOTMAIL.COM,,,
39555071000196,,11,35224750,,,MARILIAHAIETH2000@GMAIL.COM,,,
39560003000115,,11,33266057,,,CAO.CONTABILIDADE@GMAIL.COM,,,
39781270000112,,11,26054331,,,FAJMZERBINATI@GMAIL.COM,,,
39903634000190,CDI CONTABILIDADE,11,41073022,,,CONTABILIDADEDOINVESTIDOR@GMAIL.COM,,,
31547567000106,UNICONT - CONTABILIDADE DIGITAL,11,45803286,,,CONTATO@UCCONTABILIDADE.COM.BR,,,
40050507000174,OLIVEIRA ARAUJO SERVICOS CONTABEIS,11,64136369,,,DANILOOLIVEIRAARAUJO91@GMAIL.COM,,,
40071231000100,METHOR CONTABILIDADE,11,42112744,,,CONTATO@METHORCONTABILIDADE.COM.BR,,,
28855379000130,ALENCAR ASSESSORIA CONTABIL,11,20525155,,,luiz.almir@hotmail.com,,,
40110380000131,JCG CONSULTORIA,11,29098844,,,PARALEGAL@JCGCONSULTORIA.COM.BR,,,
33226273000108,AURIS,11,27683392,,,CONTATO@AURIS.CNT.BR,,,
40180103000103,AVANTE CONTADORES,71,91349287,,,FABIO.ARAUJO@AVANTECONTADORES.COM.BR,,,
40130291000157,,11,30353401,,,,,,
40413943000160,F&R SOLUCOES CONTABEIS,5511,82733958,0,0,FABIODAVP@UOL.COM.BR,,,
40493214000161,CONTABILITA - CONSULTORIA E CONTABILIDADE LTDA,5511,99336444,0,0,T_MACHADO@LIVE.COM,,,
27151336000101,ATIVATECH,11,32665874,,,ATIVA@CONTABILATIVA.COM.BR,,,
40728945000149,LUCAS CONTABIL,5511,81750110,0,0,LUCACONTABILSP@GMAIL.COM,,,
40798320000153,GRUPO CONSIGNEA DE CONTABILIDADE,11,27438045,11,97040730,CLERISR@TERRA.COM.BR,,,
40823421000137,,11,38755529,11,41533177,CARLOSFAEDO@HOTMAIL.COM,,,
40859004000144,EMPRESARIAL JJ,11,32252440,,,FISCAL@EMPRESARIALFS.COM.BR,,,
40860119000159,GRUPO LDH BRASIL ACCOUTING & FINANCE,5511,47596411,0,0,JONAS.AGUIAR@LDHSOLUTIONS.COM.BR,,,
40909398000106,,11,84576301,,,WMENDESCONTABILIDADE@GMAIL.COM,,,
40948418000140,ROCI CONTABILIDADE,11,41352258,,,CONTATO@ROCICONTABILIDADE.COM.BR,,,
40991461000198,SAPIENS ASSESSORIA CONTABIL E TRIBUTARIA,11,93537923,11,99353792,PAULOSF28@GMAIL.COM,,,
41029918000140,ASSESCON,11,20621457,11,22152066,ASSESCON.ASSESCON@HOTMAIL.COM,,,
33121403000148,KCS CONSULTORIA CONTABIL E TRIBUTARIA,11,72516506,,,KATIACANUTO@UOL.COM.BR,,,
41138525000175,,11,29672888,,,SOCIETARIO@KRSCONTABIL.COM.BR,,,
41198859000134,PRINCIPAL ASSESSORIA CONTABIL,11,72597162,,,SANDRO@PRINCIPALCONTABIL.COM.BR,,,
41217197000100,,11,32146238,,,AMFCONTABILIDADE@TERRA.COM.BR,,,
41376102000193,JG CONTABILIDADE,5511,94931366,0,0,JULIANAAGONTIJO@GMAIL.COM,,,
41427248000110,IPC SERVICOS CONTABEIS,5511,84932299,0,0,NETE_CONT@HOTMAIL.COM,,,
27313627000159,ARTILHA CONSULTORIA CONTABIL,11,32977511,11,36735430,DIRETORIA@ALVESEARTILHA.COM,,,
41672765000155,,5511,73580540,0,0,PAULA@DALLAS-PS.COM,,,
41708820000110,MARPIMENTA,5511,99846616,0,0,MARPIMENTA.MP@GMAIL.COM,,,
31792818000118,COSTA & OLIVEIRA ASSESSORIA E GESTAO CONTABIL,11,39753016,,,RAFA.SOARES2506@GMAIL.COM,,,
37594119000140,RINOVA ASSESSORIA CONTABIL,11,76932193,,,CONTATO@RINOVACONTABILIDADE.COM.BR,,,
41905446000142,,11,20127424,,,CONTABEADM@TERRA.COM.BR,,,
41929511000170,,11,30712434,,,FGGA@UOL.COM.BR,,,
27844861000102,PAULO ROCHA ORGANIZACAO CONTABIL,11,33159702,,,CESP.ADVOCACIAECONTABILIDADE@GMAIL.COM,,,
39236969000100,,11,12814191,,,ADM@SUPERCONT.COM.BR,,,
39252666000172,A-Z TAX CONTABILIDADE,11,56136690,11,94219543,DUKA_ROLIM@HOTMAIL.COM,,,
30259135000137,GR CONTABILIDADE,11,81753862,11,29783223,GROBLES@UOL.COM.BR,,,
30313041000107,,11,22587269,,,CELIOCASTANHA06@GMAIL.COM,,,
30417704000125,RESULTABIL ASSESSORIA CONTABIL,11,87748654,,,CONTATO@RESULTABIL.COM,,,
41977651000113,ATPHE ASSESSORIA CONTABIL,11,24854539,,,SULENE@SAPCONRADO.COM.BR,,,
42088642000134,RAC CONTABILIDADE,11,98200112,,,CAROLINECROFT18@LIVE.COM,,,
42191613000101,HC CONTABILIDADE,11,15954623,,,HCAZERISCONSULTORIA@GMAIL.COM,,,
42254779000111,CONTABIL FACIL - CH,11,54302998,,,CONTABILFACILCH@GMAIL.COM,,,
42373879000167,,11,82806718,,,FVDUARTE@GMAIL.COM,,,
42633765000109,CLIFEM ASSESSORIA,5511,45449942,0,0,EDUARDO_CONTROLLER@HOTMAIL.COM,,,
30229104000133,WEARE ACCOUNTING AND BUSINESS MANAGEMENT,11,85479305,,,CONTATO@WEAREACCOUNTING.COM.BR,,,
42697432000143,NRT CONTABILIDADE,11,42106065,,,ATENDIMENTO@NRTCONTABILIDADE.COM.BR,,,
42710909000183,SILVESTRE & ALVES ASSESSORIA CONTABIL E EMPRESARIAL,11,60577001,,,LEONARDO.SILVESTRE.ALVES@GMAIL.COM,,,
43208335000102,,11,43957650,,,CONTATO@ACROSSCONTABIL.COM.BR,,,
43268824000150,FASPERCONT,11,63144032,,,DANILOFEITOSA.ARAUJO@GMAIL.COM,,,
43300197000197,RASO SERVICOS DE APOIO ADMINISTRATIVO,11,54756877,,,NUNES.LEANDRO95@GMAIL.COM,,,
43337417000157,,11,88415276,,,TR.CONSULT.CF@GMAIL.COM,,,
43338208000128,VIRTUDE,11,22926052,,,VALDELICE.P.OLIVEIRA@GMAIL.COM,,,
43513421000129,,11,24276043,,,CONTABILIDADE@SOLUCAOCONT.COM,,,
43551619000105,HBR CONTABILIDADE,11,61444185,,,LUCASTBSOARES@HOTMAIL.COM,,,
43597432000134,,11,25337782,,,CLUSTERCONTABIL@YAHOO.COM,,,
29747571000257,OLIVEIRAS CONTABILIDADE & CONSULTORIA EMPRESARIAL,11,53790322,11,52206720,SOCIETARIO@OLIVEIRASCONTABILIDADE.COM.BR,,,
43706800000135,,11,99435018,,,ROGERIO@JANDAIRA.COM.BR,,,
43748119000150,CAULECONT,11,40390404,,,CONTATO@CAULECONT.COM.BR,,,
43539060000190,SETFIN TECNOLOGIA FINANCEIRA,11,32744219,,,COMERCIAL@SETFIN.COM.BR,,,
41082764000150,MLB OFFICE CONTABILIDADE,11,29175153,,,CONTATO@MLBOFFICE.COM,,,
32589993000175,CONTABILIDADE REGULARIZA,11,23644138,,,CONTATO@CONTABILIDADEREGULARIZA.COM.BR,,,
36187646000177,CONTHABILIE,11,38169888,,,PARALEGAL02@CONTHABILIE.COM.BR,,,
36033885000172,,11,20501900,,,VALTERULISSES@UOL.COM.BR,,,
37235425000190,RBG CONTABIL,11,37212104,,,RUBENS@GRUPOROMA.COM.BR,,,
38448960000191,,11,22680004,,,WLARROYO@WARROYO.COM.BR,,,
36101312000139,BLANCO CONTABILIDADE,11,27769314,,,CONTATO@BLANCOCONTABILIDADE.COM.BR,,,
27250700000190,SILVEIRA & TOME CONTABILIDADE,11,34164114,,,LUCAS@GRUPOSTOME.COM.BR,,,
35240007000165,MNLI CONSULTORIA CONTABIL,11,26597502,11,61511090,FISCAL@MNLICONTABILIDADE.COM,,,
40359644000195,RODRIGO SOUZA CONTABILIDADE,11,82750779,,,RODRIGOSOUZACONTABILIDADE@GMAIL.COM,,,
34848299000150,,11,69165614,,,RICARDOCPROMERA@GMAIL.COM,,,
40807815000100,B3R CONTABILIDADE E ASSESSORIA,11,59901839,,,B3R@B3RCONTABILIDADE.COM.BR,,,
27923520000122,AGILE CONSULT,11,50965721,,,SANDRA@AGILECONT.COM.BR,,,
28560163000148,VEZTRA CONTABIL,9,68134000,,,CONTATO@VEZTRACONTABIL.COM,,,
32620529000102,INOVA TESE ASSESSORIA EMPRESARIAL,11,38543269,,,IDENOR@TESEASSESSORIA.COM.BR,,,
29224514000102,ADSUNT CONSULTORIA,11,74035188,,,MREGINAZUCCHI@YAHOO.COM.BR,,,
33034811000162,ADVANTAX CONTABILIDADE CONSULTIVA,11,31355679,,,CONTATO@ADVANTAX.COM.BR,,,
30938731000143,BLB BRASIL CONSULTORES SP,11,23065999,,,BLB@BLBBRASIL.COM.BR,,,
30580814000103,J.PAPA-CONTABILIDADE,11,33411203,,,PAPA2032@TERRA.COM.BR,,,
28250095000110,MATES CONSULTORIA & ASSESSORIA CONTABIL,11,27481827,11,63024993,MATES.ASSESSORIA@GMAIL.COM,,,
26788231000103,CONGALLI,11,34598410,11,96345996,CONTADOR@CONGALLI.COM.BR,,,
41580872000153,NP CONSULT,11,92400588,,,NILDAPARENTE10@GMAIL.COM,,,
32234975000170,,11,41171716,,,DPAULACONTABIL@DPAULACONTABIL.COM.BR,,,
38315754000103,,11,88095851,11,80982497,CONTATO@CFZIMMO.COM.BR,,,
30757305000103,,11,29369457,,,LEGALIZACAO@VIVAHCONTABIL.COM.BR,,,
29138268000176,ASR CONTABIL,11,41151591,,,ATENDIMENTO@ASRCONTABIL.COM.BR,,,
43859360000156,,11,91318159,,,CLAUNOGBAR@GMAIL.COM,,,
43944088000102,TRI-CUSTOS,11,85091665,,,FERNANDES_ANGELO21@OUTLOOK.COM,,,
44066517000159,MESTRE CONTABIL,11,56313761,,,MESTRE.CENTRALCONTABIL@GMAIL.COM,,,
44096844000153,HLA CONTABIL,11,28934872,11,30611365,ADM@HLACONTABIL.COM.BR,,,
43921573000160,POTENCIALIZE ASSESSORIA E CONSULTORIA CONTABIL LTDA,11,72706234,,,LIZIHANE.POTENZA@GMAIL.COM,,,
44257398000111,GRUPO INSITO,11,22951801,,,T.RODRIGUES@GRUPOINSITO.COM,,,
44259046000103,LEX CONTABILIDADE,11,98385464,0,0,ALEXARAUJOK@HOTMAIL.COM,,,
44282327000179,3 AO CUBO,11,32728394,,,CONTABIL@3AOCUBO.COM.BR,,,
44342778000154,LUCONT ASSESSORIA,11,48721480,,,LUIZPAULO@CONTABILIDADELUCONT.COM.BR,,,
44473377000133,E-FATOR7,11,33618850,,,PHILIPISAFRA@GMAIL.COM,,,
44598284000135,SANTA ELISA,11,36758892,,,CRISLEVY1@GMAIL.COM,,,
44612947000129,ALMEIDA S - CONTABIL,11,75148185,,,LUHALMEIDASOARES@GMAIL.COM,,,
44174023000198,QUATTRO CONTABILIDADE,11,11856083,11,23652519,QUATTROCONTABILIDADE@GMAIL.COM,,,
44788494000196,CONTPASS,11,13390803,0,0,CONTABILIDADEDIGITALPASSOS@GMAIL.COM,,,
44871779000196,,11,27699755,,,CONTATO@TAURUSCONTABILIDADE.COM.BR,,,
73562340000260,,21,25181833,21,22132707,LUMAR@LUMARCONTABIL.COM.BR,,,
45272535000150,ASAS CONTABILIDADE,11,87531870,0,0,RUAN.BUENO@OUTLOOK.COM.BR,,,
45273770000146,VISIONMEI,99,99999999,,,CONTATOVISIONMEI@GMAIL.COM,,,
45428777000190,RWG CONTABILIDADE,11,82934763,,,WLADEMIRSOUZA@HOTMAIL.COM,,,
45482597000196,CAPITAL QUALITY MAVC,11,39171574,,,MARCO_VIEIRACUNHA@HOTMAIL.COM,,,
45509074000196,,11,31701313,,,SOCIETARIO@PRIME-CONTABILIDADE.COM,,,
45820080000160,,11,38324284,11,21570413,RODOLFO@GGSERVICODECONTABILIDADE.COM.BR,,,
45964637000136,,11,20917530,,,LEGAL@CONTROLLOBPO.COM.BR,,,
46195506000102,DEFCON CONSULTORIA,11,48632985,,,DEFCON@DEFCONSOLUCOES.COM.BR,,,
46267822000134,SOUZA & MARQUES CONSULTORIA CONTABIL,11,49986962,0,0,ADAELSO@SMCONTABILIDADEONLINE.COM.BR,,,
46345861000102,SUED,11,74772223,,,ELIMAXICORREIA@GMAIL.COM,,,
46380426000119,,11,29672888,,,SOCIETARIO@KRSCONTABIL.COM.BR,,,
46387298000135,POTENCIALIZEI,11,14442512,,,CONTATO@POTENCIALIZEI.COM.BR,,,
46451351000110,FUNCHAL CONTABILIDADE LTDA,11,30425555,,,CONTATO@FUNCHALCONTABILIDADE.COM.BR,,,
46335658000155,CAMPUS CONTABILIDADE,11,83577398,,,CONTATO@CAMPUSCONTABILIDADE.COM.BR,,,
46575257000172,,11,81400747,,,CLBCONTABILETRIBUTARIA@GMAIL.COM,,,
46691401000136,LOGICA ASSESSORIA CONTABIL,11,94092810,0,0,FELIPE@LOGICAASSCONTABIL.COM.BR,,,
46701007000131,G SANTOS CONTABIL,11,83374412,,,GSANTOSCONT@GMAIL.COM,,,
46763233000147,,11,56323733,,,CONTROLADORIA@CROWE.COM.BR,,,
46768087000142,RODRIGO REIS,11,45567337,0,0,ROD.REIS2017@GMAIL.COM,,,
46879397000134,,11,54828000,0,0,MACIELNOSBOR@YAHOO.COM,,,
46898111000168,KALCULEI CONTABILIDADE,11,44201736,11,79589355,KALCULEICONTABILIDADE@GMAIL.COM,,,
46906742000181,MOITINHO CONTABIL,11,55280250,,,MOITINHOCONTABIL@GMAIL.COM,,,
46940137000127,MARCANTE SERVICOS CONTABEIS E TRIBUTARIOS,11,48149293,0,0,CANTERO19031977@GMAIL.COM,,,
46958810000156,TEIXEIRA ASSESSORIA EMPRESARIAL CONTABIL,11,51206266,0,0,DAAI.CRISTINA@HOTMAIL.COM,,,
46975895000180,A&S,11,24638880,,,WAGNER.ARGIBE@ADV.OABSP.ORG.BR,,,
47042039000135,,11,51752772,0,0,CAROLHS_@HOTMAIL.COM,,,
47212115000103,CONTABILIZANDO CONTABILIDADE,11,89113140,,,BACCONTABILIDADEEMPRESARIAL@GMAIL.COM,,,
47217840000174,KATO CONTABILIDADE,11,81873912,0,0,EUNICE.KATO@HOTMAIL.COM,,,
47272647000136,ZEN CONTABILIDADE,11,37432944,,,CONTATO@ZENCONTABILIDADE.COM.BR,,,
47425464000103,DETECTABIL CONTABILIDADE,11,99111986,,,CONTATO@DETECTABIL.COM.BR,,,
47435111000194,C.V.G CONSULTORIA,11,20902080,11,96018036,CATHERINEGUEDES@GMAIL.COM,,,
24246011000203,,11,56323733,,,CONTROLADORIA@CROWE.COM.BR,,,
47685650000181,,11,96380581,,,VANDERLI.RZACONT@TERRA.COM.BR,,,
47872705000162,ANDREZA PRADO LTDA,11,63462532,0,0,ANDREZASPRADO@YAHOO.COM.BR,,,
47882093000199,MD CONTABILIDADE,11,73747512,,,CONTATO@MADCONTABILIDADE.COM.BR,,,
47963602000108,MEG LEGAL GESTAO CONTABIL,11,59024995,0,0,EDMUNDO.DSILVA92@GMAIL.COM,,,
47977712000129,JP CONSULTORIA,11,64707668,,,JACKSON@JPTRIBUTARIOJURIDICO.COM.BR,,,
48095383000155,LEYB CONSULTING,11,44201644,,,CONTATO@LEYBCONSULTING.COM,,,
48108182000145,RD CONTABILIDADE DIGITAL,11,86815696,,,PAH-SOUSA@HOTMAIL.COM,,,
41076717000285,BPS4 ACCOUNTING,21,35532229,,,FINANCEIRO@BPS4.COM.BR,,,
48291946000180,,11,87663988,,,CONTATO@HG2N.COM.BR,,,
48464961000183,JCF CONSULTORIA TECNICO CONTABIL SOCIEDADE UNIPESSOAL L,11,45424134,,,FER.CLAUDIOJR@GMAIL.COM,,,
48583369000109,RAMOS & SOUZA,11,43060244,,,RAMOSSOUZA@RAMOSSOUZA.CNT.BR,,,
48584231000116,,11,96188063,0,0,O.ANTONIOLI@YAHOO.COM.BR,,,
48598693000192,ASO CONSULTORIA E ASSESSORIA EM SERVICOS CONTABEIS,11,51314761,0,0,ANDRESA.OLIVEIRA95@HOTMAIL.COM,,,
48620741000100,,11,58791994,,,KASSIA.TURATO@OUTLOOK.COM.BR,,,
48649377000100,,11,40071219,,,CONTRATOS@RUSSELLBEDFORD.COM.BR,,,
48778798000123,RSC CONSULTORIA E CONTABILIDADE,11,76580549,,,RPUBLICAS@SC9-CONSULTORIA.COM.BR,,,
48820359000131,DRA CONTABIL,11,65815186,,,DRA.CONTABIL@HOTMAIL.COM,,,
48978760000102,TR SOLUCOES,11,67732757,,,CONTATO@TRCONTABIL.COM.BR,,,
49034170000186,WFX CONSULTORIA EMPRESARIAL,11,33333333,,,BRASYL@MYMAIL.COM,,,
49145091000142,,11,50263535,,,LEGALIZACAO@LINKCONTABIL.COM.BR,,,
49188578000102,ESMERA CONTABIL,11,58034818,0,0,GERCY.OLIVEIRA@ESMERACONTABIL.COM.BR,,,
49214369000196,MANABE CONTABILIDADE EMPRESARIAL,11,40658389,0,0,MANABECONTABILIDADE@GMAIL.COM,,,
49226571000138,,71,88248338,,,CACPEREIRAJR@GMAIL.COM,,,
49228177000139,,11,84154727,,,BARBARA@SOARESECHELES.COM.BR,,,
49519310000106,BPC ASSESSORIA CONTABIL,11,96310257,0,0,BEATRIZP324@GMAIL.COM,,,
49520792000114,,11,20904570,,,PARALEGAL@MFCO.COM.BR,,,
49718437000154,MCA ASSESSORIA CONTABIL,11,93503665,11,54373472,ASSESSORIACONT.MCA@GMAIL.COM,,,
49809161000110,TCONT,11,47280693,0,0,THAISS.CONTATO@HOTMAIL.COM,,,
49856840000140,BRANDAO & OLIVEIRA CONTABILIDADE,11,99999999,,,MEUCNPJBRANDAOEOLIVEIRA@GMAIL.COM,,,
49874580000135,NK ACCOUNTING,11,81585190,0,0,RENE.DOERN@GMAIL.COM,,,
49920742000124,,11,45639674,,,NOVAFASESEJVSERVICOS@YAHOO.COM.BR,,,
49943782000191,,11,55631961,11,33843441,FISCAL@CRUZEGOMES.COM.BR,,,
50123236000193,CAMINHO CERTO CONTABILIDADE,11,83399043,,,MCSILVA.LIMA.25@GMAIL.COM,,,
3700040000487,,49,35337700,,,CNPJ@TROIANET.COM.BR,,,
50042293000148,WBV,11,22056180,,,WBVCONTABILIDADE@GMAIL.COM,,,
50276306000143,CONTFLOW CONTABILIDADE ESTRATEGICA,11,51250887,,,CONTATO@CONTFLOWCONTABIL.COM.BR,,,
50617538000118,,11,20712989,,,PATYFBARCA@GMAIL.COM,,,
50647596000194,MEDICONTAB ASSESSORIA CONTABIL LTDA,11,36611887,,,LUCIAIWAI@GMAIL.COM,,,
50663448000163,,11,36722805,,,CONTABIL@VINCIEBARAU.COM.BR,,,
16454568000465,,11,56323733,,,CONTROLADORIA@CROWE.COM.BR,,,
50820085000122,,11,86729635,,,MAINACONTABIL@GMAIL.COM,,,
50912415000100,MARQUES ASSESSORIA CONTABIL,11,93777001,,,MARQUESASSESSORIACONTAB@GMAIL.COM,,,
50956045000102,BEESSE CONTABIL,11,32943250,,,BEESSECONTABIL@BEESSECONTABIL.COM.BR,,,
50969631000191,EN CONTABIL,11,39596583,,,CONTATO@ERICANEGREIROS.COM.BR,,,
51025790000109,,11,99999999,,,BRUNOHBBUENO@OUTLOOK.COM,,,
51045055000159,EXCCON,11,20486871,,,EDSONLLIRA@YAHOO.COM.BR,,,
51045394000135,RS CONTABILIDADE DIGITAL LTDA,11,84092478,0,0,ROSEANA237@GMAIL.COM,,,
51097182000100,,11,99999999,,,CONTATO@BHUB.AI,,,
51124074000170,CARTHAGO CONTABILIDADE,11,88450941,,,CARTHAGOCONTABILIDADE@GMAIL.COM,,,
51202247000121,VENCER CONTABIL,11,84073049,0,0,CONTATO@VENCERCONTABIL.COM.BR,,,
51225552000139,F. FERNANDES ASSESSORIA,11,71970471,0,0,FERNANDA.DES123@GMAIL.COM,,,
51233176000124,M2S SERVICOS CONTABEIS,11,71300381,0,0,BRENNOLUISPERINI@GMAIL.COM,,,
51322251000123,FINANCIAL PRIME SERVICOS CONTABEIS,19,50542996,,,CONTROLADORIA@FINANCIALPRIME.COM.BR,,,
51419119000134,INSIDE CONTABILIDADE,11,47495478,0,0,ENDDRIGOCRISTIANO@HOTMAIL.COM,,,
51446853000192,RGCONT CONTABILIDADE,11,71132181,,,RODRIGOGCANO02@GMAIL.COM,,,
51516091000153,ACO APO JR GESTAO,11,93527343,,,ACO.APOZ@GMAIL.COM,,,
25055751000217,ORIZON DOCS,11,77120035,,,CONTATO@ORIZONDOCS.COM,,,
51601611000126,CONTAIQ,11,45433827,,,FISCAL@CONTAIQ.COM.BR,,,
51614406000103,R SOUZA CONTABILIDADE,11,73069416,0,0,ROSE_M_RENA@TERRA.COM.BR,,,
51655539000110,SCK CONT,11,99744222,,,SCK@SCKCONT.COM.BR,,,
51673905000163,,11,36631915,,,LEGAL@NOTARICONTABIL.COM.BR,,,
51850504000131,CONTALEAO CONTABIL,11,74259913,,,CONTABILIDADE@CONTALEAO.COM.BR,,,
52032392000174,,11,33267027,,,LEGAL@SERVIPLUS.COM.BR,,,
52139462000198,CONTATLANTIS,11,23865463,,,CLEYTONWSSANTOS@GMAIL.COM,,,
52151010000121,CONTACHAMBERS,11,54591696,,,BRUNOFRANQUIA@GMAIL.COM,,,
52181635000136,CONTAOSIRIS,11,16548147,,,R.ALMEIDASILVA33@GMAIL.COM,,,
52275539000157,APSCONT,11,70602774,0,0,ANAPFARONI@HOTMAIL.COM,,,
52284284000199,SANDER SOLUCOES,11,48585654,0,0,KAUAN.SANDER@GMAIL.COM,,,
52402418000129,APRIORI BRAZIL,11,96483434,,,CELIO.LUCATI@APRIORIBRAZIL.COM,,,
52419871000148,J.A.S CONSULTORIA,11,44206000,,,REGULATORIO@SOUZAMAAS.COM.BR,,,
52458285000102,CONTABIL PLAY,11,26268543,,,CONTABIL@CONTABILPLAY.COM.BR,,,
52462540000190,,11,47865555,0,0,ALEXMADUREIRA@HOTMAIL.COM,,,
52541799000127,2DUE GROUP,11,70425548,,,LUZGUILHERMEA@GMAIL.COM,,,
52565295000147,NLIMA CONSULTORIA,11,82345493,11,77165793,FINANCEIRO@NLIMACONSULTORIA.COM.BR,,,
52589673000122,GRUPO MAZZEI,11,42148260,,,CONTATO@MAZZEICONTABIL.COM.BR,,,
12990635000243,,92,91026977,,,RCALVENTE@WREMPRESARIAL.COM.BR,,,
52907404000167,KINSEY BR,11,66227109,,,NKEU@HOTMAIL.COM,,,
52980301000122,,11,47020206,0,0,MARCOS.GARCIA.SANCHES@HOTMAIL.COM,,,
53014556000101,,11,50798588,,,ERNESTOHIDEKI@TERRA.COM.BR,,,
53121691000148,HECATE ASSESSORIA,11,34741777,,,HECATE.HORUS777@GMAIL.COM,,,
53275128000124,AIVE NEGOCIOS FINANCEIROS,11,42000999,,,FISCAL@AIVENEGOCIOS.COM.BR,,,
53415557000150,CAP SERVICOS CONTABEIS,11,58225199,0,0,CICERO01ALENC@GMAIL.COM,,,
53521053000114,,11,86904244,,,RICARDO.PRADO@RPKR.COM.BR,,,
53545743000103,,11,47699112,0,0,RENATA.CHIUCHI@UOL.COM.BR,,,
53660152000187,PATRIS CONSULTORIA,11,83271992,0,0,GERSONSFIG@GMAIL.COM,,,
53680965000139,R10 CONTABILIDADE E SERVICOS ADMINISTRATIVOS,11,82367280,0,0,RITABHONORATO@GMAIL.COM,,,
53760269000132,DM&C CONSULTORIA,14,91128542,0,0,DMCIARDELLA@GMAIL.COM,,,
53823064000159,,11,99999999,,,ADMINISTRATIVO@CONSULTORIAVISAO.COM.BR,,,
53873467000102,FORREST CONTABILIDADE E CONSULTORIA,11,96081039,,,EDSONCONTADOR@OUTLOOK.COM.BR,,,
53914553000116,RK SERVICOS CONTABEIS E ADMINISTRATIVOS LTDA,11,68424081,,,KATIA.3380@GMAIL.COM,,,
54330988000186,SF - CONSULTORIA E AUDITORIA CONTABIL,11,44429439,0,0,CONTATO@GRUPORECONTA.COM,,,
51516436000179,,11,26710087,,,VALTERDIDONATO@YAHOO.COM.BR,,,
54437921000145,GWE CONTABILIDADE,11,75144397,0,0,GISLAINE.NEVES@FIPECAFI.EDU.BR,,,
54505286000196,MAGNIFICAT,11,62982871,0,0,SKALETEBRUNELLI@GMAIL.COM,,,
54533160000125,LF CONTABILIDADE,11,59215106,,,LFCONTABILIDADE.FIGITAL@GMAIL.COM,,,
54547176000197,PEARSON ASSESSORIA,11,84505661,11,47161454,CONTABIL@PEARSONCONTABIL.COM.BR,,,
54697705000139,ICONTABIL,11,62871206,,,CONTATO@ICONTABILDIGITAL.COM.BR,,,
54719149000154,INFINITA SOLUCOES CONTABEIS E SERVICOS EMPRESARIAIS,11,50590542,0,0,CNPJ@INFINITACONTABILIDADE.COM,,,
54789225000106,ECMME,11,84205790,0,0,MAGDAZANATA2016@GMAIL.COM,,,
54894988000109,,11,38048636,,,ANDREIA@CONTABILYOSHIDA.COM.BR,,,
54928043000160,,11,83921175,,,SEGUE@SEGUEASSESSORIA.COM.BR,,,
55013224000120,CF PLANNING,11,83231755,0,0,CONTABIL26.JJ@GMAIL.COM,,,
55101189000109,DIFERENCIAL SERVICOS ADMINISTRATIVOS E DE CONTABILIDADE,11,62412666,,,DFRSCONTABIL@HOTMAIL.COM,,,
55582656000151,CONTABILIDADE PARA AS EMPRESAS,11,70741135,0,0,RAIMUNDODEBRITOCONTADOR@GMAIL.COM,,,
55586351000118,EXECUTE CONSULTORIA,11,99188700,0,0,WILDEZ03@HOTMAIL.COM,,,
55816743000126,TARGET SOLUCOES,11,33336161,,,CONTROLADORIA@TARGETSOLUCOES.NET,,,
55913226000175,TRM CONTABILIDADE,11,93108165,11,37214211,RAGAZZI.THIAGO@GMAIL.COM,,,
56091453000125,RB'S ASSESSORIA EMPRESARIAL EI,11,20837412,,,RB_SEMPRESARIAL@HOTMAIL.COM,,,
28387388000578,LOBE CONSULTORIA,62,36262105,,,DIRETORIA@LOBECONSULTORIA.COM.BR,,,
75459115000300,,44,40035412,,,ADMINISTRATIVO@ECLCONECTA.COM,,,
56927920000104,KUAIJI,11,50378524,0,0,ALESSANDROSM.CONTABIL@GMAIL.COM,,,
56985983000117,TIVERAN CONTABIL,11,84013867,0,0,TIVERAN@GMAIL.COM,,,
57076867000148,C.R. CARVALHO,11,47501524,,,CELIA@CRCM.COM.BR,,,
57081314000183,FF CONSULTORIA CONTABIL,11,30428270,,,JULIANA@FFAUDITORIA.COM.BR,,,
53814789000180,ALS CONTADORES,11,35111140,,,SECRETARIA@ALSCONTADORES.COM.BR,,,
57197651000130,,11,81868735,0,0,DANILO.NUNES720@GMAIL.COM,,,
57247747000166,FATTO CONTABILIDADE E CONSULTORIA,11,20631995,,,CONTABILIDADE@FATTOCONSULTORIA.COM,,,
57248039000140,MH SERVICOS CONTABEIS,11,36852055,,,MEYRE.CONTABILIDADE@GMAIL.COM,,,
57257546000140,SCIRE CONSULT,11,84039270,,,SCIRECONSULT@OUTLOOK.COM,,,
46555361000103,ERJ ACCOUNT ASSESSORIA CONTABIL TRIBUTARIA,11,44764111,,,SOCIETARIO@ERJACCOUNT.COM,,,
57523258000190,HIRO CONTABILIDADE,11,86554353,,,HIROCONTABILIDADE@GMAIL.COM,,,
57612431000126,CONTABILIDADE OPCAO A,11,72450137,0,0,CONTABILIDADEOPCAOA@HOTMAIL.COM,,,
57920417000190,AHS ESTRATEGIA CONTABIL,11,81624617,0,0,AHSESTRATEGIACONTABIL@GMAIL.COM,,,
58027481000109,FIVE YEARS CONSULTORIA,11,26920253,,,ECVARALLO@GMAIL.COM,,,
58043590000110,IQB CONTABILIDADE,11,40299093,0,0,IVANEIQUEIROZ@HOTMAIL.COM,,,
23277152000212,,21,23239229,,,FISCAL@EXPERTISA.COM.BR,,,
58084372000123,LYRA CONTABIL,11,22330838,11,22330956,LYRACONTABIL@HOTMAIL.COM,,,
58119614000177,APXA CONTABILIDADE,11,41373334,0,0,ANA.XAVIER.APX@GMAIL.COM,,,
58142237000197,JR CONTABIL,14,81518626,0,0,JR.CONTABILSP@GMAIL.COM,,,
58147981000184,STELLAR,11,85304948,,,LUISHVIOLANTE@GMAIL.COM,,,
58221891000196,,11,71555250,,,LEIDIANESAN@HOTMAIL.COM,,,
58316255000148,MP CONTABIL,11,98006579,,,MAURICIOPALUGAN@GMAIL.COM,,,
58329958000100,A NOSSA CONTABILIDADE,11,50261999,,,CONTATO@ANOSSACONTABILIDADE.COM.BR,,,
58655731000155,,11,64693313,,,LIG_LIGY@YAHOO.COM.BR,,,
58691491000144,,11,55540377,,,MARCELO@MARTINSCOSTACONTABIL.COM.BR,,,
58741929000151,HEALTH CARE II,11,25383681,,,LEGALIZACAO@HEALTHCAREONTABILIDADE.COM.BR,,,
58882973000181,,11,98745017,,,CSSKA2007@GMAIL.COM,,,
58958852000176,SOLUTHAN SOLUCOES CONTABEIS,11,65206957,11,65206957,NATHANAMORIM17@HOTMAIL.COM,,,
58986998000125,,11,87122835,11,87122835,ALE04SANTOS@HOTMAIL.COM,,,
59055922000149,,27,33337777,,,INTERNET@RICARDO.ADV.BR,,,
59222584000192,VZ CANDIDO CONTABILIDADE DIGITAL,11,75251408,,,VZCANDIDO@GMAIL.COM,,,
59392737000140,,11,86521496,,,COMERCIAL@NOOVACONTABIL.COM.BR,,,
59444510000109,HIGH QUALITY CONTABIL,11,14629716,,,HIGHQUALITYCONTABIL@GMAIL.COM,,,
59476187000147,,11,25921697,,,OLIVEIRAGAB@HOTMAIL.COM,,,
59643804000151,,11,42347242,11,42347242,RENAN.CONTABIL@UOL.COM.BR,,,
59377619000162,CONTICORE,11,86173548,,,CONTABILIDADE@CONTICORE.COM.BR,,,
59713796000172,,11,79593520,11,79593520,GISLENEWSOUZA@GMAIL.COM,,,
59739026000107,,11,89196862,,,CAMILA_AFERREIRA@YAHOO.COM.BR,,,
41867985000215,,47,33045979,,,CONTATO@COLINEAR.COM.BR,,,
59934820000101,MMB ACCOUNTING,11,51929085,,,GABRIEL.OZANIQUE@RVMLAW.COM.BR,,,
59946852000119,EXCEPCIONAL CONTABILIDADE CONSULTIVA,11,40153979,,,RADAMES@MENEGHETTI.COM.BR,,,
60014775000148,PODERATIVO,11,73123627,,,ADRI.BELLOMO@HOTMAIL.COM,,,
60053141000102,EPG ASSESSORIA CONTABIL,11,42265998,11,42265998,PROTESTATO.ELOA@GMAIL.COM,,,
60104479000138,SOLIDARE CONTABIL,11,85214886,11,85214886,ALETRAVEL15@GMAIL.COM,,,
60105364000168,ASSESSORIA E CONSULTORIA CONTABIL & FISCAL,11,34449679,,,GW.CONTABIL2025@GMAIL.COM,,,
60229975000118,ACCURATE BRASIL CONTABILIDADE,43,32589981,,,BETO@ACCURATEACS.CO.UK,,,
60287819000103,,11,58406942,,,ADM@CLINTABIL.COM.BR,,,
60303510000160,,11,12345678,,,KEROL.JO.LA@HOTMAIL.COM,,,
60408808000134,,11,34901217,,,DIOGOSANDOVAL@HOTMAIL.COM,,,
60450561000114,,11,96001232,,,CONTATO@NEWENTER.COM.BR,,,
60495873000144,ORIZZONTE CONTABIL,11,52286602,,,ORIZZONTECONTABIL@GMAIL.COM,,,
49998372000148,,11,47099525,,,CONTATO@CONECTADACONTABILIDADE.COM.BR,,,
60612169000124,PD CONTABIL,11,94587366,,,CONTADORADIAS@OUTLOOK.COM,,,
60730922000186,DIAS & SILVA CONTABILIDADE,11,13294415,,,PAMELADIASDS.CONTABIL@GMAIL.COM,,,
60788565000107,K&M ASSESSORIA E CONSULTORIA,11,98443111,11,99844311,MARCELO.IRPF@TERRA.COM.BR,,,
60892687000149,CONFDIGITAL,11,21552155,,,CONFIDENCE@CONFIDENCE.COM.BR,,,
60942641000197,SHIELD CONTABILIDADE,11,23395564,,,FINANCEIRO@ATIVOREASSET.COM,,,
60961001000124,MV CONTABILIDADE LTDA,11,46530775,,,PATRICIADOSSANTOSAGUILAR@YAHOO.COM.BR,,,
60979676000109,VIZIER ESCRITORIO DE CONTABILIDADE EMPRESARIAL,11,97965024,,,VIZIER.EC@GMAIL.COM,,,
61057317000159,GESTAO E LIDERANCA CONTABIL,11,93643500,,,CONTATO.GLCONTABIL@GMAIL.COM,,,
61065218000119,GRUPO SOUL CONTABILIDADE,11,63025763,,,CONTABILIDADE@GRUPOSOUL.COM.BR,,,
28772578000266,,69,81223671,69,81023937,ANDRE@CARVALHO-RO.COM,,,
23693622000229,REAL ASSESSORIA CONTABIL,15,32182648,,,LEGALIZACAO@REALSOROCABA.COM.BR,,,
61283159000155,ELC CONTABILIDADE,11,83609299,,,C_ELISANGELA@TERRA.COM.BR,,,
61302164000168,WFERREIRA,11,31293880,,,WCFERREIRA@YAHOO.COM.BR,,,
61403475000113,,11,47223241,,,SHCRISTINA75@HOTMAIL.COM,,,
61416505000126,,11,94487257,11,94487257,VCAMPOSVCAMPOS@HOTMAIL.COM,,,
61432482000143,CONEXAO PAULISTA CONTABILIDADE,11,53641513,,,GABRIELA.MMOLINARI@GMAIL.COM,,,
60516798000150,VITALGAP,11,43551981,,,GESTAOEMPRESARIAL.GAP@GMAIL.COM,,,
61518753000188,LB ASSESSORIA CONTABIL,13,88127706,,,LBASSESSORIACONTABIL@OUTLOOK.COM,,,
61521403000170,AMARAL E CASTRO ASSESSORIA CONTABIL,11,92093522,,,CONTATO@AMARALECASTRO.COM.BR,,,
44716811000169,MELLO E FERRAZ CONSULTORIA CONTABIL,11,86617582,,,CONTATO@MELLOEFERRAZ.COM.BR,,,
61603483000103,,11,71932831,11,74299276,MPCCONTAB@GMAIL.COM,,,
60297013000104,,11,42376480,,,ZENARI@ZENARI.COM.BR,,,
61685354000101,,11,21738000,,,BRDOMINGOS@HOTMAIL.COM,,,
61707025000114,,11,23734748,,,DAVICONTABIL13@GMAIL.COM,,,
61771031000130,,11,83308044,,,FERREIRAED792@GMAIL.COM,,,
61772447000173,,11,97571623,11,97571623,GMVAZ@UOL.COM.BR,,,
61784355000103,MOEDA,11,19268882,,,CINTIA@MOEDA.FINANCE,,,
61904836000105,EXIS CONTABILIDADE INTELIGENTE,11,91301976,,,COMERCIAL@EXISCONTABILIDADE.COM,,,
44563634000128,ERICK ASSESSORIA CONTABIL - SERVICOS ON-LINE,11,58644498,,,ERICK.ASSESSORIACONTABIL@GMAIL.COM,,,
54155671000150,HAVA CONSULTORIA CONTABILIDADE CONSCIENTE,11,82642938,,,ASSESSORIAHAVACONTABILIDADE@GMAIL.COM,,,
61980332000174,EHM SOLUTIONS,11,70906828,,,ADMINSITRATIVO@EHMSOLUTIONS.COM.BR,,,
62009825000124,AUTOMATIZEI,92,91531523,92,91531523,PERESOS@ICLOUD.COM,,,
62117359000109,CONTABILIDADE BORSOI,11,36418910,,,MARCOS@BORSOICONSULTORIA.COM.BR,,,
62144671000183,CONTIME,11,86409551,71,83500751,CONTATO@CONTIMEBR.COM,,,
62410081000155,,11,63538552,,,ELPEE.CONTABILIDADE@GMAIL.COM,,,
62463805000129,CLB SERVICOS CONTABEIS,11,59747280,11,59747280,CLEBER.PSILVAA@OUTLOOK.COM,,,
62512685000102,ELLA'S ASSESSORIA CONTABIL,11,83706975,,,CONTABIL.ELLASDIRETORIA@GMAIL.COM,,,
21823300000493,ACERTTA CONTABILIDADE E NEGOCIOS,84,33464636,,,CONTATO@ACERTTACONTABILIDADE.COM.BR,,,
62781800000144,,11,51578761,11,,A.CONTABILEFREITAS@GMAIL.COM,,,
62800422000107,NOBLEX INTELIGENCIA CONTABIL,11,52004084,,,CONTATO@NOBLEXCONTABILIDADE.COM.BR,,,
62958225000102,MARIA GABRIEL ASSESSORIA PREVIDENCIARIA E CONTABIL,11,99798981,,,MGABRIELCONTABIL@GMAIL.COM,,,
63149846000108,SPERTAX CONTABIL,11,81418582,11,81418582,MARCUS-SPERANDIO@UOL.COM.BR,,,
63238732000134,HB ARAUJO CONTABILIDADE,11,22964028,,,HBARAUJO@UOL.COM.BR,,,
41246946000209,ALLDAX CONSULTORIA E CONTABILIDADE,61,30313100,,,SOCIETARIO@ALLDAX.COM,,,
63446458000199,CONFIA ASSESSORIA CONTABIL,11,45124502,11,94034069,ATENDIMENTO@CONFIAASSESSORIA.COM,,,
63454659000138,ROCKET CONTABIL,11,30789803,,,FINANCEIRO@ROCKETLAWYER.COM.BR,,,
63552037000142,,11,32547504,,,ROBERTO.BIAVA@ROBERTOBIAVA.ADV.BR,,,
63563718000106,2TAX CONTROLADORIA E CONTABILIDADE LTDA,11,48873858,,,FERNANDA@2TAX.COM.BR,,,
63640816000108,C A MUTSUMI BABAOKA CONSULTORIA CONTABIL,11,40362408,,,CCONTABILIDADEME@BOL.COM.BR,,,
63776757000191,,11,39382335,11,76905325,JULIO1956GONCALVES@GMAIL.COM,,,
63811452000173,,11,75429330,11,75429330,DIEGO.HENRIQUE321@GMAIL.COM,,,
63936657000185,REDIMASTER CONTABIL,11,36721754,11,45214216,ARMANDO@MASTERSISTI.COM.BR,,,
64091816000150,CONTADOR BRUNO,11,51604937,,,BBARROS.CONTABIL@GMAIL.COM,,,
64468636000145,CONTABDIGIT,11,26363569,,,MIGUEL@HERRERASGONZALEZ.COM.BR,,,
64518904000196,DBG SOLUCOES CONTABEIS,11,63842567,11,63842567,DAYANEBISPO4@GMAIL.COM,,,
64602571000189,FK CONTABIL,11,88708685,,,FORTKNOXCONTABIL@GMAIL.COM,,,
64625248000120,CARVALHO & CASTRO CONTABILIDADE LTDA,13,97714751,13,97714751,MANDA.CARVALHO@LIVE.COM,,,
64965953000177,UCHOA CONTABILIDADE & CONSULTORIA,11,49697544,11,49697544,DEBORARODRIGUES255@GMAIL.COM,,,
65001191000151,DIGITAL INFINITY ASSESSORIA EMPRESARIAL LTDA,11,66424011,,,LUCIENE.ASSESSORIA@HOTMAIL.COM,,,
65018164000191,,11,97913959,,,MAURICIO.GOL@HOTMAIL.COM,,,
65213820000107,,11,60116644,11,60116644,LEOFERNANDESCONTABILIDADE@GMAIL.COM,,,
65251306000166,DLL,11,82418727,11,82418727,CONTABIL.ERIKA@HOTMAIL.COM,,,
65362817000155,YAMA ADVISORS LTDA,11,85267318,11,,BRUNOYM@HOTMAIL.COM,,,
65499240000128,NACCA CONSULTORIA,11,33998888,,,CONTATO@NACCACONSULTORIA.COM.BR,,,
65504947000185,LAPA CONTABILIDADE,13,96419100,13,96419100,CONTATO@LAPACONTABILIDADE.COM,,,
65573996000170,GOMES CONTABILIDADE,11,38071396,,,ADM.GOMES@TERRA.COM.BR,,,
65624340000139,,11,69054614,,,,,,
65656355000189,VWM CONTABIL,11,73758422,,,VINICIUSWINKLER@VWMCONTABIL.COM.BR,,,
62172711000109,,11,33220795,11,54751485,REISITAMARA@GMAIL.COM,,,
65892144000145,FENIX CONTABILIDADE MEDICA,11,48177776,,,AVMENDONCA1203@GMAIL.COM,,,
66040815000102,,11,55752328,,,CIPRIANO.PERITOJUDICIAL@GMAIL.COM,,,
66091826000111,PEJOTAPRO,11,54611010,,,PEJOTAPRO@EVVOEMAIL.COM.BR,,,
66151384000151,DMDS CONSULTORIA,11,87531518,11,87531518,DEBORAH_MDS@HOTMAIL.COM,,,
66171071000165,,11,89134754,11,89134754,IVETEDENANI@GMAIL.COM,,,
66313647000181,GABRIEL VICENTE DE SOUZA CONTABILIDADE,11,86754354,,,GABRIELVICENTEDESOUZA.BR@GMAIL.COM,,,
66327674000103,,11,48412981,,,DPCONTABILIDADE02@GMAIL.COM,,,
66494362000194,,11,56080225,,,PERITO.ALEXANDREWAGNER@GMAIL.COM,,,
66545942000163,TS CONT,11,88198574,11,88198574,THAISDSSILVA14@GMAIL.COM,,,
66675593000102,AB CONTABILIDADE,11,53813743,,,AB.CONTABILIDADE11@GMAIL.COM,,,
66716006000178,,11,53043020,,,FELIPE@AKESSAN.COM.BR,,,
66843412000100,T&M ASSESSORIA,11,20928349,,,RIOSAMPA@RIOSAMPACONTABIL.COM.BR,,,
66912419000128,,11,90000000,,,CONTABIL@BMSCONSULT.COM.BR,,,
66924637000182,MFELIX ASSESSORIA E CONSULTORIA CONTABIL,11,40194236,11,34141233,MFELIXCONTABIL@GMAIL.COM,,,
67026956000133,,11,73210872,11,73210872,ERALDOLEITEE@GMAIL.COM,,,
67055944000137,,11,52445401,,,SANOSSOLUCOES@GMAIL.COM,,,
67147368000158,ALMEIDA ADVISORY,11,60626406,11,60626406,ALLEXANDRE.SOUZA.ALMEIDA@GMAIL.COM,,,
67222735000130,CONTALOGOS,11,33269394,,,CONTATO@CONTALOGOS.COM,,,
67548036000185,GERCAN ASSESSORIA CONTABIL,11,38320580,11,57833800,BROZ@RBROZ.COM.BR,,,
67114745000152,GRS SERVICOS CONTABEIS,11,89350043,,,GRSSERVICOCONTABIL@GMAIL.COM,,,
67702576000171,CANDIDO ALCANTARA CONTABILIDADE E ASSESSORIA,11,67192704,,,CONTABILIDADE@CANDIDOALCANTARA.COM.BR,,,
67758908000130,EXPERT ROXO,13,97818760,,,EXPERTROXO@GMAIL.COM,,,
67829013000149,PRADO CONTABIL & FINANCEIRA,11,71911991,,,MAH.PRADO@UOL.COM.BR,,,
67829071000172,CEDRO CONTABIL BRASIL,11,93350970,11,93350970,JCS1CONTABILIDADE@GMAIL.COM,,,
67830832000106,,11,50033141,11,88930893,HALIETO.CONTABILIDADE@GMAIL.COM,,,
67860715000195,NAO CONTABILIZE,11,41608038,,,GRACIELE.OLIVEIRA@NAOCONTABILIZE.COM.BR,,,
66654615000140,,11,26743542,,,AXIOS@AXIOSCONSULTING.COM.BR,,,
2168317000329,F & T CONTABILIDADE,11,36418064,,,TOTH@TERRA.COM.BR,,,
68389132000190,HRR SOLUCOES,11,76749757,,,ICONTHUB@GMAIL.COM,,,
68394813000147,SIMPLES ASSIM CONTABILIDADE DIGITAL,69,92942750,69,81023937,ANDRECARVALHO.RO@GMAIL.COM,,,
68395673000121,RT2,11,55363377,,,RT@RTSP.COM.BR,,,
68449741000198,FA CONSULTORIA INTEGRATIVA,71,88703312,71,88703312,FERNANDA@GPCONTABILIDADE.COM.BR,,,
3305556000184,,11,61410990,,,,,,
4946958000120,,11,33262532,,,flarosa@terra.com.br,,,
4950619000118,SELETOS - ASSESSORIA EMPRESARIAL,11,29146922,,,SELETOSCONTABILIDADE@UOL.COM.BR,,,
4968449000107,,11,67832272,,,thp@uol.com.br,,,
3332615000103,OGM CONTABEIS,,,,,,,,
4986759000146,,11,55833688,11,55833688,apta@apta-consultoria.com.br,,,
4989510000194,ATTUALE CONSULTORES CONTABEIS,11,37291170,,,MARIA@ATTUALECONTABILIDADE.COM,,,
1733218000118,,,,,,,,,
3388788000143,CONTABILIDADE SANTA MARINA,11,61981352,11,69412753,jfarnezi@uol.com.br,,,
3394026000150,,11,50319333,,,CONTALC@CONTALC.COM.BR,,,
5078953000196,CEP - KIASS CONTABILIDADE,11,58732733,,,,,,
235250000100,,,,,,,,,
1878386000100,,11,55428806,11,55420557,CONTATO@BRANDAOEENDO.COM.BR,,,
3573312000182,ROLIM & ASSOCIADOS,11,37313109,11,37314293,andre@rolimassociados.com.br,,,
3588531000135,,11,38582295,,,,,,
306495000181,,11,26793011,,,SUELI@CONSULTAB.COM.BR,,,
309225000124,KGT CONSULTORIA,11,32840722,,,CONSULT@KGT.COM.BR,,,
309378000171,,11,36757419,,,mmgestao@terra.com.br,,,
1931760000185,SOLUTIONS,11,69770988,,,info@solutionsnet.com.br,,,
96292172000155,,11,39060710,,,ROBERTA@MARRETTI.COM.BR,,,
96292677000110,,11,37824864,,,jrubens@ruralsp.com.br,,,
5288244000135,,11,36242155,11,36242156,CYRO@ESTRATEGIACONTABIL.COM.BR,,,
1948021000104,DEMARK ASSESSORIA CONTABIL,11,82739818,,,FINANCEIRO@DEMARK.COM.BR,,,
1950440000172,,,,,,,,,
96513502000195,,11,22972007,,,CONTATO@GFONSECA.COM.BR,,,
96537576000161,ASSESSORIA CONTABIL PLANEJADA,11,58518589,11,58517732,diretoria@audiconeg.com.br,,,
5312297000144,ANTUNES AUDITORES ASSOCIADOS,11,55396981,,,antunes@antunesauditores.com.br,,,
1979469000187,,11,33848110,,,mafercon@uol.com.br,,,
376276000179,,11,33925373,,,ROSANGELA@RTIME.COM.BR,,,
2009119000150,CARCIOFI & MENDES,11,73962322,,,,,,
5382175000124,EXL SOLUCOES CONTABEIS E TRIBUTARIAS,11,41141229,,,OLMARO@EXLSOLUCOES.COM.BR,,,
3738737000102,,11,32120095,11,32593051,audicorp@audicorp.com.br,,,
5428143000112,CONTAFISCO ASSESSORIA CONTABIL E FISCAL,11,29666323,,,CONTATO@CONTAFISCONET.COM.BR,,,
2088277000143,,11,55859585,,,secretaria@pizzolcontabil.com.br,,,
485008000195,CONDI & MUNIZ,,,,,,,,
2127706000144,,11,31591584,,,ACCERT@ACCERTCONTABIL.NET.BR,,,
3837310000153,JOAO BENEDITO BENTO BARBOSA,11,31067836,,,JBBB@TERRA.COM.BR,,,
5506715000134,,11,38341354,,,,,,
5542740000173,,11,40048000,,,JUANMELLO.BR@GMAIL.COM,,,
5544716000173,,11,22253590,,,SETCON@SETCON.COM.BR,,,
3939453000176,,11,66191975,,,PERICIAS@CVPERICIAS.COM.BR,,,
628951000100,,11,69711854,,,,,,
5615104000124,TRUST CONSULTORIA EMPRESARIAL,11,55392291,,,EXPEDIENTE@TRUST-TRUST.COM.BR,,,
2312946000119,,11,56312154,,,ANCORA@ANCORACONTABILIDADE.COM.BR,,,
4014992000167,ASSESCON,11,55311247,,,aziole@uol.com.br,,,
5683712000176,,11,39659911,,,SAMANO@SAMANO.COM.BR,,,
712198000136,,,,,,,,,
2347290000170,,11,36286086,11,36286084,marcos@kce.cnt.br,,,
777895000175,,,,,,,,,
784431000196,RELIANT,11,33841040,,,SAC@RELIANT.COM.BR,,,
5775869000121,,11,26870373,,,H2CSERVICOSCONTABEIS@H2C.EMP.BR,,,
4149079000178,,11,39002928,,,DANIELLE@PMYTAX.COM.BR,,,
4150246000109,GSBN,11,31294757,,,,,,
848468000130,UENO PROFIT,11,30571646,,,UENOPROFIT@UENOPROFIT.COM.BR,,,
5844569000157,,11,32552864,11,96218786,CONTATO@CASCONTABIL.SRV.BR,,,
849568000181,ASTECON CONTABIL,11,55642622,,,contabil@astecon.com.br,,,
4194755000125,BMP,11,20931126,,,BMP1@IG.COM.BR,,,
5862546000175,GESCON CONSULTORIA EMPRESARIAL,11,23867976,,,LEGAL@GESCONCONSULTORIA.COM.BR,,,
4220652000192,,11,69919233,,,AGVANZO@UOL.COM.BR,,,
2520370000185,,11,21932344,,,DEISE@DMMATHIASCONT.COM.BR,,,
5949031000107,,11,31676902,,,CONTATO@NSICONSULTORIA.COM.BR,,,
2586289000106,LOG TECH CONTABIL,11,32564009,,,LOGTECH@LOGTECHCONTABIL.COM.BR,,,
980329000166,CLARIFY CONTABILIDADE ONLINE,11,21652155,,,FELIPPE@CLARIFYCONTABILIDADE.COM.BR,,,
2607819000147,,,,,,,,,
6016995000165,PONTTUAL CONSULTORIA EMPRESARIA S/S LTDA,11,38719515,,,vmassessoria@terra.com.br,,,
995653000158,,11,31062422,,,CARVSART@UOL.COM.BR,,,
1036662000184,,11,86111455,,,RICARDO.IWASHITA@GMAIL.COM,,,
4413673000124,,11,61655700,,,saovicente@saovicente.com.br,,,
4427904000159,,11,38363202,,,ARTEMIOBERTHOLINI@GMAIL.COM,,,
2715179000199,,11,69670147,,,,,,
55166557000199,,11,69724222,,,,,,
2725409000109,HEROS,11,34375500,,,EXPEDIENTE@HEROSCONTABIL.COM.BR,,,
6143459000120,,11,51812509,11,51816698,contratos@sevenconsult.com.br,,,
55236285000156,,11,34733973,11,34733973,,,,
1112190000100,,11,39315101,,,,,,
4484885000100,,11,56778299,,,DPFISCAL@ANGLESCONTABIL.COM.BR,,,
73322844000122,,11,31153535,,,FISCAL@MERCEMPRESARIAL.COM.BR,,,
4493338000183,FS CONTABILIDADE,11,32272276,,,fscontabilidade@fscontabilidade.com.br,,,
55515720000181,,11,55714529,11,55758670,ROTHER@ROTHERCONTABIL.COM.BR,,,
55946545000187,VAMASA CONTABILIDADE,,,,,,,,
74006503000100,VASCONT,11,31062241,,,,,,
6240429000132,,11,39401500,,,RPOLIVEIRA@KPMG.COM.BR,,,
6241126000134,CONTMOR,11,56663623,,,CONTABILCONTMOR@CONTMOR.COM.BR,,,
1195876000101,,11,22891226,,,LEGALIZACAO@GRUPOAFR.COM.BR,,,
74094442000180,META,11,31235100,,,METACONT@METACONT.COM.BR,,,
4574458000105,VADO CONTABIL,11,21544001,11,21540960,vadocontabil@vadocontabil.com.br,,,
74131053000188,DATACON,,,,,,,,
4579242000132,VERSATIL CONSULTORIA CONTABIL,11,32663751,11,32875431,egervasio@enetec.com.br,,,
56442999000183,ESCRITAS CONTABEIS ROBERTO,,,,,,,,
6275090000100,,11,29090229,11,29092382,CONTABILREMESSO@SUPERIG.COM.BR,,,
7443043000190,,11,38710506,,,SOCIETARIO@ACTUALNET.COM.BR,,,
1253382000128,,,,,,,,,
1257137000199,QUINTILI CONTABIL,11,57816122,,,QUINTILI.CONTABIL@GMAIL.COM,,,
2887507000134,,11,38626460,11,36730130,BASSOCIADOS@YAHOO.COM.BR,,,
57125130000178,,11,29184441,11,20245059,pacheco3@terra.com.br,,,
6344459000199,,11,91777128,,,EEXITUSCONTABIL@GMAIL.COM,,,
57186827000159,,11,38324508,,,,,,
4666128000140,,11,50833008,,,,,,
1286740000107,,11,31041400,,,FERNANDO@LCASP.COM.BR,,,
2908423000130,,11,39315957,,,,,,
1310977000178,CENTROCONTAGE,11,32555342,,,CENTROCONTAGE@CENTROCONTAGE.COM.BR,,,
57749038000189,,,,,,,,,
38881249000126,SKALA CONTADORES ASSOCIADOS LTDA,11,39212345,,,SKALA@UOL.COM.BR,,,
58167388000108,CONEXAO CONSULTORIA E GESTAO LTDA,11,71296834,,,ALAN@CONEXAOCG.COM.BR,,,
6945470000104,,11,33351378,11,98780777,CONSULTCONT@PSSGESTAO.COM.BR,,,
58406570000166,,11,37714038,,,GREGORINI@GREGORINI.COM.BR,,,
3021595000150,,11,55437833,,,JOEDFISC@TERRA.COM.BR,,,
3022995000180,DESIGNIO,11,45637523,11,54276972,DESIGNIO72@HOTMAIL.COM,,,
7002575000192,,11,55243509,,,,,,
1435477000162,,,,,,,,,
58920091000163,,11,30170001,,,PRIMAR@PRIMAR.COM.BR,,,
58933326000151,,11,51800190,,,ODILON@CONTROLCONTABIL.COM.BR,,,
59041665000196,,11,38124087,11,38128952,ALLSERVICECONTABIL@TERRA.COM.BR,,,
7032114000162,FELIX CONTABIL,11,20976101,11,74823616,FELIXCONTABIL@GMAIL.COM,,,
7032904000148,,11,20957700,11,20983777,ASSISTEC@ASSISTECCONTABIL.COM.BR,,,
59091827000109,,11,56607014,,,CELIA@MJMCONTABILIDADE.COM.BR,,,
59095141000188,,11,26926725,,,serfisco@uol.com.br,,,
3108130000130,INDEXCON,11,51815544,,,PARALEGAL@INDEXCON.COM.BR,,,
1484199000133,,,,,,,,,
3158106000106,,11,30323566,,,contabilidade@oliveiramelo.com.br,,,
59942854000130,,,,,,,,,
7148884000175,CRS CONTABILIDADE,11,50524248,11,50556754,crsrafael@br.inter.net,,,
7157237000120,,11,60962977,,,,,,
60263266000159,,11,55493822,,,HELOISA@MATANGRANO.COM.BR,,,
60561438000170,,,,,,,,,
60741329000135,,,,,,,,,
7210822000146,PORTO CONTABIL,11,84019647,11,11111111,WILLIAMROBERTOPORTO@GMAIL.COM,,,
60962909000152,,11,32311999,11,32311021,rpaudi@rpaudi.com.br,,,
61063137000180,,11,47352291,11,76637869,FISCOSE.CONTABILIDADE@GMAIL.COM,,,
61065512000120,,11,32287066,11,32287933,VPCONTEC@UOL.COM.BR,,,
7753628000107,PEGASSUS,11,55612181,,,ADM@ALLOSCONTABILIDADE.COM.BR,,,
1623210000107,,11,32557287,,,DIRETO@DIRETOCONTABILIDADE.COM.BR,,,
61394342000128,CONDESP -,11,36249550,11,39924066,CONDESPCONTABIL@UOL.COM.BR,,,
61580759000185,,,,,,,,,
43324003000193,,,,,,,,,
43348697000107,,11,25374655,,,ROSSANA@LOURENCAO.COM.BR,,,
43719897000110,,11,26186326,,,CONTATO@NOVAALIANCACONTABIL.COM.BR,,,
43774033000100,,11,38125511,,,MAURICIO@ORGMANGINI.COM.BR,,,
62021464000131,,11,34598820,,,ACCONT@ACCONT.COM.BR,,,
62025325000186,,11,50491323,,,JICONTABILIDADE@TERRA.COM.BR,,,
44028058000119,,,,,,,,,
44145704000128,,11,30934377,,,UNIVERSOASS@TERRA.COM.BR,,,
62288139000130,FISCO CONTABILIDADE,,,,,,,,
62362769000107,,11,6084988,,,,,,
62375027000116,,11,29772877,,,EVANDRO@DUBER.COM.BR,,,
62378690000174,AGBR - ALLINIAL GLOBAL BRASIL,11,30623000,,,AGBR@AGBR.COM.BR,,,
62505334000174,VISAO ASSESSORIA E CONSULTORIA EMPRESARIAL,11,27173715,,,WILSONRECHE@YAHOO.COM.BR,,,
62674858000199,,11,37960587,11,29505905,UTIL@UTILCONTABIL.COM.BR,,,
62730361000140,JAVS CONTABIL,11,26465688,,,JAVSCONTABILIDADE@UOL.COM.BR,,,
63057269000124,,,,,,,,,
45795788000108,,11,30876688,,,rogerio@calderon.com.br,,,
45879798000121,ORGANIZACOES VOF,11,69581000,11,69584900,,,,
64019417000189,,11,40552032,,,CONTABIL@MVCONTABIL.CNT.BR,,,
64035991000120,,,,,,,,,
64161011000136,,,,,,,,,
47319348000100,,11,93581719,,,DIRETORIA@INKEI.COM.BR,,,
47320817000100,,,,,,,,,
47460738000103,,11,55210709,,,AFONSOCONTABIL@UOL.COM.BR,,,
64911605000117,AZ CONTABILIDADE,11,29650639,11,29650639,CONTATO@CONTABILAZ.COM.BR,,,
48088058000165,,11,32271133,,,BRILEXSA.CONTABILIDA@TERRA.COM.BR,,,
48115901000155,,11,96425121,,,TRIEMY@TRIEMY.COM.BR,,,
65508079000101,AGN CONTABILIDADE,,,,,,,,
65888976000198,,11,29190646,11,29196672,MSCONTABEIS@TERRA.COM.BR,,,
50056563000170,,11,38364406,,,ANDRADE@ANDRADEASSESSORIA.COM.BR,,,
66852344000137,,,,,,,,,
50252402000151,,11,37422448,,,CONTATO@LSCONTABILIDADE.ADM.BR,,,
67133843000137,GRUPO CONAD,11,29103137,,,ADM1@CONADCONTABILIDADE.COM.BR,,,
50616267000186,JOENI CONTABILIDADE,11,55944285,11,55944286,JOENI@TERRA.COM.BR,,,
51233211000105,MEDEIROS CONTABIL,11,31119090,,,CONTATO@MEDEIROSCONTABIL.COM.BR,,,
67977595000100,LKS CONSULTORIA CONTABIL,11,31152821,11,31016574,FINANCEIRO@LKSCONSULTORIACONTABIL.COM.BR,,,
51725638000120,RANGEL,11,31078504,,,RANGELCONTABIL@UOL.COM.BR,,,
68316389000112,,,,,,,,,
51733327000103,,11,29416578,,,ADM@CONTABILSOLUCAO.COM.BR,,,
68475839000110,ML CONTABILIDADE,11,27980414,11,36246834,MLCONTABIL@TERRA.COM.BR,,,
52169364000101,DOCUMENTA CONTABILIDADE,11,34731445,,,CONTATO@FENIKCONTABIL.COM.BR,,,
68856160000170,FERCON CONTABILIDADE,11,29899531,,,sercon_contabil@terra.com.br,,,
69096139000187,,11,37743632,,,CONTROLLER@CONTROLLERSP.COM.BR,,,
52569654000134,,11,32211933,,,DRBRANDAO@ASSERFI.COM.BR,,,
69131696000191,PIMENTEL ACCOUNTING,11,38582215,11,38578133,PIMENTELNET@PIMENTELNET.COM.BR,,,
69261774000172,,,,,,,,,
69274371000168,JENAG,,,,,,,,
52845484000173,,11,31062099,11,31064074,SULCONTABIL@SULCONTABIL.COM,,,
53173092000178,SERTA,11,36724988,,,SERTA@SERTACONTABIL.COM.BR,,,
53500195000103,,11,32239412,11,32231683,JADE@JADECONTABILIDADE.COM.BR,,,
53827192000170,,11,39217732,,,ESCRITORIOCONTABILMEDEIROS@YAHOO.COM.BR,,,
71719728000116,,,,,,,,,
71928147000194,ZITTEI CONTABILIDADE,11,30320431,11,38196365,ZITTEI@ZITTEI.COM.BR,,,
7513000000134,,11,31886600,,,ASSCONT@ASSCONT.COM.BR,,,
2664627000172,CONTABIL CLEMENTE PORTO,11,8322091,,,,,,
3522222000162,,11,67027342,,,,,,
7728461000124,,11,55144853,11,23059643,SANDRO@CONTABILMSANTOS.COM.BR,,,
4481599000183,,11,31220300,,,CLAUDIO@A3.SRV.BR,,,
7964518000194,,11,32081788,11,32092901,carramilloricardo@ig.com.br,,,
7977866000104,,11,69875343,,,DELCONTABIL@IG.COM.BR,,,
47677562000138,CIC - INTELIGENGIA CONTABIL,11,55735252,11,59046664,MOTA@CONTAR.CNT.BR,,,
8108538000126,CONTADOR DO BEM,11,35716690,11,32051019,ATENDIMENTO@CONTADORDOBEM.COM.BR,,,
8117755000182,,11,38594951,,,,,,
4745507000125,,11,38169888,,,PARALEGAL02@CONTHABILIE.COM.BR,,,
44102135000133,,11,20937211,,,FELIPE@CONTABILCAMPOS.COM.BR,,,
2431493000140,,11,36750860,11,36750859,confie_finan@uol.com.br,,,
578192000118,DCR CONTABIL,,,,,,,,
2568074000154,M M S,11,36723548,11,36724054,MONTENEGRO@MMSCONTABIL.COM.BR,,,
61697116000116,PAULAMAR,11,36630028,,,MARILIA@PAULAMAR.COM.BR,,,
4641335000140,,11,25489806,11,26450379,VERA@SILCACONTABIL.COM.BR,,,
1750005000102,,11,29587011,,,,,,
268834000182,,,,,,,,,
4832933000104,MAGALHAES & SADOCCO - CONSULTORES ASSOCIADOS S/C LTDA.,11,39361660,,,,,,
2071393000150,,11,25747679,11,25747680,SISTECCON@UOL.COM.BR,,,
7064610000106,,11,38130911,,,,,,
7132587000131,,11,30905895,,,PARALEGAL@BLCONTABILIDADE.COM.BR,,,
7203985000100,JVS,11,93691128,11,72061171,valdenez@jvsassessoria.com.br,,,
5558221000101,,11,58125601,11,48495601,MAGDAPUPPIM@COMAVACONTABIL.COM.BR,,,
7410937000184,,11,33992288,,,LEGAL@MECACONT.COM.BR,,,
1101754000109,,11,36412866,,,ROBERTO.MACIEL@NTWCONTABILIDADE.COM.BR,,,
5671331000177,AJREBELO CONTABIL,11,38568493,,,AJREBELO@UOL.COM.BR,,,
62511118000131,,,,,,,,,
65081598000136,,11,27968181,11,27962771,sinergiacontabil@terra.com.br,,,
65088031000191,,11,2273445,,,,,,
54463351000168,,11,5703641,,,EMCOCONTABIL@UOL.COM.BR,,,
4326193000126,CMED CONTADORES ASSOCIADOS,11,32833436,11,32621254,CMED@TERRA.COM.BR,,,
3536333000128,INTEGRACAO,,,,,,,,
288361000185,ALFA ASSESSORIA CONTABIL,11,31513002,11,32143126,SAC@VELOZASSESSORIA.COM.BR,,,
383399000137,,11,26730730,11,26730398,JESUS@RUOTOLO.COM.BR,,,
2210100000178,CONTMARIZ CONTABILIDADE,11,38517962,11,39835713,TELMA@CONTMARIZ.COM.BR,,,
2349046000146,,11,94133696,11,41416246,CMS.CONTABIL@UOL.COM.BR,,,
4093065000180,,11,50959300,,,MAVI-D@MAVI-D.COM.BR,,,
769175000168,,15,32340800,,,ALEXANDRE@DECCONTABILISTAS.COM.BR,,,
2540406000192,JGA ASSESSORIA,11,36600600,,,JGA@JGA.COM.BR,,,
6167809000199,PROSPER CONSULTORIA EMPRESARIAL,11,50863200,,,THIAGO@FISCONEPROSPER.COM.BR,,,
2828590000170,DE SANTI,11,36411571,11,36411571,neide.santi@hotmail.com,,,
56575780000152,,,,,,,,,
56576937000164,,11,31060224,,,FLAVIO@DMR2.COM.BR,,,
6309076000180,SKOLTO CONSULTORIA,11,37329228,,,,,,
57065419000149,,,,,,,,,
6923557000180,LUVINA,11,29580934,11,29580791,REMPI@IMPERIOASSESSORIA.COM.BR,,,
58495953000158,,,,,,,,,
3045719000137,,11,29420811,,,LEGALIZACOES@SPASSESSORIA.COM.BR,,,
7019062000194,OSVAL CONTABIL,11,33337023,,,osval@uol.com.br,,,
59485219000170,,11,32158600,,,ATTEND@ATTEND.COM.BR,,,
1513914000119,,,,,,,,,
61258000000180,COMETA,11,35699200,,,cometa@contabilidadecometa.com.br,,,
62274816000160,,,,,,,,,
46504585000188,,,,,,,,,
64031909000190,,,,,,,,,
48233001000102,,,,,,,,,
67145219000150,,,,,,,,,
51202778000114,ORCONFAG,11,65814341,,,orconfag@uol.com.br,,,
67979666000104,SDC ASSESSORIA,,,,,,,,
52022720000151,,,,,,,,,
7740948000122,APBT CONTABILIDADE,11,38514431,11,34922490,VALTER@APBT.COM.BR,,,
3211472000181,,11,55832422,,,CONTATO@CONDALCONTABILIDADE.COM.BR,,,
4054301000159,RUCOMA,11,33613965,11,33617693,rucoma@rucoma.com.br,,,
6270491000177,,11,83535877,,,AFISCON@AFISCONCONTABILIDADE.COM.BR,,,
38894952000179,N2M,11,61746705,,,HELIO@N2MCONTABILIDADE.COM.BR,,,
96495049000131,AGO CONSULTORES ASSOCIADOS,11,35789300,11,29783004,ROGERIO@AGOCONTABILIDADE.COM.BR,,,
4405173000140,,11,22738933,,,JOSELUIS@JLCONT.COM.BR,,,
1107136000168,,,,,,,,,
4827323000104,CONTCOM,11,29402641,11,29402849,CONTCOM@CONTCOM.COM.BR,,,
59943944000145,,11,55895530,,,,,,
44780211000160,,11,55759377,,,LAWINI@LAWINI.COM.BR,,,
7362180000109,RHEGENTE,11,55664454,,,CARLOSMARQUES@RHEGENTE.COM.BR,,,
46131918000170,,,,,,,,,
1611267000188,,11,22916233,,,DJORIENT@TERRA.COM.BR,,,
62271697000192,,,,,,,,,
7933514000149,DELTHA CONTABILIDADE,11,55214454,,,DELTHA@DELTHACONT.COM,,,
86955838000154,NCIESC,11,6516583,,,nciesc@nciesc.com.br,,,
59093369000139,CAMPOS SOLUCOES CONTABEIS,11,23589767,11,23588613,GRSC@TERRA.COM.BR,,,
1328180000106,,11,37290513,,,,,,
6980220000105,R&K ASSESSORIA CONTABIL LTDA,11,31298696,,,CONTABILIDADE@CONTABILIDADRK.COM.BR,,,
5894820000198,CONTABILIDADE ASSIS,11,27355481,,,CONTATO@CONTABILIDADEASSIS.COM.BR,,,
3688236000150,,11,65846479,,,,,,
3994974000126,BGF CONTABILIDADE E CONSULTORIA,11,31061846,11,99180730,BGFCONTADORES@UOL.COM.BR,,,
4358485000140,CONTMAX,11,55894743,,,ROAMARTINS@UOL.COM.BR,,,
6293313000161,,11,31993590,,,FREITASADV@MSFREITAS.COM.BR,,,
2857297000131,,11,34636555,,,FIRBRAZ@FIRBRAZ.COM.BR,,,
38891099000131,,11,50936696,,,,,,
1379587000154,ACCOUNTING SYSTEMS,,,,,,,,
28005734000344,,11,21171301,,,LEGALIZACAO@RSMBRASIL.COM.BR,,,
4913855000164,DACEL APERFEICOAMENTO E CAPACITACAO PROFISSIONAL,11,20910757,11,20918768,SUSMA@DEVOUT.COM.BR,,,
3191174000177,,11,31070044,,,esatec@originet.com.br,,,
60916855000199,,11,31000868,,,REPARTICAO@LUZITANACONTABILIDADE.COM.BR,,,
62453436000193,ORGANIZACAO W.C A,11,69564478,11,61311290,,,,
62651013000188,,11,22935111,,,ESCRITORIOCONTABILATLANTICO@GMAIL.COM,,,
50284504000159,,11,33491414,,,TRIBUTOS.2@UNECONT.COM.BR,,,
53758397000141,,11,30211117,,,rsassessoria@uol.com.br,,,
7470550000113,HUMANA CONTABIL,11,56658362,11,75454004,HUMANACONTABIL@TERRA.COM.BR,,,
7880810000129,SOLUTION,11,37772694,,,SOCIETARIO@CONTABILSOLUTION.COM.BR,,,
734254000133,,11,50807500,,,SANDRA.AZEVEDO@MLEGATE.COM,,,
74283904000108,,11,32095100,,,ADM@PROADPLUS.COM,,,
7746759000167,ORGEDSON,11,32373552,,,ORGEDSON@ORGEDSON.COM.BR,,,
64722705000103,VERITTA,11,26155333,11,27685333,CONTATO@VERITTA.COM.BR,,,
5073902000171,,11,25381467,11,25381471,ACEZ@ACEZ.COM.BR,,,
60588274000175,SUL AMERICA,11,22925911,,,ORIENTADORA@ORIENTADORACONTABIL.COM.BR,,,
5438620000120,,11,35226333,,,CONTATO@FAASSESSORIA.COM.BR,,,
49733116000129,,11,38160108,,,RENELLI@RENELLI.COM.BR,,,
6275380000153,GESAL ASSESSORIA CONTABIL,11,96069637,,,LUISRTELES@UOL.COM.BR,,,
62030937000167,,11,39661120,11,39660918,saedson@uol.com.br,,,
43209337000116,,11,29712581,11,75438042,ORGATECNICA@UOL.COM.BR,,,
5835605000116,,11,32530521,,,ADM@AUGEAC.COM.BR,,,
61331633000177,,11,38898966,,,NOVOMUNDO@NOVOMUNDOASSESSORIA.COM.BR,,,
74562000180,,11,31516353,,,ASSESSORIA@SDGEA.COM.BR,,,
5992740000175,,11,96114505,,,WALTER@PARTNERAUDITORES.COM.BR,,,
53756383000199,,11,20101030,,,CONTATO@CONTABILMOLINA.COM.BR,,,
4241484000111,,11,86100741,,,OSEAS.RESENDE@SEMCO.COM.BR,,,
3000472000132,,11,50830326,,,VLC@VLCCONSULTORES.COM.BR,,,
8184762000105,GLAMAX,11,21718700,11,21718754,contratos@maxtime.com.br,,,
8185937000190,CAMARGO & MARTINS CONSULTORIA E ASSESSORIA S/S LTDA.,11,36951258,,,JRMARTINS00@UOL.COM.BR,,,
8205124000115,CRUZ CONTABILIDADE,11,65524704,,,,,,
8531387000114,,11,50126002,11,50112978,CONTATO@CONTABILCIRCULAR.COM.BR,,,
8661643000198,LOGIC HEALTH,11,50934750,,,BALDINI@LUB.COM.BR,,,
8664334000171,,11,29419456,,,central.mila@yahoo.com.br,,,
8731734000152,RUEDA'X CONTABILIDADE,11,23012766,11,23010707,FABIO@RUEDAX.COM.BR,,,
8974978000166,ANALISE ASSESSORIA CONTABIL,11,25925898,,,JURIDICO@ANALISECONTAB.COM.BR,,,
8975560000173,HT CONTABIL,11,36831234,,,SOCIETARIO@HTCONTABIL.COM,,,
9035996000145,,11,50441205,,,CONTATO@LEMECONTABIL.COM.BR,,,
9230529000176,CONTABIL EMBRACO,11,45087101,11,45087101,ZENON@CONTABILEMBRACO.COM.BR,,,
9276535000164,DL CONTAB,11,93217710,,,DIRETORIA@DLCONTAB.COM.BR,,,
9326243000199,,11,36677847,,,PROATIVA@CONTABILPROATIVA.COM.BR,,,
9335343000181,,11,36677758,,,CONTATO@PROCONSIST.COM.BR,,,
8195381000113,,11,23065471,11,23065472,fiscal@styllusconsultoria.com.br,,,
9676802000190,,11,50551090,,,TOSHIAKI2022@YAHOO.COM.BR,,,
9686140000130,,11,31018266,,,MCONTABIL@MCONTABIL.COM.BR,,,
10300595000154,POLO CONTABIL,11,32287878,11,33319997,POLOCONTABIL@HOTMAIL.COM,,,
10310197000119,,11,29446995,,,OSDIASTORRES@GMAIL.COM,,,
10374192000150,MBA CONSULTORES,11,96711095,11,71799663,sergio.basile@ajato.com.br,,,
20265642000120,GO FURTHER - SERVICOS DE CONTABILIDADE,11,48697695,,,NOTIFICACAO@GOFURTHERGROUP.COM.BR,,,
10411655000106,RRB REVISORA,11,32510177,,,HELDER@RBAUDITORES.COM.BR,,,
10212517000106,,11,37047362,,,WANDERLEYCONTADOR1@GMAIL.COM,,,
10217338000153,CONSULTORIA EMPRESARIAL JF,11,36922674,11,36094404,contabildayanne@terra.com.br,,,
10224942000107,M.A.S.B - ASSESSORIA CONTABIL,11,47800331,,,MASBCONTABIL@GMAIL.COM,,,
10443418000127,MEIRA FERNANDES,11,21725950,,,SRF.LEGAL@MEIRAFERNANDES.COM.BR,,,
10482989000170,BATISTA CONTABILIDADE,11,20254491,,,BATISTA@BATISTACONTABILIDADE.COM.BR,,,
10496632000141,,11,31298696,,,CONTABILIDADE@CONTABILIDADRK.COM.BR,,,
10507433000191,,11,29577589,11,27413843,livaldino@uol.com.br,,,
10534448000149,PARTHENON ASSESSORIA,11,22964003,,,CONTATO@PARTHENONASSESSORIA.COM.BR,,,
10615091000123,NEO LUMI,11,37460265,11,37438680,contabil@neolumi.com.br,,,
10636393000188,TWF - CONTABILIDADE,11,31064433,,,NOTIFICACOES@TWFCONTABILIDADE.COM.BR,,,
10708205000180,,11,22139055,11,23017080,tmc@uol.com.br,,,
10721584000148,ROHG CONTABILIDADE,11,58515788,,,CONTATO@ROHGCON.COM.BR,,,
10831942000175,,11,33110892,11,41081186,foccos@terra.com.br,,,
10911179000192,CONTABILIZA ASSESSORIA,11,50727470,,,ATENDIMENTO@SOTO-CONTABIL.COM.BR,,,
9597987000148,,11,50350555,,,METROPOLITANA@METROPOLITANACONTABIL.COM.BR,,,
11044996000153,LLX CONTABILIDADE,11,55885002,,,LEILA@LLXCONTABILIDADE.COM.BR,,,
11081779000133,BRASIL SP,11,51784747,11,91313708,COMERCIAL@BRASILSP.COM.BR,,,
11089573000150,,11,22910600,11,93699261,LEO_STRUMILLO@HOTMAIL.COM,,,
11166257000134,,11,38550270,,,RTO@RTOEMPRESARIAL.COM.BR,,,
11206028000104,PRIME FISC CONTABILIDADE,11,29871312,11,29812440,fernandesjunior@ig.com.br,,,
11355076000156,CLAROS CONTABILIDADE,11,51280188,,,ESCRITORIO@CLAROSCONTABILIDADE.COM,,,
11383701000173,,11,50823019,,,RICARDO@RCCONTROLADORIA.COM.BR,,,
11456851000160,RSP ASSESSORIA CONTABIL,11,50632533,,,RSP@RSP.CNT.BR,,,
11520940000128,,11,27816522,,,guaracicastiglioni@hotmail.com,,,
11548233000140,FRANCISCONTABIL,11,22925181,11,26937460,FRANCISCONTABIL@TERRA.COM.BR,,,
11593018000160,,11,29574188,,,legalizacao@antarescontabilidade.com.br,,,
11617023000166,RTS CONTABIL,11,31121988,,,CONTABIL.RTS@GMAIL.COM,,,
11573528000176,,11,32764260,,,INES@REALIXCONTABILIDADE.COM.BR,,,
11665557000168,SGS - SERVICOS EMPRESARIAIS,11,30311061,,,,,,
11806238000125,,11,25082093,,,CARDOZOLOPES@HOTMAIL.COM,,,
11850416000115,,11,38150888,,,fbgnc@globo.com,,,
11852681000132,,11,50267441,,,CONTATO@CONTABILIDADETI.COM.BR,,,
11866719000126,YS CONTABILIDADE ME,11,45640272,11,45640269,yscontabil@gmail.com,,,
11872580000123,,11,55611556,,,LEGAL1@DELLATORRE.COM.BR,,,
11874093000108,,11,20982843,,,sergio.linkcct@uol.com.br,,,
11970713000102,,11,55841032,,,CONTATO@OZAI.COM.BR,,,
12004391000100,MAX LEAL ASSESSORIA CONTABIL E EMPRESARIAL,11,50715444,,,MAXLEAL@MAXLEAL.COM.BR,,,
12024607000190,DEVOUT ASSESSORIA CONTABIL LTDA,11,20910757,11,20910757,CONTATO@DEVOUT.COM.BR,,,
12034250000121,MF ACCOUNTING,11,33182900,,,marcelo.fernandes@jgmempresarial.com,,,
12065160000106,LOOK ASSESSORIA E CONSULTORIA,11,55138444,11,82831718,LOOKANDR@TERRA.COM.BR,,,
12097453000167,DESK ASSESSORIA CONTABIL,11,50935701,,,GILBERTO@DESKCONTABIL.COM.BR,,,
12319271000193,SHEKINAH ASSESSORIA CONTABIL,11,32942285,,,JESSICA.QUINTINO@SHEKINAHORG.COM.BR,,,
12321596000100,,11,29568113,11,29562850,stamura@terra.com.br,,,
12455735000199,EDCON CONTABILIDADE,11,39172019,11,39173230,edcon@edcon.com.br,,,
12492528000104,VAZ CONTABILIDADE,11,22832727,,,GRUPOVAZ@TERRA.COM.BR,,,
12496986000111,LDR CONTABIL,11,29174179,,,CONTATO@LDRCONTABIL.COM,,,
12536558000175,,11,32944078,,,LEIDEOLIVEIRA@TERRA.COM.BR,,,
12633494000120,,11,20763150,,,BPO.CONTACT@BR4BUSINESS.COM,,,
12638852000198,JMP ASSESSORIA CONTABIL,11,38367344,,,MONICA@MEGAJMP.COM.BR,,,
12670561000187,M. AUGUSTO VIEIRA SERVICOS CONTABEIS,11,85778335,11,85778335,marcelovieira@gvmail.com,,,
12703397000167,GBK ADMCONT,11,24507468,,,GUARDIANBK@GUARDIANBK.COM.BR,,,
12749235000160,CONTABILIDADE LOPES,11,29832552,,,contabil_lopes@uol.com.br,,,
12986148000126,M C CONTABILIDADE,11,58428931,,,marcia_baixinha@hotmail.com,,,
12992207000179,ELAN ASSESSORIA CONTABIL,11,39654124,11,39654076,elanassessoria@uol.com.br,,,
13028851000194,SERVICON CONTABILIDADE,11,59289992,,,SERVICON-CONTABILIDADE@UOL.COM.BR,,,
13051482000150,,11,39839800,11,61720053,aaraujon@ig.com.br,,,
13093234000172,,11,22250602,11,26735211,CONTBOMSUCESSO@GMAIL.COM,,,
13139862000141,CASC CONTABILIDADE,11,59257091,,,CASCCONTABILIDADE@HOTMAIL.COM,,,
13245616000174,W&V CONTABIL,11,68998834,11,80559425,JWSILVA55@GMAIL.COM,,,
13270456000113,ATHUS ASSESSORIA EMPRESARIAL,11,42522564,,,CONTATO@ATHUS.COM.BR,,,
13410841000119,R 2 L CONTABILIDADE,11,27259166,11,27259774,planad@ig.com.br,,,
8873257000160,CONTABILIDADE JARDIM SAO PAULO,11,25554030,11,25183243,CONTATO@CONTABILIDADEJDSAOPAULO.COM.BR,,,
13489988000146,WP AUDITORIA CONDOMINIAL,11,94144380,,,JOAOCARLOS176@GMAIL.COM,,,
13531986000178,EFATA CONTABILIDADE LTDA,11,39026328,,,efata_contabil@ig.com.br,,,
13537507000120,SERMIN,11,22038099,,,serapomp@terra.com.br,,,
13644031000127,S&A ASSESSORIA CONTABIL,11,25610802,11,63120475,LUCIANO@BERTULINO.COM.BR,,,
13653029000114,STATUS CONTABILIDADE,11,26351094,11,77448747,STATUSCONT@GMAIL.COM,,,
13714599000177,NEW STYLLU'S,11,39316984,11,39324954,styllus@stylluscontabil.com.br,,,
13784575000194,,11,99101945,,,CAETANO@CAETANOHENRIQUE.COM.BR,,,
13822985000182,SIGMA CONTABIL,11,86882364,11,62489440,sigmacontabilidade@ymail.com,,,
20384432000150,AZZOLINI & LAMINO PRESTACAO DE SERVICOS,11,50586465,,,deboraclazzoline@hotmail.com,,,
10627807000102,L MOURAO CONTABILIDADE,11,56616344,11,25281999,LMOURAO@LMOURAO.COM.BR,,,
13991630000117,WRV CONTABILIDADE,11,83961119,11,58121364,weliton.desousaqueiroz@gmail.com,,,
14189284000110,ESCRITORIO CONSILEX,11,39171332,,,CONSILEX@CONSILEX.COM.BR,,,
14229010000108,LC CONTABILIDADE,11,20612308,11,22723249,LUIS.LCONT@UOL.COM.BR,,,
14233458000103,CM CONSULTORIA EMPRESARIAL,11,58419215,11,58462612,diretoria@audiconeg.com.br,,,
14237755000119,,11,31067203,11,31053395,ANTONIO.AMAC@UOL.COM.BR,,,
20402208000144,,11,28727808,,,ESCRITA@CATSCONTABIL.COM.BR,,,
14355638000150,,11,58311289,11,58310191,MEGAFISCONTABIL@UOL.COM.BR,,,
14358023000187,,11,29560813,,,manoelrodrigo@uol.com.br,,,
14365176000151,VICMAGI,11,21159242,,,vicmagi@terra.com.br,,,
14441753000147,E-ACCOUNT CONTABILIDADE ONLINE,11,21892700,,,ERICK@PRO-CONTATY.COM.BR,,,
14475572000131,K N ACCOUNTING & FINANCE,11,26052343,,,KARYNA.CONTABILIDADE@YAHOO.COM.BR,,,
14521789000130,NATRES CONTABILIDADE,11,25248655,,,ADDAO2REIS@HORMAIL.COM,,,
14552979000115,,11,31076696,,,CHIMIN@UOL.COM.BR,,,
14669930000147,CAEJ ASSESSORIA,11,22892017,11,20893507,LUCIANEBENTOMA@YAHOO.COM.BR,,,
14680981000170,,11,98534242,,,keilla.chaparin@hotmail.com,,,
14687662000196,,11,20554454,11,71126261,CORMAC@UOL.COM.BR,,,
14703942000140,MRUSSI ASSESSORIA CONTABIL,11,39010292,11,39010292,mrussi@uol.com.br,,,
14738416000116,,11,22744578,,,MANAPERES@TERRA.COM.BR,,,
14894007000109,,11,29823433,,,venturacontabil@msn.com,,,
14906250000108,,11,55242877,11,55642877,NCSISTEMA@NCSISTEMA.COM.BR,,,
14942914000186,CANUTO CONTABILIDADE,11,34577273,,,CANUTOCONTABIL@GMAIL.COM,,,
14965831000102,,11,33720066,,,PARALEGAL@CONTACOM.COM.BR,,,
15001276000161,CONTABIL OLIVEIRA,11,45567558,,,LVOASSESSORIACONTABIL@HOTMAIL.COM,,,
15179734000157,BCO ASSESSORIA EMPRESARIAL,11,84711112,11,84771112,SBISPO@GLOBOMAIL.COM,,,
20431716000150,DXT CONTABIL,11,43210848,,,ADM@DXTCONTABIL.COM.BR,,,
8217997000148,,11,69420342,11,69427092,contabil.zambeze@uol.com.br,,,
8298951000109,CONTABIL CONSULTEC,11,29538926,11,43050075,CARLOS@CONTABILCONSULTEC.COM.BR,,,
8582491000138,PAULICONTI,11,22913078,11,22913182,EDILSONCASTRO@TERRA.COM.BR,,,
8704871000106,,11,26825344,,,RMALBOR@RMALBOR.COM.BR,,,
9358745000100,FIC,11,26532444,11,26533651,FICASS@TERRA.COM.BR,,,
10282362000176,KOGA CONTABILIDADE,11,20108192,11,20174408,KOGACONTABILIDADE@KOGACONTABILIDADE.COM.BR,,,
10348390000149,FERRARI,11,26942803,,,CONTATO@CONCEITOX.COM.BR,,,
11028058000160,,11,31051122,11,42808671,MARCOS.RODRIGUES@MRAUDITORIA.COM.BR,,,
11196831000105,NOVA GERACAO ASSESSORIA EMPRESSARIAL,11,27269779,11,27258328,novaegeracao@terra.com.br,,,
11304886000183,,11,22402383,,,DLNOVAES@TERRA.COM.BR,,,
11512424000151,,11,31111711,,,rkw@rkw.com.br,,,
12293459000100,CONTABIL MELLO,11,39297910,11,29123193,CONTATO@CONTABILMELLO.COM,,,
13698602000106,ALDEMIR & PARIZI CONTABIL - SOCIEDADE SIMPLES LTDA,11,29106504,11,96225985,,,,
13769485000124,CONTABILITY,11,32295092,,,CONTABILITY.CONSULTORIA@GMAIL.COM,,,
14334041000129,,11,33264198,11,33264338,EUTHYNES@EUTHYNES.COM.BR,,,
14566565000145,MARCONDES SERVICOS,11,97332209,11,20933841,marcondesjota@hotmail.com,,,
15456573000100,,11,29180117,,,oliveira.janete.2006@globo.com,,,
9369089000132,,11,33618198,,,ADEMIR@MARTINELLISERV.COM.BR,,,
15587484000194,,11,36810878,11,36541649,contato@contabilidadesigma.com.br,,,
15608135000101,CONTABIL VILA NOVA,11,34862182,,,CONTABIL.VILANOVAZL@HOTMAIL.COM,,,
15684486000100,,11,55242877,11,55642877,SOCIETARIO@NCSISTEMA.COM.BR,,,
15713721000116,PRISMA ESCRITORIO CONTABIL,11,22216685,11,22216685,prisma.contabilidade@ig.com.br,,,
15727515000165,,11,30474920,,,KMAX@KMAX.COM.BR,,,
11293187000185,CONTABILIDADE STELLA,11,37192193,11,37190538,contabilstella@uol.com.br,,,
16612299000175,ADMINISTRADORA HALY,11,25777110,,,EAINOUE@HOTMAIL.COM,,,
9121133000190,7ETHIMUS,11,60864536,,,ESCRITORIO@7ETHIMUS.COM.BR,,,
13003437000120,FOCO CONSULTORIA E ASSESSORIA CONTABIL,11,22414416,11,23687982,ATENDIMENTO@FOCOCONTABIL.NET,,,
16919859000139,ULTRA ASSESSORIA E SERVICOS ADMINISTRATIVOS,11,25377526,,,DENIS@ULTRACONTABILIDADE.COM.BR,,,
16969840000105,,11,25612488,11,25612489,birollicontabil@gmail.com,,,
17117294000139,,11,84120011,,,LOURDES@PERICONT.COM,,,
17152418000117,VN ASSESCONT,11,30312815,,,PARALEGAL.BPS@RSMBR.COM,,,
17171278000124,,11,22139386,11,27175545,stellato.fnr@terra.com.br,,,
8432570000162,SCAE ASSESSORIA,11,55750909,,,SCAE@SCAESP.COM.BR,,,
17291400000104,KAPER,11,32589080,11,32566092,JRFIG@TERRA.COM.BR,,,
17383002000100,TONY CONTABILIDADE,11,94452091,,,monica_tonycont@hotmail.com,,,
17668458000116,,11,33331230,11,76757078,J.KWON012@GMAIL.COM,,,
17810584000163,OUTFISC,11,96597854,,,PAIVA@PLATAFORMA360.COM.BR,,,
17833616000146,CONTABIL PASCUAL,11,29015750,11,29093249,lmp1@terra.com.br,,,
17947947000107,COBELAQUE ORGANIZACAO CONTABIL,11,29413311,,,cobelaque@sili.com.br,,,
18080274000101,,11,31513528,,,BERNHOEFT@BERNHOEFT.COM.BR,,,
18126126000172,SALIMARI ASSESSORIA CONTABIL,11,98510942,,,salimari@bol.com.br,,,
18195715000102,RPS CONTABILIDADE,11,82514454,,,RODRIGO@RPSCONTABILIDADE.COM.BR,,,
18227269000170,CORREA MELLO,11,77281847,,,ewertonextrema@hotmail.com,,,
18254610000187,A.C.COSTA ASSESSORIA CONTABIL,11,29506650,11,35300767,FISCAL@ACCOSTAASSESSORIA.COM.BR,,,
8220763000150,,11,51993000,,,LEGAL.OA@OACONTABIL.COM.BR,,,
8936638000140,,11,40635861,,,alencar@alencar.cnt.br,,,
9024477000181,ACOMAC CONTABILIDADE,11,55286437,,,ACOMAC-CV@UOL.COM.BR,,,
9054655000117,,11,55841032,,,CONTATO@OZAI.COM.BR,,,
9376269000141,Z A P - CHOICE OF CHAMPIONS !!,11,91030812,,,FALECOMODONO@ZAPCONTABIL.COM.BR,,,
10341699000107,,11,38923937,,,antonio@ocacontabilidade.com.br,,,
11188623000156,QUEIROZ CONTABILIDADE,11,56617441,11,34775002,NOEL@QUEIROZCONTABILIDADE.COM.BR,,,
12488173000180,,11,50587204,,,PAULOLEANDRO@ESTEVESCONTABIL.COM.BR,,,
13250415000165,,11,22923326,11,32294635,pedersol.fnr@terra.com.br,,,
16637812000182,,11,32142668,,,KITASAUA@KITASAUA.COM.BR,,,
18314093000194,WB CONTABILIDADE,11,23641417,11,23641418,CONTATO@WBCONTABILIDADE.COM.BR,,,
18345791000157,MAIRINCK ASSESSORIA CONTABIL,11,55315877,,,MARCOS@MAIRINCKCONTABIL.COM.BR,,,
12529391000115,CAVALCANTE'S CONTABILIDADE,11,20540935,,,CONTADOR@CAVALCANTESCONTABIL.COM.BR,,,
18537651000180,PSC CONTABIL,11,38546004,,,GERENCIAL@PSCONT.COM,,,
18580112000124,CSC,43,96614769,,,PORTACONTABILFISCAL@GMAIL.COM,,,
18795850000199,SIMPLIFIQUE CONTABIL,11,58440693,11,77343276,tiago.jesus@simplifiquecontabil.com.br,,,
18860756000176,CONTABILIDADE ARAUJO,9,54478825,,,lca1169@terra.com.br,,,
18200231000104,CONTMAXXI CONTABILIDADE,11,29247002,11,29243002,ALEXANDRE@CONTFORCE.COM.BR,,,
19003786000129,BRAVUS CONTABILIDADE E GESTAO TRIBUTARIA,11,55232419,,,BRAVUS@BRAVUS.TEC.BR,,,
11147129000224,MAFRA ASSESSORIA CONTABIL E EMPRESARIAL FILIAL,19,33816021,,,nelson@mafracontabil.com,,,
8628517000131,,11,32423468,,,ventura-ass@uol.com.br,,,
19151184000119,NRG ADM DE NEGOCIOS E CONTABILIDADE,11,33413027,,,NRG.CONTABILIDADE@GMAIL.COM,,,
19306469000181,CONTABILIDADE PERILHAO,11,29188620,,,perilhao@uol.com.br,,,
18424030000190,PONTO FOCAL SERVICOS CONTABEIS,11,41178394,11,93508689,PAULO.LOPES@PONTOFOCALCONTABIL.COM.BR,,,
18874938000104,MC CONTABIL SOLUCOES EMPRESARIAIS,11,41162815,,,ADM@MCCONT.COM.BR,,,
19426458000135,OTERO CONTABILIDADE,11,41353810,11,41353431,girlene@oterocontabilidade.com.br,,,
15535505000128,RL CONTABILIDADE,11,39350696,,,rlcontabilidade.nobrega@gmail.com,,,
19461838000100,AZIENDA OUTSOURCING CONTABIL,11,31048081,11,31042518,azienda@azienda.srv.br,,,
15555557000166,POSSIBLE CONSULTORIA CONTABIL,11,25225905,11,93429763,ROSANA@POSSIBLE.ART.BR,,,
19649478000175,D'FERREIRA,11,84494618,,,FERREIRA.CONTABIL@OUTLOOK.COM,,,
19680754000168,ORCONAL,11,39410890,11,21578869,CONTATO@ORCONAL.COM.BR,,,
19696841000103,,11,50786410,11,25774818,ULISSES@QUISTA.COM.BR,,,
19819067000180,MOREIRA&JESUS,11,58730119,,,CONTATO@MOREIRAEJESUS.COM.BR,,,
19831426000115,CONTABILIDADE SAN REMO,11,27254996,11,27269254,contato@contabilidadesanremo.com.br,,,
19851432000134,TONICON,11,22523396,11,89594770,TONICONTAB@GMAIL.COM,,,
19992374000169,,11,23535310,,,4ORLANDO@HIGASI.COM.BR,,,
19998802000160,TMA CONTABILIDADE & SERVICOS,11,39281738,,,FINANCEIRO@TMACONTABILIDADE.COM,,,
20122615000106,VECTER NEGOCIOS,11,88472330,,,PAULO.VENANCIO@GMAIL.COM,,,
20208181000153,BONAMI & PARENTE CONTABILIDADE,11,20311273,,,CONTATO@BEPCONTABILIDADE.COM,,,
20209781000136,PRO ACTS CONSULTING,11,55239555,,,MICHAEL@GOLDPHOENIX.COM.BR,,,
20536318000107,RS ASSESSORIA ADMINISTRATIVA,6920601,11,92346838,11,25323727,RS.ASSESSORIAEPREVIDENCIA@GMAIL.COM,,
20606669000139,,11,50285515,11,50289743,PARALEGAL@ADACONTABILIDADE.COM.BR,,,
20755411000102,,11,50002878,11,31795807,MARLIMAS1000@GMAIL.COM,,,
20766235000104,DDS CONSULTORIA,11,73905294,,,LIMA@DDSCONSULTORIA.COM.BR,,,
20800122000170,ROVAL ACCOUNTING & CONSULTING,11,53195873,,,VALDO.GOMES@ROVALCONT.COM.BR,,,
20841608000156,,11,95651197,,,DANIELBORGUITO@GMAIL.COM,,,
20911163000133,,11,35691011,,,CONTATO@BATISTAFERREIRA.COM.BR,,,
20965755000138,,11,59256733,,,,,,
21034719000113,IAS ORGANIZACAO CONTABIL E EMPRESARIAL,11,55392812,11,50839215,IGNEZAPSOUZA@UOL.COM.BR,,,
21253399000192,ESCRITORIO CONTABIL VECCHI,11,36419941,,,VECCHICONTABIL@GMAIL.COM,,,
21288694000184,WM ASSESSORIA CONTABIL,11,36937211,11,87607135,WILLIAM@WMCONT.COM.BR,,,
21483074000104,,11,27785515,,,CONTATO@WORKFLOWCONTABILIDADE.COM.BR,,,
21506428000180,SIMPLES ASSESSORIA CONTABIL,11,81279727,,,CONTATO@ACONTABILIDADESIMPLES.COM,,,
21617732000103,MECONT ASSESSORIA CONTABIL,11,28940526,,,MECONT@MECONTCONTABIL.COM.BR,,,
21630802000155,,11,26821269,,,PINEZICONTABIL@TERRA.COM.BR,,,
21709732000125,LOSALLES,11,32140212,,,ATENDIMENTO@SIMACONT.COM.BR,,,
21727130000109,,11,32591133,11,31294924,OKAYBRAZIL@OUTLOOK.COM,,,
21860040000183,ESCRITORIO RCL CONTABIL,11,27414376,,,RCLCONTABIL@HOTMAIL.COM,,,
21921647000126,DTS CONSULTORIA CONTABIL,11,22761525,11,76690153,DANIEL.TRISTAO@ZEISS.COM,,,
21787595000147,GTMCONTABIL,11,39422093,,,GENIVALDO@GTMCONTABIL.COM,,,
22072501000116,AKASPY,11,39382960,,,CONTABILIDADE@AKASPY.COM.BR,,,
22244345000123,GAFFA CONTABILIDADE,11,56312533,,,GAFFA@GAFFA.COM.BR,,,
22492627000140,PADOVA CONTABILIDADE,11,26594984,,,RAFAEL@PADOVACONTABILIDADE.COM.BR,,,
22515388000104,WMOURA ACESSORIA CONTABIL,11,29494686,,,wjmoura3@gmail.com,,,
22653278000109,ESDRA CONTABILIDADE,11,35670997,,,CONTATO@ESDRASCONTABILIDADE.COM.BR,,,
22753376000100,AMPLU,11,23718491,11,23718418,ADRIANO@AMPLUERVICOS.COM.BR,,,
22895384000190,NOGAP CONSULTORIA CONTABIL,11,39383658,,,DOCUMENTACAO@NOGAPCONSULTORIA.COM.BR,,,
22942109000180,R2V2 ASSESSORIA ADMINISTRATIVA ME,11,25074085,,,ronaldofdocarmo@hotmail.com,,,
22957879000105,DBP GROUP,11,20942295,,,CONTATO@DBPGROUP.COM.BR,,,
23091991000160,,11,63347882,,,SOEIROCONTABILIDADE@HOTMAIL.COM,,,
23109907000199,,11,29815334,,,JANINHAMARAGNO@GMAIL.COM,,,
23300154000102,REAL ASSESSORIA CONTABIL,11,28939347,11,84606447,DINIZPACHECO@HOTMAIL.COM,,,
23335087000153,PLANO ASSESSORIA CONTABIL,11,20428126,,,LUNECON@IG.COM.BR,,,
23353825000195,CAS CONTROLE E AUDITORIA,11,27981532,,,caserrada@globomail.com,,,
23462822000190,NOTORIOS CONSULTORIA,11,12836868,,,RONALDOADRIANO976@GMAIL.COM,,,
23484380000182,G&C CONTABILIDADE,11,45629672,,,G&CCONTABILIDADE@HOTMAIL.COM,,,
23491556000123,LOPES PERICIA FINANCEIRA,6920601,11,27259815,,,esposito.perito@gmail.com,,
23532601000140,AGREGA CONSULTING,11,39318793,,,PAULO@AGREGACONSULTING.COM.BR,,,
23564035000159,,11,23041358,,,SILVIO.GUSHIKEN@TERRA.COM.BR,,,
23726104000183,RP CONTABILIDADE,11,20976192,,,ORIUN@TERRA.COM.BR,,,
23776340000104,TIHARA CONSULTORIA,11,27053382,11,94572225,TANIA.IHARA@NOVAPAGINA.COM.BR,,,
24056189000100,S&S ASSESSORIA CONTABIL,11,98100688,,,raquel_stefani@yahoo.com.br,,,
24083368000129,,11,22088718,,,edufaita@hotmail.com,,,
24087573000162,SYRIUS TECHNOLOGY,11,28620730,,,LUISMAR.SANTOS@GMAIL.COM,,,
20908948000157,VITAE CONTABIL,11,34365485,,,LUCIANO.SANTOS@VITAECONTABIL.COM.BR,,,
24091609000181,WBS,11,96695034,,,,,,
24104361000146,TRIA CONTABILIDADE,11,55636966,,,INES.PEREIRA@UOL.COM.BR,,,
24145398000112,TATIANE ALMEIDA CONTABILIDADE,11,27018646,11,32578779,TATIANEALMEIDACONTABILIDADE@BOL.COM.BR,,,
24146873000175,RIGAZZI CONTABILIDADE,11,39326315,,,RIGAZZICONTABILIDADE@GMAIL.COM,,,
24189109000187,,11,71783306,,,admarques@hotmail.com,,,
24225340000189,,11,56725892,,,lourivalpc@gmail.com,,,
24581850000199,FEMA CONSULTORIA,11,58335387,,,MARCOSJR.07@GMAIL.COM,,,
24805225000183,TERCIO RENATO TEIXEIRA SANTANA,11,32294376,,,tercioteixeira@terra.com.br,,,
24883059000133,,11,30459454,,,ALEXANDRE@ARVCONTABILIDADE.COM.BR,,,
24926700000170,LD CONTABIL ASSESSORIA,11,20462989,,,ldcontabil@outlook.com,,,
24996631000170,,11,30824288,,,ARKIE@UOL.COM.BR,,,
25313785000183,BD CONTABILIDADE,11,22366561,,,gegilins@gmail.com.br,,,
25421869000130,CONTICONTABIL ASSESSORIA CONTABIL,11,89166067,11,26502951,CONTATOS@CONTICONTABIL.COM.BR,,,
22534146000150,,11,32311077,,,MAAPAS@UOL.COM.BR,,,
8823289000150,EXTRATUS CONTABILIDADE,11,26913701,11,55117078,EXTRATUS@EXTRATUSCONTABILIDADE.COM.BR,,,
10877778000137,,11,25073125,,,YACP@YACP.COM.BR,,,
11134268000132,PRYZE CONSULTING,7107,6920601,11,37294357,11,93467807,MC@PRYZE.COM.BR,
21963774000198,APRIORI ASSESSORIA CONTABIL E EMPRESARIAL,11,26763163,,,APRIORI@APRIORICONTABIL.COM.BR,,,
8397835000139,,11,31165050,,,INTEGRALCONTABIL@INTEGRALCONTABIL.COM.BR,,,
25499826000178,MADE CONSULTORIA,11,33921007,,,MAURO.BUENO@MADECONSULTORIA.COM.BR,,,
20290512000147,MOLICA'S OFFICE,11,32140336,,,DANIELA@MO-CONTABILIDADE.COM.BR,,,
23095079000187,GRUPO FISCONTAU,11,22250039,,,VMELO@FISCONTAU.COM.BR,,,
17689786000107,PROFITPLUS CONTABIL,11,91389930,,,VALMIR@CAVALAROJR.COM.BR,,,
15336166000150,FEEDBACK CONTABILIDADE,11,22857727,11,95464273,CONTATO@FEEDBACKCONTABILIDADE.COM.BR,,,
21245407000159,BIO CONTABIL IPIRANGA,11,26408627,,,,,,
14444610000199,REEM,11,55430228,11,50965021,REEMLTDA@GMAIL.COM,,,
10527900000145,PINHEIRO ASSESSORIA JURIDICA E CONTABIL,11,35829514,,,AILTONPINHEIRO@ASSESSORIAGP.COM.BR,,,
11780354000112,MARAJOARA CONTABIL,11,99999999,,,DIRETORIA@MARAJOARACONTABIL.COM.BR,,,
24860367000143,4BPO CONTABILIDADE,11,41720916,,,CONTATO@4BPO.COM.BR,,,
13760444000177,CONTAGILE CONTABILIDADE,11,80856088,,,RAFAEL@CONTAGILE.COM.BR,,,
11659095000176,,11,63640195,,,RECSERV@RECSERV.COM.BR,,,
10693421000107,RM CONTABILIDADE,11,22318788,11,34597709,CONTATO@RMCNT.COM.BR,,,
13498204000146,C 3 CONTABILIDADE,11,58733402,,,CONTATO@CONTABILC3.COM.BR,,,
24199855000151,CONTABILIX CONTABILIDADE ONLINE,11,41183442,,,SOCIETARIO@CONTABILIX.COM.BR,,,
18318146000145,J NASCIM CONSULTORIA EMPRESARIAL & CONTABILIDADE,11,79768215,,,JOAOREINALDO30729@GMAIL.COM,,,
17465523000106,******,11,33926005,,,ALEXANDRE.BARBOZA@BLSCOMPANY.COM.BR,,,
14840758000142,GNS SERVICOS CONTABEIS E PATRIMONIAL UNIPESSOAL,11,92786171,,,GISLEIDE_SOARES@HOTMAIL.COM,,,
13935720000190,OTTO ASSESSORIA CONTABIL ME,11,59720674,,,katia@ottocontabil.com.br,,,
17110850000145,PPO BRASIL,11,48580333,,,PPOBRASIL@PPOBRASIL.COM.BR,,,
15140377000113,J.A. TAMBASCO CONTABILIDADE,11,33925910,11,33925910,paralegal@opiniaoassessoria.com.br,,,
12742788000190,ATIVO ASSESSORIA CONTABIL,11,69093411,,,ATIVO@ATIVOEMPRESARIAL.COM.BR,,,
21772242000173,MRZCONT,11,34733838,11,29104122,LEGAL@MRZCONT.COM.BR,,,
23954533000108,SOLIDEZ SERVICOS CONTABEIS,11,32099327,,,FISCAL@SOLIDEZCONTABILIDADE.COM.BR,,,
20247522000108,,11,55798988,,,CONTATO@ONIXLATAM.COM,,,
11159235000147,PEDROSA ASSESSORIA,11,99999999,,,DENISE_PEDROSA@YAHOO.COM.BR,,,
8397568000108,OCD,11,31013385,,,FALECOM@OCDCONTABIL.COM.BR,,,
22560377000138,DRI.CONT ASSESSORIA CONTABIL,11,85148501,,,ADRIANA25621@GMAIL.COM,,,
25310730000110,,11,70252047,,,FISCAL@FOCUSCONTADORES.COM,,,
24504611000135,CFO CONTABIL,11,37668334,11,42487128,CARLOS@CFOCONTABIL.COM.BR,,,
19224230000162,,11,31591048,,,FRANCISCO@SENOECOSSENO.COM.BR,,,
14709523000116,IRS SILVA ASSESSORIA CONTABIL,11,64701792,,,ILSOMROBERTOSILVA@HOTMAIL.COM,,,
8271898000144,SERVICE SOLUCOES CONTABEIS,11,40327465,,,ANTONIOGOBBS@GMAIL.COM,,,
19693780000120,CHANCE PLANEJAMENTO,11,38162058,,,GAMBINI.SERGIO@CHANCEPLANEJAMENTO.COM.BR,,,
9226449000147,PROVER,11,55873987,,,JAQUELINE@PROVERASSESSORIA.COM.BR,,,
9720575000153,GOMES CONTABILIDADE,11,38071394,,,CONT.GOMES@TERRA.COM.BR,,,
21552715000127,SAFIRA CONTABIL,11,24761295,,,CONTATO@SAFIRACONTABIL.COM.BR,,,
10449543000144,RFARIAS ASSESSORIA CONTABIL,11,26396164,,,CONTABIL-FARIAS@OUTLOOK.COM,,,
11585774000148,JIMMY CONTABILIDADE,11,80311172,,,CONTATO@JIMMYCONTABILIDADE.COM.BR,,,
11736300000150,CJ CONTABILIDADE,11,94394140,,,CLAUDELINO@CJCONTABILIDADE.COM.BR,,,
10603192000184,PRION CONTABILIDADE,11,26537004,11,26528724,MBEBIANO@PRION.CNT.BR,,,
19380201000190,,11,37919908,11,37919909,FISCAL@QBFCONTABILIDADE.COM.BR,,,
17822265000178,LEGALIZA SOLUCOES EMPRESARIAIS,11,33382607,,,SILVIO@LEGALIZASOLUCOES.COM.BR,,,
11124602000177,CONCENTRA CONSULTORIA,11,29917108,,,CRSTOCCHI@UOL.COM.BR,,,
11177348000175,ALDM ASSESSORIA EMPRESARIAL,11,22327228,11,74657232,ALDC.CONTABILIDADE@GMAIL.COM,,,
11433768000175,,11,29675173,,,GARE@GRMCONTABIL.COM.BR,,,
13529497000181,SOLUTION CONTABILIDADE,11,27876402,,,CONTATO@SOLUTIONCONTABILIDADE.COM.BR,,,
15313789000108,,11,23726257,,,elenicedomingues@ig.com.br,,,
18983912000196,ECIL CONTABILIDADE,11,58427885,,,vera_matos@hotmail.com,,,
23235065000111,V3C SOLUCOES EMPRESARIAIS,11,24596492,,,CONTATO@V3CSOLUCOES.COM.BR,,,
24563545000174,ALTIORA GESTAO,11,23693664,,,CONTATO@FORTCONTSOLUCOES.COM.BR,,,
11753046000106,APPOLONIA CONTABILIDADE,11,38352040,11,87470508,APPOLONIA@APPOLONIA.COM.BR,,,
26029972000100,,11,23665230,11,92413426,DIMOL@DIMOLCONTABIL.COM.BR,,,
26283818000152,DCLT CONTABIL,11,30744000,11,98573580,DOUGLASTAVEIROS@GMAIL.COM,,,
26323489000126,KLP SERVICOS CONTABIL,11,23381159,,,KALCRIS@UOL.COM.BR,,,
26333415000170,AAS CONSULTORIA CONTABIL,11,99006033,11,45086033,ANDRE.ARAUJO.SOUZA@GMAIL.COM,,,
26372394000100,,11,26022600,,,PRONE@PRONE.COM.BR,,,
26429226000104,MP&C CONTABILIDADE E GESTAO EMPRESARIAL,11,22068161,,,mpccontab@gmail.com,,,
26437024000104,,11,38710506,,,SOCIETARIO@ACTUALNET.COM.BR,,,
26461522000184,,11,38621787,,,LUCIANO@LMFCONTABIL.COM.BR,,,
26538289000190,OW14 ADMINITRACAO E CONSULTORIA CONTABIL,11,20128224,,,olavo14@hotmail.com,,,
26544493000114,NOVA4 CONTABILIDADE E CONSULTORIA,11,51812048,,,ALEXANDRE.RODRIGUES@NOVA4.COM.BR,,,
26568750000158,BOAS VINDAS,11,55114146,11,55133695,EDINICEBOASVINDAS@IG.COM.BR,,,
26683105000186,,11,32564864,,,OPINION.CONTABIL@UOL.COM.BR,,,
26759798000143,EJ PRIMOS SERVICOS CONTABEIS E FISCAIS,11,82544983,,,EJPRIMOS.CONTABILIDADE@GMAIL.COM,,,
26881962000190,,11,27557211,11,27557208,ADILNOVAIS922@GMAIL.COM,,,
26969557000129,CONTROLL CONT - CONTABILIDADE & GESTAO,11,33608581,11,84648076,CONTADORALVARO@YAHOO.COM.BR,,,
27149085000120,OHS - PRESTADORA DE SERVICOS CONTABEIS,11,26582106,11,83881114,RAFAEL@OHSCONTABILIDADE.COM.BR,,,
27490769000191,WG CONSULTORIA CONTABIL,11,98735165,,,WSGARCIA@GMAIL.COM,,,
27601823000129,IGALI CONTABILIDADE,11,23614346,11,40465568,ADM@IGALICONTABILIDADE.COM.BR,,,
27638408000140,CHC ORGANIZACAO CONTABIL,11,22684769,,,FAFA_MARY@HOTMAIL.COM,,,
27698384000114,JRMENDONCA CONTABILIDADE,11,38532367,,,jrmendonca.contabilidade@gmail.com,,,
27717381000180,ACTUAL,11,38710506,,,SOCIETARIO@ACTUALNET.COM.BR,,,
27664425000151,PLATINUM CONTABIL,11,60847766,,,LUIZCLAUDIO@FATOREMPRESARIAL.COM.BR,,,
27905049000140,RTPA CONSULTORIA CONTABIL E TRIBUTARIA,11,39265256,,,ROBERTO@RTPA.COM.BR,,,
27990106000136,ESCRITORIO CONTABIL MACHADO DE ASSIS,11,55731076,,,ECMA.CONTABIL@GMAIL.COM,,,
28100565000160,KAL ASSESSORIA CONTABIL,11,95019962,,,cmiranda.contabilidade@gmail.com,,,
28162445000197,VAG CONTABIL,11,21931664,,,CONTATO@VAGCONTABIL.COM.BR,,,
28198890000107,NDA CONTABILIDADE,11,20699451,,,NDACONTABIL@UOL.COM.BR,,,
28205728000179,ELIANE PINHEIRO ASSESSORIA CONTABIL,11,22862793,,,LIUANGELO2016@GMAIL.COM,,,
28336353000186,VMBE CONSULTORIA,11,25019812,,,CONTATO@VMBE.COM.BR,,,
28355876000170,SOLUCOES FISCAIS,11,40552426,,,kellysantos23@yahoo.com.br,,,
28430017000106,RUBI & MONTE,11,35678823,,,FABIANA.RUBI@HOTMAIL.COM,,,
28443436000174,,11,89570006,,,CRISTINA@ALONSO.COM.BR,,,
28445712000133,MLM SERVICOS CONTABEIS,11,26826414,11,82261099,MLOPESM@GLOBO.COM,,,
28574349000156,,11,31014085,,,PROCESSOS@HOTMAIL.COM,,,
28660721000147,,11,36940205,,,BEDINASSESSORIA@GMAIL.COM,,,
28754694000171,CAFEZEIRO CONTABILIDADE E CONSULTORIA,11,31411918,,,CONTATO@CAFEZEIROCONTABILIDADE.COM.BR,,,
28780347000113,,11,92721667,11,37469691,DMEIRA@GLOBO.COM,,,
28780359000148,INTACTOS GESTAO CONTABIL,11,88346585,,,INTACTOS@INTACTOS.COM.BR,,,
28787798000182,RPARDINHO CONTABIL TERCEIRIZACAO DE DPT FISCAL CONSULT,11,26422500,11,87969346,CONTATO@RPARDINHOCONTABILIDADE.COM.BR,,,
29009718000120,,11,50554462,,,PARALEGAL@UPTICK.COM.BR,,,
29093178000106,SUPERA ASSESSORIA E CONSULTORIA CONTABIL,11,56668181,,,RWA@RWACONTABIL.COM.BR,,,
29187021000140,FUTURA CONTABILIDADE,11,70832551,,,FUTURA.CONTABILIDADE@TERRA.COM.BR,,,
29299381000133,PATERNOMOS ASSESSORIA CONTABIL,11,83173113,,,PATERNOMOSCONTABILIDADE@GMAIL.COM,,,
29452618000174,RICCI CONTABIL,11,20525852,11,87107898,SUELIRICCI_@HOTMAIL.COM,,,
29490821000135,J R VIEIRA CONSULTORIA CONTABIL,11,33684565,11,33684925,JANETE.RIBEIRO@JRVIEIRAASSESSORIA.COM.BR,,,
14156670000297,CONSTAR,11,23731207,11,56622493,FISCAL@CONSTARCONTABILIDADE.COM.BR,,,
29556815000133,AGIL CONT,11,26884098,11,46618180,AGILCONT.CONTABILIDADE@GMAIL.COM,,,
26606495000190,CONTACT ASSESSORIA,11,23861200,,,FISCAL@CONTACTASSESSORIA.COM.BR,,,
29586772000139,LNL SOLUCOES CONTABEIS,11,74505114,,,CANDRADEOLIVEIRA@HOTMAIL.COM,,,
29609033000115,,11,84169430,,,HVLCONTABILIDADE@GMAIL.COM,,,
29641847000137,RLB ASSESSORIA CONTABIL E FISCAL,11,76493762,,,RLBOCHI@HOTMAIL.COM,,,
28832995000176,GOLDENCONT CONTABILIDADE,11,86970101,,,HEMONY@GOLDENCONT.COM.BR,,,
29777849000158,,11,56360711,,,DAVID.LENI@HOTMAIL.COM,,,
29846727000176,,11,58331808,,,JA_ASSESSORIA@YAHOO.COM,,,
29869916000164,,11,41087074,,,SERGIOMATTEUCCI@YAHOO.COM.BR,,,
29957467000106,ACCOUNTNEX,11,94378359,,,PEDROYOSHIO@GMAIL.COM,,,
29998287000172,,11,50424320,,,,,,
30105065000162,COMPACTRIA CONTABILIDADE,11,33511371,,,FISCAL@COMPACTRIA.COM.BR,,,
30170362000191,,11,31336700,,,EXP@CONTABILCB.COM.BR,,,
30513508000154,CONPEW CONTABILIDADE,11,22410016,,,CONPEW@TERRA.COM.BR,,,
30651803000177,DELTA ASSESSORIA EMPRESARIAL,11,22363233,,,REPARTICAO@DELTAASSESSORIA.COM.BR,,,
30708837000150,,11,27291198,11,59848700,CAABATEPAULOCONTABIL@GMAIL.COM,,,
30746262000160,WSO CONTABILIDADE,11,44418264,,,CONTATO@WSOCONTABILIDADE.COM.BR,,,
30813283000151,MSI CONTABILIDADE,11,77305318,,,MSI@MSICONTABIL.COM.BR,,,
30945925000176,KF MOREIRA CONTABIL,11,54733989,,,KAUE.LHP@HOTMAIL.COM,,,
30952404000146,POLLI & SALES CONTABIL,11,31056522,,,CONTATO@POLLISALESCONTABIL.COM.BR,,,
30964400000188,,11,29541620,11,36544323,VILMA.BESSA@UOL.COM.BR,,,
31172313000150,,11,38855049,,,JESSICA@DCCONTABIL.COM.BR,,,
31197245000184,COMAK,11,34771346,,,CONTATO@COMAKCONTABILIDADE.COM.BR,,,
31202471000106,,11,55899266,,,APOIO@CONTABILESFINGE.COM.BR,,,
31394169000105,DUTRA CONTABILIDADE E AUDITORIA,11,76571531,11,82141490,ODAIRDUTRA@UOL.COM.BR,,,
31411100000134,JA CALCULEI,11,8006515,,,FINANCEIRO@JACACULEI.COM.BR,,,
31596787000120,OLHAR CONTABIL ADV,11,28943473,,,CONTABILIDADE@KLCPADM.COM.BR,,,
31620109000155,PEJOTA,11,20961797,11,50262494,CONTATO@PEJOTACONTABILIDADE.COM.BR,,,
31832641000136,FX CONTABILIDADE,11,39769012,,,FELI_LIPEE@HOTMAIL.COM,,,
32072067000128,,11,96633646,,,ALEX.GUEDESS@GMAIL.COM,,,
32347520000161,N & A ORGANIZACAO CONTABIL,11,22116799,,,APN.NAKAZONE@GMAIL.COM,,,
32392337000188,,11,23482359,,,SOCIETARIO@MSCHMIDTCONTABIL.COM.BR,,,
32439931000187,VG CONTABIL,11,22110347,,,VGCONTABIL.DP@OUTLOOK.COM,,,
32618700000130,TEMIS CONTABIL,11,39996995,11,49031963,RPASSOSLICENCE@GMAIL.COM,,,
32751467000160,,11,20854747,,,CONTABILIDADE@ITOSALESCONTABIL.COM.BR,,,
32810141000166,ELLIOM - ASSESSORIA E CONSULTORIA CONTABIL,11,29427395,,,ELLIOMCONTABIL@GMAIL.COM,,,
71540546000264,,11,41256280,,,SERCON@SERCONCONTABIL.COM.BR,,,
33022933000139,AUDITUS PARTNERS,11,22251561,,,SOUZATEC@SOUZATEC.COM.BR,,,
33103921000139,CLAP CONTABILIDADE,11,25068168,,,PRISCILA.YK@GMAIL.COM,,,
33106569000195,AZ CONTABIL,11,39917811,,,AZCONTABILIDADE@UOL.COM.BR,,,
33118504000160,,11,25579639,,,tatiane.chavescosta@hotmail.com,,,
33156740000170,ASSESSORIA CONTABIL,11,20923961,,,CONTATO@MISIELLE.COM.BR,,,
33167085000156,HOT CONT CONTABILIDADE,11,36379827,,,CONTATO@HOTCONT.COM.BR,,,
33399994000110,,11,47170401,,,ALSA.APOIO@OUTLOOK.COM,,,
33847788000125,UP WORK,11,32140620,,,JOSE.LOPES@CLAGLOBAL.COM.BR,,,
34260670000169,,11,82433786,,,CONTATO@ESCRITORIOLIMAS.COM.BR,,,
12419718000287,SOUSA & SOUSA CONTABILIDADE,11,24649984,11,79729794,FANNY@SOUSASOLUCOESCONTABEIS.COM.BR,,,
34471819000159,MOBILE SOLUCOES E ASSESSORIA CONTABIL EIRELI,11,52415960,,,MC-PUGA@UOL.COM.BR,,,
34499091000173,J BARBOZA ASSESSORIA CONTABIL,11,20878980,,,JOSELITABX@GMAIL.COM,,,
34499969000170,,11,22017723,,,CONTATO@SFERASOLUCOES.COM.BR,,,
34899108000180,S R CONSULTORIA EMPRESARIAL,11,34313251,,,SRBCONTABILIDADE@GMAIL.COM,,,
35080199000190,BRIGATI SOLUCOES CONTABEIS,11,98054102,,,,,,
35100977000165,,11,82336080,,,SILVIANCCASTRO@GMAIL.COM,,,
30020908000128,IMPERIUM CONTABILIDADE,11,64490962,11,81027297,CONTATO@1ICONSULTORIACONTABIL.COM.BR,,,
35250191000124,EUCONTABILIZO WEB,11,32852707,,,SUPORTE@EUCONTABILIZOWEB.COM.BR,,,
35265151000156,CORDEIRO GESTAO CONTABIL - EIRELI,11,36373303,,,DENISCD@GMAIL.COM,,,
35404332000116,,11,31163230,,,ADM@SEDYLUX.COM.BR,,,
35519772000119,,11,47656673,,,CONTATO@ADVYS.COM.BR,,,
35521529000135,T. W. T. SERVICOS CONTABEIS,11,72399347,,,TWT.SERVICOSCONTABEIS@HOTMAIL.COM,,,
35551334000138,LS SOLUCOES CONTABEIS,11,23717400,11,63058901,CONTATO@LSSOLUCOESCONTABEIS.COM.BR,,,
35718017000163,,11,96712398,,,ATHIMOTIO@HOTMAIL.COM,,,
35736468000123,RAE CONTABILIDADE,11,41791919,11,97394377,ESCRITORIO@RAECONTABILIDADE.COM.BR,,,
35775948000101,PRAGMATIKOS,11,43141624,,,COMPLIANCE@PRAGMATIKOS.COM.BR,,,
35813603000197,,11,30325129,,,CELYMELLO@UOL.COM.BR,,,
26778929000130,JL MONTEIRO,11,31054026,,,LUCIANE_CONTABILIDADE@HOTMAIL.COM,,,
35956901000136,,11,55127256,,,A.CARLOS.FREITAS@GMAIL.COM,,,
36131153000115,R.S.S. CONTABILIDADE,11,71218983,,,RESSIQUEIRA8@GMAIL.COM,,,
36163183000103,MALU CONTABIL,11,47019755,,,LEGALIZACAO@MONTEIRORONDO.COM,,,
36228311000150,RBF CONTABILIDADE,11,47883430,11,94788343,RBF@RBFCONTABILIDADE.COM,,,
36265865000127,BETTER CONTABILIDADE,11,23079394,,,LEGALIZACOES@BETTERCONTABIL.COM.BR,,,
36290043000104,DE LUCA,11,20214968,,,ALDO.LUCA@UOL.COM.BR,,,
36357037000119,IPE AVALIACOES E SERVICOS CONTABEIS LTDA,11,35227990,,,CONTABILIDADEAMAURI@GMAIL.COM,,,
36536221000126,CS TEAM,11,38637030,,,CONTATO@CSTEAMCONTABIL.COM.BR,,,
32676511000114,OLVC ASSESSORIA CONTABIL E GESTAO EMPRESARIAL,11,25287418,,,ROSANGELA@OLVC.COM.BR,,,
36716734000119,,11,32075939,11,98431488,CONTATO@CONTMEX.COM.BR,,,
36898794000108,2R INVESTIMENTOS,18,32231142,,,COMERCIAL@AEROCONSOLUTION.COM.BR,,,
36905009000199,CONSAN CONSULTORIA,11,99999999,,,SANTIAGO_MOREIRA@HOTMAIL.COM,,,
37042253000138,NG CONSULTORIA,11,27494164,,,ESC.ATLANTIDA@UOL.COM.BR,,,
37121797000195,LOTO 3 CONTABILIDADE,11,50825000,,,LEGALIZACAO@LOTO3CONTABIL.COM.BR,,,
37129568000117,BRASIL BOOKKEEPER / BRASIL BKPER,11,26264742,,,LEGAL@BRASILBKPER.COM.BR,,,
37334926000123,ELIZANGELA PEREIRA LOPES NONATO,11,93076603,11,50710182,ELIZPLNONATO@OUTLOOK.COM,,,
37471371000161,,11,71824013,,,NIVALDO@CONTILEX88.COM.BR,,,
37836551000108,CONTLLINE CONTABILIDADE DIGITAL,11,71574458,,,CONTABILIDADECONTLLINE@GMAIL.COM,,,
37902592000147,R & B ASSESSORIA CONTABIL,11,47496130,,,RENATACONTADORA@OUTLOOK.COM.BR,,,
37805977000196,,11,44206000,,,REGULATORIO@SOUZAMAAS.COM.BR,,,
38033697000170,MSOARES CONSULTORIA FISCAL E CONTABILIDADE,11,98088155,,,MARIO.SOARES@MSOARESCONTABIL.COM,,,
38039638000109,FERNANDA LELIS RIBEIRO CONTABILIDADE E CONSULTORIA LTDA,11,73560284,,,LELISRIBEIROCRC@OUTLOOK.COM,,,
38064172000100,,11,89731215,,,LAUDELINOLC@HOTMAIL.COM,,,
38201355000111,,11,47951917,,,MELISSALINE2019@GMAIL.COM,,,
35816704000111,PROJETA SOLUCOES,13,97965400,,,VALMIR.HORA@PROJETACONTABIL.COM.BR,,,
38312042000130,PROBITATIS CONTABILIDADE,11,23623176,11,85596103,ESCRITORIO@PROBITATISCONTABIL.COM.BR,,,
38373546000160,,11,48901910,,,KATIA.KEILA@SERPACPL.COM.BR,,,
38417710000194,,11,11177645,,,CONTATO@UNIPARCONTABILIDADE.COM.BR,,,
38715704000113,ESCRITORIO PRIMER,11,22973071,,,ES@CONTABILPRIMER.COM.BR,,,
39166615000128,,11,86253722,,,PEREZTHJ@GMAIL.COM,,,
39297822000111,,11,80740481,,,ANDRESSA@CONTABILIDADEDESTAC.COM.BR,,,
39298460000183,V. VALLI CONSULTORIA E ASSESSORIA CONTABIL,11,32947098,,,VIVIANELMOSCARDIV@GMAIL.COM,,,
39331460000138,E-CONTABIL ON CONTABILIDADE,11,99999999,,,ECONTABILON@GMAIL.COM,,,
39377489000150,,11,82022863,,,CLAUDIA@IMPLEMENTCONTABIL.COM,,,
39878436000113,JOIA CONTABIL,11,96011749,,,ALINE.JOIA@HOTMAIL.COM,,,
39954856000131,,11,99999999,,,EILICFT@UOL.COM.BR,,,
39973796000102,,11,87770299,,,PATRICIA@PBSCONTABILIDADE.COM.BR,,,
40021753000106,ICF INTEGRACAO CONTABIL,11,42366196,,,CONTATO@ICFCONTABILIDADE.COM.BR,,,
40137794000154,FSB ASSESSORIA CONTABIL E EMPRESARIAL,11,85515717,,,FISCAL@FSB-ASSESSORIA.COM.BR,,,
26938588000112,DFCONT,11,39991870,,,CONTATO@DFCONT.COM.BR,,,
40438807000125,24 HORAS CONTABILIDADE RESULTADOS E TECNOLOGIAS,19,35006501,11,31812921,24HORASCONTABILIDADE@GMAIL.COM,,,
40724851000100,CARRERA ORGANIZACAO CONTABIL,11,38040814,11,34618795,CONTATO@CARRERACONTABIL.COM.BR,,,
32781275000104,LUMIER CONSULTORIA CONTABIL,11,50622767,,,FISCAL@OPERACAOCONTABIL.COM.BR,,,
40846191000121,SAMPETRI CONTABILIDADE,11,92788865,,,SHY.SP@HOTMAIL.COM,,,
29961923000191,CSS ASSESSORIA EMPRESARIAL,11,37810151,,,CSS_CAMILA@YAHOO.COM.BR,,,
41200274000101,THG CONTABILIDADE,11,32312759,,,ATENDIMENTO@THGCONSULT.COM.BR,,,
41251541000170,AWARE FINANCE,18,10682931,,,CONTATO@HUBMED.COM.BR,,,
41533877000125,,11,37739041,,,ALINE.CONTABIL@GRUPOALINE.COM.BR,,,
41748423000171,CAMILA ORO CONTABILIDADE,5511,77396358,0,0,CAMILACONESUL@GMAIL.COM,,,
41777875000181,GWR CONTABILIDADE & CONSULTORIA,11,25032141,11,34430990,CONTATO@GWRCONTABILIDADE.COM.BR,,,
41780322000188,IEVENS,11,32144076,,,KAUEALBANO@OUTLOOK.COM,,,
41817960000126,JFENIX CONTABILIDADE,11,22939208,,,ADM@JOTAFENIX.COM.BR,,,
41882488000105,MDC ASSESSORIA CONTABIL,11,96023122,,,MARCELOFCLAUDINO@GMAIL.COM,,,
41903958000170,,11,22273440,,,KATIA@KAED.COM.BR,,,
27872389000111,MARCOS E PROTI CONTABILIDADE,11,39316788,,,marcdeoliveira03@gmail.com,,,
37971825000163,,11,41636899,,,MARTA@JMSCONTABIL.COM.BR,,,
39863640000160,ESX2 CONTABILIDADE PARA MICROEMPRESA,11,59276951,11,66643036,CONTADOR@ESX2CONTABIL.COM.BR,,,
31605146000194,IDEAL CONTABILIDADE SP LTDA,11,23087547,,,IDEAL.CONTABILIDADESP@GMAIL.COM,,,
41976833000170,DBR CONTABILIDADE,11,94690838,,,MURILO.ROSA@SP.EAGV.COM.BR,,,
41986567000166,MBFRUTUOSO ASSESSORIA CONTABIL LTDA,11,93929959,,,MBFRUTUOSO@GMAIL.COM,,,
41991321000182,LBF CONTABILIDADE,11,58063841,,,THAMIRES@LBFCONTABILIDADE.COM.BR,,,
42030127000101,,11,41268915,,,CONTATO@LMSOLUCAOCONTABIL.COM.BR,,,
42086299000199,WAGNER BABA,5511,98020589,0,0,WAGNER_SADAO@HOTMAIL.COM,,,
42113954000150,ATOS E FATOS SOLUCOES CONTABEIS,11,39353756,11,60707389,ATOSEFATOSSOLUCOESCONTABEIS@GMAIL.COM,,,
42255080000176,AMANDA BRESSAN,11,47305429,,,AMANDABRESSAN@BRESSANCONTABILIDADE.COM.BR,,,
42356529000192,FACTVS CONSULTORIA E ADMINISTRACAO,11,83468380,,,CONSULTORIAFACTVS@GMAIL.COM,,,
35027289000117,CAPITALIZE CONTADORES,81,32260233,,,ONILSON@CAPITALIZECONSULTORES.COM.BR,,,
42535244000119,D+,11,31360235,,,DMAIS@DMAIS.CNT.BR,,,
42621762000155,GRUPO MM2B,11,35549003,,,LEGAL01@LAGOACONTABILIDADE.COM.BR,,,
42629226000104,,5511,79907542,0,0,VALMIREGABI@GMAIL.COM,,,
42732915000131,MAGNA BR CONSULTING,11,84864796,,,RAPHAEL@MAGNABR.COM,,,
42775100000130,PROFORMA SOLUCOES EMPRESARIAIS,11,23029599,,,JAIRSILVEIRA1974@GMAIL.COM,,,
43201170000147,A.C.E. CONTABILIDADE,11,26252948,,,CONTABILIDADEACE@HOTMAIL.COM,,,
43358375000130,BRIANESI ASSESSORIA CONTABIL,5511,76920990,0,0,BRIANESI.CLAUDIO@GMAIL.COM,,,
29260060000125,NATALIA DIAS ASSESSORIA CONTABIL,11,51840245,,,NATALIA@NATALIADIASCONTABIL.COM.BR,,,
43683917000140,CONTPRATIC,11,64410535,,,CONTATO@CONTPRATIC.COM,,,
28449033000132,,11,92603113,,,LEGAL@CONTRES.COM.BR,,,
32583101000129,CORINGA IMOVEIS,11,23641230,,,CORINGA@CORINGA.COM,,,
28816263000192,AZUL BPO T.A.C.ORG.,11,22335402,,,oscar.avelino@azulbpo.com.br,,,
33849684000150,EXCELLENCE,11,77415493,,,,,,
31045609000100,GRUPO VOF,11,29581000,11,29581100,GRUPOVOF.EXPEDIENTE@GMAIL.COM,,,
26245313000101,DBCONT,11,51960104,,,CONTATO@DBCONT.COM.BR,,,
40705606000147,4YOU,11,78237050,,,RELACIONAMENTO@4YCONSULTORIA.COM.BR,,,
41882265000148,NOVOMILE,11,32077033,11,32720260,NOVOMILE.OPS@NOVOMILE.COM.BR,,,
37836245000163,SENA E BROSE,11,31012881,,,JURIDICO@SCONT.COM.BR,,,
36712713000125,,11,30743099,,,ROGERIO.ROSSI@TRUECPAGROUP.COM,,,
33375285000102,,11,94379526,,,PRSIVIDANES@UOL.COM.BR,,,
39966301000100,JRMB CONTABILIDADE E GESTAO EMPRESARIAL,11,20521638,,,CONTABIL@JRMBCONTABILIDADE.COM.BR,,,
40220079000180,FACILITE SOLUCOES INTELIGENTES,11,66223727,,,ELAINE.COSTA@FACILITTETRIBUTOS.COM.BR,,,
57806507000235,OLIVER CONTADOR DIGITAL,11,50580550,,,DPLEGAL@OLIVEIRASCONTABIL.COM.BR,,,
27944684000136,MJ PERICIA E AUDITORIA CONTABIL,11,33608250,,,MAURICIO-MENDEZ@LIVE.COM,,,
39994395000120,,11,93010935,,,FCZANCOPE@GMAIL.COM,,,
32577574000113,,11,91826384,,,MARLI.SUELI51@GMAIL.COM,,,
43946245000119,SIAGGA CONTABILIDADE,11,90001027,,,CONTATO@SIAGGACONTABILIDADE.COM,,,
44283144000178,,11,55437760,,,LASP04@HOTMAIL.COM,,,
44358962000192,LIDERCONT,11,82619457,,,CONTATO@PRATICONTABILIDADE.COM.BR,,,
44662956000124,LC ASSESSORIA CONDOMINIAL E CONTABILIDADE,11,46343300,,,LUCIO@GRUPOLCASSESSORIA.COM.BR,,,
44868681000180,DEBORA LIMA,11,93337065,0,0,ALINE_SOFREDINI@HOTMAIL.COM,,,
44923325000111,,11,22216714,,,MARIO.BIMBATTI@BRASCONTIADVISER.COM.BR,,,
44954841000103,FOR SPREAD JC CONTABILIDADE,11,64519183,0,0,CAIQUE_SVIEIRA@HOTMAIL.COM,,,
45151484000108,,11,79826305,,,DAVILEMOSDLL@GMAIL.COM,,,
45274734000105,,11,96182411,,,VERA.TEIXEIRA@STAFFER.COM.BR,,,
45500624000106,TAXTECH,11,75741047,0,0,MMACHADOARAUJO@UOL.COM.BR,,,
45774760000194,MENE CONTABILIDADE,11,99330460,0,0,ERIKAMORIM.NE@GMAIL.COM,,,
45847869000104,,11,66913604,0,0,MARCON_MARIA@HOTMAIL.COM,,,
45865319000118,,11,84301940,,,MDFMARTINS@GMAIL.COM,,,
45882830000128,JL CONTABIL,11,40319764,0,0,JOHNLOPES.JLCONTABIL@GMAIL.COM,,,
45923863000179,WINTAX CONTABILIDADE,11,28093222,,,RODRIGO-MSANTANA@OUTLOOK.COM,,,
45951474000157,,11,29654986,11,48418654,ANE.ASSCONTABIL@GMAIL.COM,,,
46091402000140,CAF,11,93847919,,,CLOVISFERNANDEZ@HOTMAIL.COM,,,
46295546000118,OFFICIA ROCHA CONTABIL,11,55907718,11,54858815,HIGOR@OFFICIACONTABIL.COM,,,
46394809000146,MARFER CONTABIL,11,80881311,0,0,THAIS_MARQUES@HOTMAIL.COM,,,
46400988000187,,11,83183831,0,0,GIRLAINECSP@GMAIL.COM,,,
46437746000168,,11,85985386,,,CONFICONT.ASSESSORIA@HOTMAIL.COM,,,
46448896000177,CONTAPTA,11,97165554,,,CONTATO@CONTAPTA.COM.BR,,,
46473434000100,1010 CONTEC ASSESSORIA TECNICA CONTABIL SS,11,35720535,,,PARALEGAL@CONTEC.CNT.BR,,,
46661098000129,LOTUS EMPRESARIAL,11,20202020,,,CONTABILIDADE@LOTUSEMPRESARIAL.COM.BR,,,
46719834000152,,11,58160516,,,ZIEGLERCONTABIL@GMAIL.COM,,,
46746836000130,CONTASAFE ASSESSORIA CONTABIL,11,89140737,,,ATENDIMENTO@CONTASAFE.COM.BR,,,
46889220000119,MABU CONSULTORIA,11,25770843,,,TATIANE_CONSULTORIA@HOTMAIL.COM,,,
46891704000100,,11,19798279,,,PEDRO@ROMANOEABDALLA.COM.BR,,,
47086979000126,BERNARDO CONTABIL,11,73652670,0,0,JMVB.CONTADOR@GMAIL.COM,,,
47805398000105,,11,48613900,11,48613901,BPS@PRYORGLOBAL.COM,,,
47964657000132,CONFIRP DIGITAL,11,50783060,,,SOCIETARIO@CONFIRP.COM,,,
48020607000160,CROSSI,11,93497595,0,0,CONTABILCROSSI@TERRA.COM.BR,,,
48027164000139,FCA CONTABILIDADE,11,98478528,0,0,FRANCISCO@JANNARELLI.COM.BR,,,
48058495000136,MY HIRATA CONTABIL,11,95116356,0,0,HIRAMARC@HOTMAIL.COM,,,
48137050000141,,11,36662428,,,VICENTE.F@UOL.COM.BR,,,
48257949000106,NSN ASSESSORIA CONTABIL,21,71070556,,,NEILTON.NOGUEIRA@NSNMINAS.COM.BR,,,
48277284000194,BETEL CONTABILIDADE,85,32232272,,,LEGALIZACAO@BETELCONTABILIDADE.COM.BR,,,
48595535000189,,11,55632375,11,55632356,PARALEGAL@KAPCON.COM.BR,,,
48598628000167,AEVO CONSULTORIA,11,45700189,,,CONTATO@AEVOCONSULTORIA.COM.BR,,,
48776297000108,ACCIO CONTABILIDADE,11,47661521,,,ACCIOCONTABILIDADE@HOTMAIL.COM,,,
48993202000108,MENDES DUTRA,11,22563800,,,CONTABIL@MENDESDUTRA.COM,,,
49022656000102,RDMS CONTABILIDADE,11,70994427,0,0,D.DENIS.DAMDS@GMAIL.COM,,,
46136811000115,NEARYOU CONTABILIDADE,11,88669032,,,EDINALDO@NEARYOU.COM.BR,,,
49126269000108,PAIVA'S CONTABILIDADE,11,29516212,,,KLEBERCONTY@GMAIL.COM,,,
49241461000145,AIRCOUNT,11,17777086,0,0,RITACFA1984@GMAIL.COM,,,
49307756000177,,11,91466097,,,S.DONI@HOTMAIL.COM,,,
49422176000120,,11,23343625,,,AJSORGANIZACAO@GMAIL.COM,,,
49235608000194,ALCAMETA CONTABILIDADE,11,68007282,0,0,ALCAMETA@GMAIL.COM,,,
49548374000135,,11,94875716,0,0,CONTABIL.ELAINEARAUJO@GMAIL.COM,,,
49579930000130,,11,62246052,,,TOKIO@TOKIOCONTABILIDADE.COM,,,
49623307000138,,11,38426222,,,APCONSULTORIA@APCONSULTORIA.COM.BR,,,
49718142000188,,11,91858689,,,ADRIANE.CARRO@GMAIL.COM,,,
49725465000107,SERAFIM CONTABILIDADE,11,39338747,0,0,SERAFIM@BIOLACQUA.COM.BR,,,
49883377000125,JVN SERVICOS CONTABEIS,11,76081983,,,JOSE.VAGNER@YAHOO.COM.BR,,,
50029976000165,FINVERA,19,96564099,,,PHATORSPJURIDICO@PHATOR.COM.BR,,,
50167981000134,RESENDE DESENVOLVIMENTO,11,58442068,,,CLAYTON.RESENDE2110@GMAIL.COM,,,
50348284000180,G.L.A CONTABILIDADE CONSULTORIA CONTABIL E TRIBUTARIA,11,51419504,11,60608714,GLACONTABILADVOGADOSEASSOCIADO@GMAIL.COM,,,
50399270000195,,11,55336911,,,KOBIFILHO@GMAIL.COM,,,
46727276000258,ETX CONTABIL SP,21,79319746,,,ATENDIMENTO@ETXCONTABIL.COM.BR,,,
50698654000109,MUNAY CONTABIL,11,99999999,11,11111111,SOCIETARIO@MUNAYCONTABIL.COM,,,
50920912000150,LS CONTABILIDADE,11,63472366,0,0,LUCAS.HENRISANTOS18@GMAIL.COM,,,
50944363000153,DACM,11,91096997,0,0,DANIEL.ACMANZANO@HOTMAIL.COM,,,
51051375000111,,11,29737682,11,19455379,ANDRE.KOGA@KFASERVICOSCONTABEIS.COM.BR,,,
51143567000158,CORETAX CONTABILIDADE,11,50520875,,,ADMINISTRACAO@REVIOCONTABILIDADE.COM.BR,,,
51219072000165,ASF CONTABIL,11,80238875,,,NATALY@PAVON.COM.BR,,,
51440973000182,TACONTA,11,46469329,11,57779329,CENTRAL@TACONTA.COM.BR,,,
51598592000126,,11,51602926,,,CONTATO@DIVINAASSESSORIA.COM,,,
51636174000186,PORCINI & NEVES CONSULTORIA LTDA,11,88366553,,,PORCINIENEVES.CONSULTORIA@GMAIL.COM,,,
51812994000181,JRCONT DIGITAL,11,61671304,,,JR.CONTDIGITAL@GMAIL.COM,,,
51820519000157,CHJ ASSESSORIA,11,97618352,0,0,CAROLINO_R@BOL.COM.BR,,,
6018200000239,,21,99884978,,,CPIRES@PIRESNEGREIROS.COM.BR,,,
52062836000114,RIBER CONTABILIDADE,11,70375105,,,ERIKAPGRIBEIRO@GMAIL.COM,,,
52078767000137,CONSOLIDATED ASSESSORIA CONTABIL,11,83170430,0,0,RAUL@MSBSANCHEZ.COM.BR,,,
52129345000143,COTOBADE CONSULTORIA EMPRESARIAL E CONTABIL,11,81334940,0,0,EFRAGUAS@COTOBADE.COM.BR,,,
6560730000204,FUTURA EMPRESARIAL,63,32331198,,,FUTURA@FUTURACONTABIL.COM.BR,,,
52151680000148,SOLUCOES PRIME CONTABILIDADE,11,48016500,,,MARCELO@SOLUCOESASSESORIA.COM,,,
52183343000132,DOMINIO CONTABILIDADE,11,97182777,0,0,MASTELLIPERITO@GMAIL.COM,,,
52336444000104,RE CONTABILIDAE,11,44926801,0,0,DINEIDIH@GMAIL.COM,,,
52482305000180,NLASSESSORIA CONTABIL & EMPRESARIAL,11,76271650,0,0,NATALIA.BG10@GMAIL.COM,,,
52523436000169,,11,96300787,,,JSCORINGA.SILVA@GMAIL.COM,,,
52594146000106,,11,20917885,,,TRUNPHO@TRUNPHO.COM.BR,,,
52833184000174,ANTARES CONTABILIDADE,11,89335370,0,0,ANTARES@ANTARESCONTABILIDADE.COM.BR,,,
52921323000111,MORISCO ASSESSORIA CONTABIL,11,66843147,0,0,RENATOMORISCO@YAHOO.COM.BR,,,
53063688000115,,11,39412041,,,AFICON@AFICON.COM.BR,,,
52946351000193,CONTAMAC FACILITY,11,33181666,,,CONTAMAC@CONTAMAC.COM.BR,,,
53184518000199,,11,33517398,,,ATENDIMENTO@FOCUSRESULT.COM.BR,,,
53195042000191,WD CONTABILIDADE,11,47220024,,,BEATRIZCONTABILIDADE@OUTLOOK.COM.BR,,,
281742000213,,21,30942323,,,SJTEIXEIRA.RIO@SJTEIXEIRA.COM.BR,,,
53339582000100,CONTABILIDADE DEODATO,11,12953361,0,0,NATO_DEODATO@HOTMAIL.COM,,,
53353636000183,VTMC SOLUCOES E GESTAO CONTABIL,11,31155227,,,LUIZADRIANODIAS@HOTMAIL.COM,,,
53410955000183,SIALEN CONSULTORIA CONTABIL,11,81513802,0,0,CONTATO@SIALENCONSULTORIA.COM.BR,,,
53527159000125,,11,39362154,,,LRS@LRSCONTABILIDADE.COM.BR,,,
53570584000105,CONTA-T,11,47358961,0,0,TN.ALMEIDA@OUTLOOK.COM,,,
53572952000146,GMT ASSESSORIA CONTABIL,11,29782808,,,LEGAL01@GMTCONTABILIDADE.COM.BR,,,
53812557000193,DIGNUS CONTABILIDADE,11,32554597,11,32583669,ANDRE@DIGNUSCONTABILIDADE.COM.BR,,,
53849367000140,BEN SERVICOS CONTABEIS,11,91783805,0,0,SERGIOHENRIQUEDELIMA@GMAIL.COM,,,
53882371000100,LAVINNIA THAUANNE,11,85405147,0,0,LAVINNIATHAUANNESANTOS@GMAIL.COM,,,
53888660000117,E R CONSULTORIA E CONTABILIDADE,11,53628818,,,CONTATO@ERCONSULTORIAECONTABILIDADE.COM,,,
53905155000133,LOTUS PRANA CONTABILIDADE CONSULTIVA,11,99962020,,,ALVERACONTABILIDADE@GMAIL.COM,,,
53974486000125,DESKCONTABIL,11,49697287,0,0,GILBERTO@DESKCONTABIL.COM.BR,,,
53991104000171,FVL CONTABILIDADE,11,81440947,0,0,CONTATO@FVLCONTABILIDADE.COM.BR,,,
54024830000188,W R CONSULTORIA,11,47156395,,,WESLLEYROLDAO.S@GMAIL.COM,,,
54068575000175,,11,55369521,,,SOCIETARIO@LEGALBR.COM.BR,,,
54082760000114,MG PRATES ASSESSORIA EMPRESARIAL,11,94180891,,,MICHELLE_GOMES_PRATES@HOTMAIL.COM,,,
54099648000196,CAVALCANTI ASSESSORIA CONTABIL,11,73934188,,,CAVALCANTI.IVALDO@UOL.COM.BR,,,
54105328000100,BR MALTA,82,93061997,,0,BRUNOREZENDE74@GMAIL.COM,,,
54134647000135,ATIVUM LAW,11,45354180,,,CONTATO@ATIVUM.COM.BR,,,
54198725000165,RD GRUPO- SOLUCOES CONTABEIS,11,85850370,0,0,RODOLFOJSILVA123@GMAIL.COM,,,
54210081000183,THURMANN CONSULTORIA EMPRESARIAL LTDA,11,96584074,,,THURMANNEMPRESARIAL4@GMAIL.COM,,,
54268223000163,LA CONTABILIDADE & CONSULTORIA,11,71115741,,,LA.CONTABILIDADEECONSULTORIA@GMAIL.COM,,,
54274825000123,SANTOS & SILVA CONTADORES ASSOCIADOS,11,70146079,0,0,ROGERIOPS_@HOTMAIL.COM,,,
54327984000149,CONTABIL INSIGHT,11,39924842,,,ADM@INSIGHT.ADM.BR,,,
54384795000108,NOVAERA2201,11,91960463,0,0,VALDEMIR@ROOTSCONTABILIDADE.COM.BR,,,
54574387000119,PPC CONTABILIDADE,11,78019181,,,DANIELLI@PPCON.COM.BR,,,
54601282000101,MFN ASSESSORIA CONTABIL,11,66596900,,,MFN.CONT@GMAIL.COM,,,
54707183000109,AMAGO ASSESSORIA CONTABIL,11,74872960,,,GIOVANA@AMAGOASSESSORIA.COM.BR,,,
54785558000159,MGO CONTABILIDADE TATUAPE,11,23611676,,,ATENDIMENTO@MGOCONTABILIDADE.COM.BR,,,
54826710000102,CAZEVEDO ASSESORIA CONTABIL,11,51599430,,,AZEVEDO.CAUE@BOL.COM.BR,,,
54843607000162,CALADOS ASSESSORIA E CONSULTORIA CONTABIL,11,47697848,,,KESCONT@GMAIL.COM,,,
54843874000130,CEI,11,86550668,0,0,GEAN.KIATLT@GMAIL.COM,,,
54868975000165,NOVO IDEAL SERVICOS DE GESTAO EMPRESARIAL LTDA,11,90226220,,,FELLIPEBARROS@NOVOIDEAL.COM,,,
54898959000115,,11,99881290,,,CI.MAYUME@HOTMAIL.COM,,,
54952175000128,EXATA CONTABILIDADE SP,11,81034219,11,37148969,SAOPAULO@SOLUCAOEXATA.COM,,,
54991025000123,ME CONT ASSESSORIA,11,58932424,0,0,CONTABIL@MECONTASSESSORIA.COM.BR,,,
55121407000169,ASSOMA CONTABILIDADE E CONSULTORIA,11,41072450,,,ASSOMA@ASSOMA.COM.BR,,,
55177886000135,BMKS,11,85614760,0,0,BARBARAMARIA.CCO@GMAIL.COM,,,
55398167000144,KMK CONTABIL,11,99399802,,,MARIA@KMKCONTABIL.COM,,,
55427665000178,M BUCCINI ASSESSORIA CONTABIL,11,93398637,,,MBUCCINI.CONTABIL@GMAIL.COM,,,
55749341000156,BM CONSULTORIA CONTABIL E FISCAL,11,41066630,,,BBMARINHO08@GMAIL.COM,,,
55792001000108,,11,89101234,0,0,CONTAB.AMG@GMAIL.COM,,,
56023025000165,,11,35643422,,,EMORAES1965@YAHOO.COM.BR,,,
56036979000102,MASTERCONT,11,81981787,0,0,MASTERCONTCONSULTORIAEASSESSOR@GMAIL.COM,,,
56184100000170,DE LUCRO,11,54759526,0,0,CONTATO@BPCONTABIL.COM.BR,,,
56284528000194,,11,93962108,11,88889264,CONTATO@MTRESGESTAO.COM.BR,,,
56421114000160,CLASSCONTABIL,11,80151664,0,0,CONTABEIS@FCSCONTABEIS.COM.BR,,,
3413736000260,,11,59084120,,,SOCIETARIO@TOTALAUDITORIA.COM.BR,,,
57005467000141,FLAMA ASSESSORIA CONTABIL,11,69871234,0,0,ANTONIOAPMAIA@HOTMAIL.COM,,,
57142876000190,NUMERARY CONTABILIDADE,11,95777679,11,20156132,JULIANA.BISPO1907@GMAIL.COM,,,
57173322000150,H&H CONTABILIDADE,11,35884900,,,PARALEGAL@GRUPOPLANCON.COM.BR,,,
57260856000113,ESCRITAL TAX,11,51865961,,,LEGAL@ESCRITAL.COM.BR,,,
57306868000131,JP ESCRITORIO DE ADMINISTRACAO FINANCEIRAS,11,30036699,0,0,JUANDEPAULA1999@GMAIL.COM,,,
57385815000153,MAIA BPO E CONSULTORIA,11,72287299,,,CONTATO@MAIABPO.COM.BR,,,
57389427000140,THG ASSESSORIA,11,32312759,,,SOCIETARIO@THGCONSULT.COM.BR,,,
57574627000173,ETHAN CONTULTORIA,11,80267675,0,0,JULIANA.JJSAMPAIO@GMAIL.COM,,,
57816723000180,CONTEC CONTABILIDADE,11,32801712,11,55108157,CONTEC@CONTEC-SA.COM.BR,,,
58024457000116,GLD CONTABIL,11,71434453,0,0,GLDCONTABIL@GMAIL.COM,,,
58105213000168,ENKLA CONTABILIDADE,11,25383681,,,LEGALIZACAO@HEALTHCARECONTABILIDADE.COM.BR,,,
58513981000150,CONTABILIDADE PARA TODOS,11,99146054,0,0,JLACONTABILIDADE@OUTLOOK.COM,,,
53088867000107,CERDAN CONTABIL,11,39627174,,,CONTATO@CERDANCONTABIL.COM,,,
58706834000105,HEALTH CARE IV,11,25383681,,,LEGALIZACAO@HEALTHCAREONTABILIDADE.COM.BR,,,
58709886000127,HEALTH CARE I,11,25383681,,,LEGALIZACAO@HEALTHCAREONTABILIDADE.COM.BR,,,
58916213000148,NEW START CONTABILIDADE,11,38258515,,,ATORRICO@TERRA.COM.BR,,,
59022770000188,,11,73318604,,,CONTATO@CONSTANCYCONTABILIDADE.COM.BR,,,
59068953000134,ZENI CONTABIL,11,22803704,,,ZENI.CONTABIL@UOL.COM.BR,,,
59119885000195,,11,95947271,,,HFIORAVANTECONTABILIDADE@GMAIL.COM,,,
